{"cameraMode":{"drawMode":0,"name":"Shaded","section":"Shading Mode"},"sceneLighting":true,"audioPlay":false,"sceneViewState":{"m_AlwaysRefresh":false,"showFog":true,"showSkybox":true,"showFlares":true,"showImageEffects":true,"showParticleSystems":true,"showVisualEffectGraphs":true,"m_FxEnabled":true},"in2DMode":false,"pivot":{"x":2.316357135772705,"y":-7.187472343444824,"z":25.4379825592041},"rotation":{"x":0.36792272329330447,"y":-0.012557059526443482,"z":0.004968767054378986,"w":0.9297592043876648},"size":9.453697204589844,"orthographic":false}