Using pre-set license
Built from '2022.3/staging' branch; Version is '2022.3.43f1 (85497d293fa1) revision 8735101'; Using compiler version '192829333'; Build Type 'Release'
OS: 'Windows 10  (10.0.19045) 64bit Professional' Language: 'ko' Physical Memory: 16281 MB
BatchMode: 1, IsHumanControllingUs: 0, StartBugReporterOnCrash: 0, Is64bit: 1, IsPro: 1

COMMAND LINE ARGUMENTS:
C:\Program Files\Unity\Hub\Editor\2022.3.43f1\Editor\Unity.exe
-adb2
-batchMode
-noUpm
-name
AssetImportWorker2
-projectPath
C:/Users/admin/Documents/GitHub/ProjectWareHouse
-logFile
Logs/AssetImportWorker2.log
-srvPort
58674
Successfully changed project path to: C:/Users/admin/Documents/GitHub/ProjectWareHouse
C:/Users/admin/Documents/GitHub/ProjectWareHouse
[UnityMemory] Configuration Parameters - Can be set up in boot.config
    "memorysetup-bucket-allocator-granularity=16"
    "memorysetup-bucket-allocator-bucket-count=8"
    "memorysetup-bucket-allocator-block-size=33554432"
    "memorysetup-bucket-allocator-block-count=8"
    "memorysetup-main-allocator-block-size=16777216"
    "memorysetup-thread-allocator-block-size=16777216"
    "memorysetup-gfx-main-allocator-block-size=16777216"
    "memorysetup-gfx-thread-allocator-block-size=16777216"
    "memorysetup-cache-allocator-block-size=4194304"
    "memorysetup-typetree-allocator-block-size=2097152"
    "memorysetup-profiler-bucket-allocator-granularity=16"
    "memorysetup-profiler-bucket-allocator-bucket-count=8"
    "memorysetup-profiler-bucket-allocator-block-size=33554432"
    "memorysetup-profiler-bucket-allocator-block-count=8"
    "memorysetup-profiler-allocator-block-size=16777216"
    "memorysetup-profiler-editor-allocator-block-size=1048576"
    "memorysetup-temp-allocator-size-main=16777216"
    "memorysetup-job-temp-allocator-block-size=2097152"
    "memorysetup-job-temp-allocator-block-size-background=1048576"
    "memorysetup-job-temp-allocator-reduction-small-platforms=262144"
    "memorysetup-allocator-temp-initial-block-size-main=262144"
    "memorysetup-allocator-temp-initial-block-size-worker=262144"
    "memorysetup-temp-allocator-size-background-worker=32768"
    "memorysetup-temp-allocator-size-job-worker=262144"
    "memorysetup-temp-allocator-size-preload-manager=33554432"
    "memorysetup-temp-allocator-size-nav-mesh-worker=65536"
    "memorysetup-temp-allocator-size-audio-worker=65536"
    "memorysetup-temp-allocator-size-cloud-worker=32768"
    "memorysetup-temp-allocator-size-gi-baking-worker=262144"
    "memorysetup-temp-allocator-size-gfx=262144"
Player connection [15996]  Target information:

Player connection [15996]  * "[IP] 192.168.200.74 [Port] 0 [Flags] 2 [Guid] 1301036694 [EditorId] 1301036694 [Version] 1048832 [Id] WindowsEditor(7,D-09) [Debug] 1 [PackageName] WindowsEditor [ProjectName] Editor" 

Player connection [15996] Host joined multi-casting on [225.0.0.222:54997]...
Player connection [15996] Host joined alternative multi-casting on [225.0.0.222:34997]...
[PhysX] Initialized MultithreadedTaskDispatcher with 16 workers.
Refreshing native plugins compatible for Editor in 4.65 ms, found 3 plugins.
Preloading 0 native plugins for Editor in 0.00 ms.
Initialize engine version: 2022.3.43f1 (85497d293fa1)
[Subsystems] Discovering subsystems at path C:/Program Files/Unity/Hub/Editor/2022.3.43f1/Editor/Data/Resources/UnitySubsystems
[Subsystems] Discovering subsystems at path C:/Users/admin/Documents/GitHub/ProjectWareHouse/Assets
GfxDevice: creating device client; threaded=0; jobified=0
Direct3D:
    Version:  Direct3D 11.0 [level 11.1]
    Renderer: NVIDIA GeForce GTX 1660 SUPER (ID=0x21c4)
    Vendor:   NVIDIA
    VRAM:     5980 MB
    Driver:   31.0.15.3179
Initialize mono
Mono path[0] = 'C:/Program Files/Unity/Hub/Editor/2022.3.43f1/Editor/Data/Managed'
Mono path[1] = 'C:/Program Files/Unity/Hub/Editor/2022.3.43f1/Editor/Data/MonoBleedingEdge/lib/mono/unityjit-win32'
Mono config path = 'C:/Program Files/Unity/Hub/Editor/2022.3.43f1/Editor/Data/MonoBleedingEdge/etc'
Using monoOptions --debugger-agent=transport=dt_socket,embedding=1,server=y,suspend=n,address=127.0.0.1:56292
Begin MonoManager ReloadAssembly
Registering precompiled unity dll's ...
Register platform support module: C:/Program Files/Unity/Hub/Editor/2022.3.43f1/Editor/Data/PlaybackEngines/AndroidPlayer/UnityEditor.Android.Extensions.dll
Register platform support module: C:/Program Files/Unity/Hub/Editor/2022.3.43f1/Editor/Data/PlaybackEngines/WindowsStandaloneSupport/UnityEditor.WindowsStandalone.Extensions.dll
Registered in 0.004709 seconds.
- Loaded All Assemblies, in  0.288 seconds
Native extension for WindowsStandalone target not found
Native extension for Android target not found
Multiple ADB server instances found, the following ADB server instance have been terminated due to being run from another SDK. Process paths: 
C:\Program Files\Unity\Hub\Editor\2022.3.4f1\Editor\Data\PlaybackEngines\AndroidPlayer\SDK\platform-tools\adb.exe
UnityEngine.StackTraceUtility:ExtractStackTrace ()
UnityEngine.DebugLogHandler:LogFormat (UnityEngine.LogType,UnityEngine.Object,string,object[])
UnityEngine.Logger:Log (UnityEngine.LogType,object)
UnityEngine.Debug:Log (object)
UnityEditor.Android.AndroidDeploymentTargetsExtension:GetKnownTargets (UnityEditor.DeploymentTargets.IDeploymentTargetsMainThreadContext,UnityEditor.ProgressHandler)
UnityEditor.Android.TargetScanWorker:ScanSync ()
UnityEditor.Android.TargetExtension:OnUsbDevicesChanged (UnityEditor.Hardware.UsbDevice[])
UnityEditor.Android.TargetExtension:OnLoad ()
UnityEditor.Modules.ModuleManager:InitializePlatformSupportModules ()

Android Extension - Scanning For ADB Devices 2183 ms
Mono: successfully reloaded assembly
- Finished resetting the current domain, in  2.427 seconds
Domain Reload Profiling: 2715ms
	BeginReloadAssembly (82ms)
		ExecutionOrderSort (0ms)
		DisableScriptedObjects (0ms)
		BackupInstance (0ms)
		ReleaseScriptingObjects (0ms)
		CreateAndSetChildDomain (1ms)
	RebuildCommonClasses (28ms)
	RebuildNativeTypeToScriptingClass (10ms)
	initialDomainReloadingComplete (44ms)
	LoadAllAssembliesAndSetupDomain (123ms)
		LoadAssemblies (82ms)
		RebuildTransferFunctionScriptingTraits (0ms)
		AnalyzeDomain (121ms)
			TypeCache.Refresh (120ms)
				TypeCache.ScanAssembly (109ms)
			ScanForSourceGeneratedMonoScriptInfo (0ms)
			ResolveRequiredComponents (0ms)
	FinalizeReload (2428ms)
		ReleaseScriptCaches (0ms)
		RebuildScriptCaches (0ms)
		SetupLoadedEditorAssemblies (2388ms)
			LogAssemblyErrors (0ms)
			InitializePlatformSupportModulesInManaged (2246ms)
			SetLoadedEditorAssemblies (3ms)
			RefreshPlugins (0ms)
			BeforeProcessingInitializeOnLoad (2ms)
			ProcessInitializeOnLoadAttributes (99ms)
			ProcessInitializeOnLoadMethodAttributes (38ms)
			AfterProcessingInitializeOnLoad (0ms)
			EditorAssembliesLoaded (0ms)
		ExecutionOrderSort2 (0ms)
		AwakeInstancesAfterBackupRestoration (0ms)
========================================================================
Worker process is ready to serve import requests
Caller must complete domain reload
Begin MonoManager ReloadAssembly
- Loaded All Assemblies, in  0.502 seconds
Native extension for WindowsStandalone target not found
Native extension for Android target not found
Package Manager log level set to [2]
[Package Manager] Server::EnsureServerProcessIsRunning -- launch failed, reason: Unity was launched with the -noUpm command-line argument
[Package Manager] UpmClient::Send -- Unable to send message (not connected to UPM process).
[Package Manager] Cannot connect to Unity Package Manager local server
Mono: successfully reloaded assembly
- Finished resetting the current domain, in  0.491 seconds
Domain Reload Profiling: 993ms
	BeginReloadAssembly (121ms)
		ExecutionOrderSort (0ms)
		DisableScriptedObjects (5ms)
		BackupInstance (0ms)
		ReleaseScriptingObjects (0ms)
		CreateAndSetChildDomain (17ms)
	RebuildCommonClasses (28ms)
	RebuildNativeTypeToScriptingClass (9ms)
	initialDomainReloadingComplete (30ms)
	LoadAllAssembliesAndSetupDomain (313ms)
		LoadAssemblies (213ms)
		RebuildTransferFunctionScriptingTraits (0ms)
		AnalyzeDomain (167ms)
			TypeCache.Refresh (145ms)
				TypeCache.ScanAssembly (130ms)
			ScanForSourceGeneratedMonoScriptInfo (16ms)
			ResolveRequiredComponents (5ms)
	FinalizeReload (492ms)
		ReleaseScriptCaches (0ms)
		RebuildScriptCaches (0ms)
		SetupLoadedEditorAssemblies (366ms)
			LogAssemblyErrors (0ms)
			InitializePlatformSupportModulesInManaged (13ms)
			SetLoadedEditorAssemblies (4ms)
			RefreshPlugins (0ms)
			BeforeProcessingInitializeOnLoad (53ms)
			ProcessInitializeOnLoadAttributes (276ms)
			ProcessInitializeOnLoadMethodAttributes (17ms)
			AfterProcessingInitializeOnLoad (3ms)
			EditorAssembliesLoaded (0ms)
		ExecutionOrderSort2 (0ms)
		AwakeInstancesAfterBackupRestoration (5ms)
Launched and connected shader compiler UnityShaderCompiler.exe after 0.03 seconds
Refreshing native plugins compatible for Editor in 2.34 ms, found 3 plugins.
Preloading 0 native plugins for Editor in 0.00 ms.
Unloading 3599 Unused Serialized files (Serialized files now loaded: 0)
Unloading 20 unused Assets / (104.0 KB). Loaded Objects now: 4073.
Memory consumption went from 142.4 MB to 142.3 MB.
Total: 3.102600 ms (FindLiveObjects: 0.319400 ms CreateObjectMapping: 0.237700 ms MarkObjects: 2.400000 ms  DeleteObjects: 0.144300 ms)

AssetImportParameters requested are different than current active one (requested -> active):
  custom:container-demuxer-ogg: 62fdf1f143b41e24485cea50d1cbac27 -> 
  custom:video-decoder-ogg-theora: a1e56fd34408186e4bbccfd4996cb3dc -> 
  custom:framework-win-MediaFoundation: 216162199b28c13a410421893ffa2e32 -> 
  custom:CustomObjectIndexerAttribute: 9a22284fe3817be447336de3de66b15e -> 
  custom:container-demuxer-webm: 4f35f7cbe854078d1ac9338744f61a02 -> 
  custom:container-muxer-webm: aa71ff27fc2769a1b78a27578f13a17b -> 
  custom:video-decoder-webm-vp8: 9c59270c3fd7afecdb556c50c9e8de78 -> 
  custom:SearchIndexIgnoredProperties: e643bd26f0fe6173181afceb89e7c659 -> 
  custom:AudioImporter_EditorPlatform: d09bf68614088b80899f8185d706f6e7 -> 
  custom:video-encoder-webm-vp8: eb34c28f22e8b96e1ab97ce403110664 -> 
  custom:audio-decoder-ogg-vorbis: bf7c407c2cedff20999df2af8eb42d56 -> 
  custom:audio-encoder-webm-vorbis: bf7c407c2cedff20999df2af8eb42d56 -> 
========================================================================
Received Import Request.
  Time since last request: 20336.699680 seconds.
  path: Assets/Scripts/UI
  artifactKey: Guid(8f9210b7dee2fe4419ff2901ef960715) Importer(815301076,1909f56bfc062723c751e8b465ee728b)
Start importing Assets/Scripts/UI using Guid(8f9210b7dee2fe4419ff2901ef960715) Importer(815301076,1909f56bfc062723c751e8b465ee728b) [PhysX] Initialized MultithreadedTaskDispatcher with 16 workers.
 -> (artifact id: '56c248eec49aae022a4419af9f232a0f') in 0.002117 seconds
Number of updated asset objects reloaded before import = 0
Number of asset objects unloaded after import = 0
========================================================================
Received Import Request.
  Time since last request: 5.871283 seconds.
  path: Assets/Scripts/UI/LoginManager.cs
  artifactKey: Guid(5b15f6daacb3d5147b8b8ae5488ff2a4) Importer(815301076,1909f56bfc062723c751e8b465ee728b)
Start importing Assets/Scripts/UI/LoginManager.cs using Guid(5b15f6daacb3d5147b8b8ae5488ff2a4) Importer(815301076,1909f56bfc062723c751e8b465ee728b) [PhysX] Initialized MultithreadedTaskDispatcher with 16 workers.
 -> (artifact id: '11724fac8a2dd58ed4add912c6bbfb61') in 0.000616 seconds
Number of updated asset objects reloaded before import = 0
Number of asset objects unloaded after import = 0
========================================================================
Received Prepare
Caller must complete domain reload
Begin MonoManager ReloadAssembly
- Loaded All Assemblies, in  0.377 seconds
Native extension for WindowsStandalone target not found
Native extension for Android target not found
[Package Manager] Server::EnsureServerProcessIsRunning -- launch failed, reason: Unity was launched with the -noUpm command-line argument
[Package Manager] UpmClient::Send -- Unable to send message (not connected to UPM process).
[Package Manager] Cannot connect to Unity Package Manager local server
Mono: successfully reloaded assembly
- Finished resetting the current domain, in  0.666 seconds
Domain Reload Profiling: 1043ms
	BeginReloadAssembly (133ms)
		ExecutionOrderSort (0ms)
		DisableScriptedObjects (5ms)
		BackupInstance (0ms)
		ReleaseScriptingObjects (0ms)
		CreateAndSetChildDomain (29ms)
	RebuildCommonClasses (28ms)
	RebuildNativeTypeToScriptingClass (11ms)
	initialDomainReloadingComplete (21ms)
	LoadAllAssembliesAndSetupDomain (183ms)
		LoadAssemblies (231ms)
		RebuildTransferFunctionScriptingTraits (0ms)
		AnalyzeDomain (24ms)
			TypeCache.Refresh (9ms)
				TypeCache.ScanAssembly (1ms)
			ScanForSourceGeneratedMonoScriptInfo (7ms)
			ResolveRequiredComponents (6ms)
	FinalizeReload (667ms)
		ReleaseScriptCaches (0ms)
		RebuildScriptCaches (0ms)
		SetupLoadedEditorAssemblies (347ms)
			LogAssemblyErrors (0ms)
			InitializePlatformSupportModulesInManaged (15ms)
			SetLoadedEditorAssemblies (4ms)
			RefreshPlugins (0ms)
			BeforeProcessingInitializeOnLoad (56ms)
			ProcessInitializeOnLoadAttributes (254ms)
			ProcessInitializeOnLoadMethodAttributes (16ms)
			AfterProcessingInitializeOnLoad (3ms)
			EditorAssembliesLoaded (0ms)
		ExecutionOrderSort2 (0ms)
		AwakeInstancesAfterBackupRestoration (5ms)
Refreshing native plugins compatible for Editor in 1.58 ms, found 3 plugins.
Preloading 0 native plugins for Editor in 0.00 ms.
Unloading 3559 Unused Serialized files (Serialized files now loaded: 0)
Unloading 15 unused Assets / (76.2 KB). Loaded Objects now: 4077.
Memory consumption went from 133.2 MB to 133.1 MB.
Total: 3.990700 ms (FindLiveObjects: 0.290900 ms CreateObjectMapping: 0.282900 ms MarkObjects: 3.313300 ms  DeleteObjects: 0.102300 ms)

Prepare: number of updated asset objects reloaded= 0
AssetImportParameters requested are different than current active one (requested -> active):
  custom:container-demuxer-ogg: 62fdf1f143b41e24485cea50d1cbac27 -> 
  custom:video-decoder-ogg-theora: a1e56fd34408186e4bbccfd4996cb3dc -> 
  custom:framework-win-MediaFoundation: 216162199b28c13a410421893ffa2e32 -> 
  custom:CustomObjectIndexerAttribute: 9a22284fe3817be447336de3de66b15e -> 
  custom:container-demuxer-webm: 4f35f7cbe854078d1ac9338744f61a02 -> 
  custom:container-muxer-webm: aa71ff27fc2769a1b78a27578f13a17b -> 
  custom:video-decoder-webm-vp8: 9c59270c3fd7afecdb556c50c9e8de78 -> 
  custom:SearchIndexIgnoredProperties: e643bd26f0fe6173181afceb89e7c659 -> 
  custom:AudioImporter_EditorPlatform: d09bf68614088b80899f8185d706f6e7 -> 
  custom:video-encoder-webm-vp8: eb34c28f22e8b96e1ab97ce403110664 -> 
  custom:audio-decoder-ogg-vorbis: bf7c407c2cedff20999df2af8eb42d56 -> 
  custom:scripting/monoscript/fileName/LoginManager.cs: 3cc846c0f24614c9b07317b57418305e -> 
  custom:audio-encoder-webm-vorbis: bf7c407c2cedff20999df2af8eb42d56 -> 
  custom:scripting/precompiled-assembly-types:Assembly-CSharp: 2cbfae8b666d71ad3616fa756119a2ed -> 23d2d55aeb5a6b7315fcf0fa9120d6a2
========================================================================
Received Import Request.
  Time since last request: 5.133297 seconds.
  path: Assets/Scripts/UI/LoginManager.cs
  artifactKey: Guid(5b15f6daacb3d5147b8b8ae5488ff2a4) Importer(815301076,1909f56bfc062723c751e8b465ee728b)
Start importing Assets/Scripts/UI/LoginManager.cs using Guid(5b15f6daacb3d5147b8b8ae5488ff2a4) Importer(815301076,1909f56bfc062723c751e8b465ee728b) [PhysX] Initialized MultithreadedTaskDispatcher with 16 workers.
 -> (artifact id: 'c13e8133375b1d9633680f6206dc1693') in 0.002138 seconds
Number of updated asset objects reloaded before import = 0
Number of asset objects unloaded after import = 0
========================================================================
Received Import Request.
  Time since last request: 43.859664 seconds.
  path: Assets/Scripts/UI/LoginManager.cs
  artifactKey: Guid(5b15f6daacb3d5147b8b8ae5488ff2a4) Importer(815301076,1909f56bfc062723c751e8b465ee728b)
Start importing Assets/Scripts/UI/LoginManager.cs using Guid(5b15f6daacb3d5147b8b8ae5488ff2a4) Importer(815301076,1909f56bfc062723c751e8b465ee728b) [PhysX] Initialized MultithreadedTaskDispatcher with 16 workers.
 -> (artifact id: '65b994793b154a0f52636f5eecb0b49f') in 0.000400 seconds
Number of updated asset objects reloaded before import = 0
Number of asset objects unloaded after import = 0
========================================================================
Received Prepare
Caller must complete domain reload
Begin MonoManager ReloadAssembly
- Loaded All Assemblies, in  0.375 seconds
Native extension for WindowsStandalone target not found
Native extension for Android target not found
[Package Manager] Server::EnsureServerProcessIsRunning -- launch failed, reason: Unity was launched with the -noUpm command-line argument
[Package Manager] UpmClient::Send -- Unable to send message (not connected to UPM process).
[Package Manager] Cannot connect to Unity Package Manager local server
Mono: successfully reloaded assembly
- Finished resetting the current domain, in  0.663 seconds
Domain Reload Profiling: 1037ms
	BeginReloadAssembly (135ms)
		ExecutionOrderSort (0ms)
		DisableScriptedObjects (5ms)
		BackupInstance (0ms)
		ReleaseScriptingObjects (0ms)
		CreateAndSetChildDomain (30ms)
	RebuildCommonClasses (32ms)
	RebuildNativeTypeToScriptingClass (10ms)
	initialDomainReloadingComplete (22ms)
	LoadAllAssembliesAndSetupDomain (175ms)
		LoadAssemblies (223ms)
		RebuildTransferFunctionScriptingTraits (0ms)
		AnalyzeDomain (23ms)
			TypeCache.Refresh (9ms)
				TypeCache.ScanAssembly (1ms)
			ScanForSourceGeneratedMonoScriptInfo (7ms)
			ResolveRequiredComponents (6ms)
	FinalizeReload (664ms)
		ReleaseScriptCaches (0ms)
		RebuildScriptCaches (0ms)
		SetupLoadedEditorAssemblies (338ms)
			LogAssemblyErrors (0ms)
			InitializePlatformSupportModulesInManaged (14ms)
			SetLoadedEditorAssemblies (4ms)
			RefreshPlugins (0ms)
			BeforeProcessingInitializeOnLoad (52ms)
			ProcessInitializeOnLoadAttributes (249ms)
			ProcessInitializeOnLoadMethodAttributes (16ms)
			AfterProcessingInitializeOnLoad (3ms)
			EditorAssembliesLoaded (0ms)
		ExecutionOrderSort2 (0ms)
		AwakeInstancesAfterBackupRestoration (5ms)
Refreshing native plugins compatible for Editor in 2.17 ms, found 3 plugins.
Preloading 0 native plugins for Editor in 0.00 ms.
Unloading 3559 Unused Serialized files (Serialized files now loaded: 0)
Unloading 15 unused Assets / (92.3 KB). Loaded Objects now: 4080.
Memory consumption went from 133.2 MB to 133.1 MB.
Total: 4.572200 ms (FindLiveObjects: 0.342600 ms CreateObjectMapping: 0.361900 ms MarkObjects: 3.740000 ms  DeleteObjects: 0.126700 ms)

Prepare: number of updated asset objects reloaded= 0
AssetImportParameters requested are different than current active one (requested -> active):
  custom:container-demuxer-ogg: 62fdf1f143b41e24485cea50d1cbac27 -> 
  custom:video-decoder-ogg-theora: a1e56fd34408186e4bbccfd4996cb3dc -> 
  custom:framework-win-MediaFoundation: 216162199b28c13a410421893ffa2e32 -> 
  custom:CustomObjectIndexerAttribute: 9a22284fe3817be447336de3de66b15e -> 
  custom:container-demuxer-webm: 4f35f7cbe854078d1ac9338744f61a02 -> 
  custom:container-muxer-webm: aa71ff27fc2769a1b78a27578f13a17b -> 
  custom:video-decoder-webm-vp8: 9c59270c3fd7afecdb556c50c9e8de78 -> 
  custom:SearchIndexIgnoredProperties: e643bd26f0fe6173181afceb89e7c659 -> 
  custom:AudioImporter_EditorPlatform: d09bf68614088b80899f8185d706f6e7 -> 
  custom:video-encoder-webm-vp8: eb34c28f22e8b96e1ab97ce403110664 -> 
  custom:audio-decoder-ogg-vorbis: bf7c407c2cedff20999df2af8eb42d56 -> 
  custom:scripting/monoscript/fileName/LoginManager.cs: 3cc846c0f24614c9b07317b57418305e -> 
  custom:audio-encoder-webm-vorbis: bf7c407c2cedff20999df2af8eb42d56 -> 
  custom:scripting/precompiled-assembly-types:Assembly-CSharp: 2cbfae8b666d71ad3616fa756119a2ed -> 23d2d55aeb5a6b7315fcf0fa9120d6a2
========================================================================
Received Prepare
Caller must complete domain reload
Begin MonoManager ReloadAssembly
- Loaded All Assemblies, in  0.352 seconds
Native extension for WindowsStandalone target not found
Native extension for Android target not found
[Package Manager] Server::EnsureServerProcessIsRunning -- launch failed, reason: Unity was launched with the -noUpm command-line argument
[Package Manager] UpmClient::Send -- Unable to send message (not connected to UPM process).
[Package Manager] Cannot connect to Unity Package Manager local server
Mono: successfully reloaded assembly
- Finished resetting the current domain, in  0.660 seconds
Domain Reload Profiling: 1011ms
	BeginReloadAssembly (131ms)
		ExecutionOrderSort (0ms)
		DisableScriptedObjects (5ms)
		BackupInstance (0ms)
		ReleaseScriptingObjects (0ms)
		CreateAndSetChildDomain (27ms)
	RebuildCommonClasses (34ms)
	RebuildNativeTypeToScriptingClass (10ms)
	initialDomainReloadingComplete (21ms)
	LoadAllAssembliesAndSetupDomain (154ms)
		LoadAssemblies (212ms)
		RebuildTransferFunctionScriptingTraits (0ms)
		AnalyzeDomain (16ms)
			TypeCache.Refresh (8ms)
				TypeCache.ScanAssembly (0ms)
			ScanForSourceGeneratedMonoScriptInfo (0ms)
			ResolveRequiredComponents (6ms)
	FinalizeReload (660ms)
		ReleaseScriptCaches (0ms)
		RebuildScriptCaches (0ms)
		SetupLoadedEditorAssemblies (345ms)
			LogAssemblyErrors (0ms)
			InitializePlatformSupportModulesInManaged (13ms)
			SetLoadedEditorAssemblies (4ms)
			RefreshPlugins (0ms)
			BeforeProcessingInitializeOnLoad (53ms)
			ProcessInitializeOnLoadAttributes (253ms)
			ProcessInitializeOnLoadMethodAttributes (19ms)
			AfterProcessingInitializeOnLoad (3ms)
			EditorAssembliesLoaded (0ms)
		ExecutionOrderSort2 (0ms)
		AwakeInstancesAfterBackupRestoration (5ms)
Refreshing native plugins compatible for Editor in 1.96 ms, found 3 plugins.
Preloading 0 native plugins for Editor in 0.00 ms.
Unloading 3560 Unused Serialized files (Serialized files now loaded: 0)
Unloading 15 unused Assets / (76.2 KB). Loaded Objects now: 4083.
Memory consumption went from 133.4 MB to 133.3 MB.
Total: 4.550700 ms (FindLiveObjects: 0.541300 ms CreateObjectMapping: 0.360700 ms MarkObjects: 3.529600 ms  DeleteObjects: 0.117800 ms)

Prepare: number of updated asset objects reloaded= 0
AssetImportParameters requested are different than current active one (requested -> active):
  custom:container-demuxer-ogg: 62fdf1f143b41e24485cea50d1cbac27 -> 
  custom:video-decoder-ogg-theora: a1e56fd34408186e4bbccfd4996cb3dc -> 
  custom:framework-win-MediaFoundation: 216162199b28c13a410421893ffa2e32 -> 
  custom:CustomObjectIndexerAttribute: 9a22284fe3817be447336de3de66b15e -> 
  custom:container-demuxer-webm: 4f35f7cbe854078d1ac9338744f61a02 -> 
  custom:container-muxer-webm: aa71ff27fc2769a1b78a27578f13a17b -> 
  custom:video-decoder-webm-vp8: 9c59270c3fd7afecdb556c50c9e8de78 -> 
  custom:SearchIndexIgnoredProperties: e643bd26f0fe6173181afceb89e7c659 -> 
  custom:AudioImporter_EditorPlatform: d09bf68614088b80899f8185d706f6e7 -> 
  custom:video-encoder-webm-vp8: eb34c28f22e8b96e1ab97ce403110664 -> 
  custom:audio-decoder-ogg-vorbis: bf7c407c2cedff20999df2af8eb42d56 -> 
  custom:scripting/monoscript/fileName/LoginManager.cs: 3cc846c0f24614c9b07317b57418305e -> 
  custom:audio-encoder-webm-vorbis: bf7c407c2cedff20999df2af8eb42d56 -> 
  custom:scripting/precompiled-assembly-types:Assembly-CSharp: 2cbfae8b666d71ad3616fa756119a2ed -> 23d2d55aeb5a6b7315fcf0fa9120d6a2
========================================================================
Received Import Request.
  Time since last request: 229.537925 seconds.
  path: Assets/TextMesh Pro/Examples & Extras/Resources/Fonts & Materials/Anton SDF.asset
  artifactKey: Guid(8a89fa14b10d46a99122fd4f73fca9a2) Importer(815301076,1909f56bfc062723c751e8b465ee728b)
Start importing Assets/TextMesh Pro/Examples & Extras/Resources/Fonts & Materials/Anton SDF.asset using Guid(8a89fa14b10d46a99122fd4f73fca9a2) Importer(815301076,1909f56bfc062723c751e8b465ee728b) [PhysX] Initialized MultithreadedTaskDispatcher with 16 workers.
[PhysX] Initialized MultithreadedTaskDispatcher with 16 workers.
[PhysX] Initialized MultithreadedTaskDispatcher with 16 workers.
 -> (artifact id: '7c8b711cc15c49ad6eb35d59e2d8f437') in 0.096642 seconds
Number of updated asset objects reloaded before import = 0
Number of asset objects unloaded after import = 6
========================================================================
Received Prepare
Caller must complete domain reload
Begin MonoManager ReloadAssembly
Symbol file LoadedFromMemory is not a mono symbol file
- Loaded All Assemblies, in  0.554 seconds
Native extension for WindowsStandalone target not found
Native extension for Android target not found
[Package Manager] Server::EnsureServerProcessIsRunning -- launch failed, reason: Unity was launched with the -noUpm command-line argument
[Package Manager] UpmClient::Send -- Unable to send message (not connected to UPM process).
[Package Manager] Cannot connect to Unity Package Manager local server
Mono: successfully reloaded assembly
- Finished resetting the current domain, in  0.677 seconds
Domain Reload Profiling: 1231ms
	BeginReloadAssembly (140ms)
		ExecutionOrderSort (0ms)
		DisableScriptedObjects (4ms)
		BackupInstance (0ms)
		ReleaseScriptingObjects (0ms)
		CreateAndSetChildDomain (26ms)
	RebuildCommonClasses (33ms)
	RebuildNativeTypeToScriptingClass (14ms)
	initialDomainReloadingComplete (27ms)
	LoadAllAssembliesAndSetupDomain (339ms)
		LoadAssemblies (298ms)
		RebuildTransferFunctionScriptingTraits (0ms)
		AnalyzeDomain (124ms)
			TypeCache.Refresh (97ms)
				TypeCache.ScanAssembly (83ms)
			ScanForSourceGeneratedMonoScriptInfo (19ms)
			ResolveRequiredComponents (6ms)
	FinalizeReload (678ms)
		ReleaseScriptCaches (0ms)
		RebuildScriptCaches (0ms)
		SetupLoadedEditorAssemblies (375ms)
			LogAssemblyErrors (0ms)
			InitializePlatformSupportModulesInManaged (14ms)
			SetLoadedEditorAssemblies (4ms)
			RefreshPlugins (0ms)
			BeforeProcessingInitializeOnLoad (64ms)
			ProcessInitializeOnLoadAttributes (271ms)
			ProcessInitializeOnLoadMethodAttributes (19ms)
			AfterProcessingInitializeOnLoad (3ms)
			EditorAssembliesLoaded (0ms)
		ExecutionOrderSort2 (0ms)
		AwakeInstancesAfterBackupRestoration (5ms)
Refreshing native plugins compatible for Editor in 2.56 ms, found 3 plugins.
Preloading 0 native plugins for Editor in 0.00 ms.
Unloading 4595 Unused Serialized files (Serialized files now loaded: 0)
Unloading 17 unused Assets / (77.2 KB). Loaded Objects now: 5164.
Memory consumption went from 158.9 MB to 158.8 MB.
Total: 4.648600 ms (FindLiveObjects: 0.446400 ms CreateObjectMapping: 0.418500 ms MarkObjects: 3.660500 ms  DeleteObjects: 0.121800 ms)

Prepare: number of updated asset objects reloaded= 0
AssetImportParameters requested are different than current active one (requested -> active):
  custom:scripting/precompiled-assembly-types:Unity.Localization.ThirdParty.Editor: 95178e8eadb293f4da50091893cf9d53 -> 
  custom:scripting/monoscript/fileName/LocalizationTableCollection.cs: 98c1a81c0da9a806061ff76bc326edf8 -> 
  custom:scripting/monoscript/fileName/MetadataCollectionField.cs: 21647fd6b98515ca69f67552fdd88ac5 -> 
  custom:scripting/monoscript/fileName/BuildParameters.cs: bd85c8a149ef959801dc7583c240bf8c -> 
  custom:scripting/monoscript/fileName/LocalizedReferencePicker.cs: 90647cc400823b41df847a6cbfc29026 -> 
  custom:scripting/monoscript/fileName/IStringProperty.cs: c1dbe0a52f0eca30efeca8212f01fdc1 -> 
  custom:scripting/monoscript/fileName/DetailsContentView.cs: d3794fb1987b771396a4634823d3c0bf -> 
  custom:scripting/monoscript/fileName/TMP_SDFShaderGUI.cs: 082588c068c6e819b94cdf417f8b7551 -> 1460619486eb6e8da302e26af5538aaa
  custom:scripting/monoscript/fileName/TMP_FontFeatureTable.cs: 5ff9812058e8c02a5b04eaa88778f2a5 -> cbd25d300d7ed4d969d60cb9f98f2826
  custom:scripting/monoscript/fileName/IBuildTasks.cs: ad73a7c5af5769af35e7121ce421c767 -> 
  custom:scripting/monoscript/fileName/LocalizationSettingsProvider.cs: 4100af71ab9514db903673a16d9f805a -> 
  custom:scripting/precompiled-assembly-types:Unity.ScriptableBuildPipeline: d3013a7ac4c7a8a2426d0dffcf800074 -> 
  custom:scripting/monoscript/fileName/SpecificLocaleSelector.cs: 41b692ef6051f446e3353d7b0d80cb48 -> 
  custom:scripting/monoscript/fileName/LoadMultiple.cs: 51f26c3f5b843468611ef6957e3eca96 -> 
  custom:scripting/monoscript/fileName/LocalizedTable.cs: 90647cc400823b41df847a6cbfc29026 -> 
  custom:scripting/monoscript/fileName/GameObjectLocalizer.cs: f176a5382365adf8f19966d474a6d825 -> 
  custom:scripting/monoscript/fileName/TMP_SubMeshUI.cs: 7a6337f74438df5e26b302bbbbc41105 -> 748262c65738bc5e1c553ae7a37a0c73
  custom:scripting/monoscript/fileName/XElementFormatter.cs: 8da73b8ab955a7a2083c303c1a926622 -> 
  custom:scripting/monoscript/fileName/ScriptAttributeUtilityBridge.cs: 2441d9a702e8216bc758cab94d83fd63 -> 
  custom:scripting/monoscript/fileName/TrackerExtensions.cs: 05c6facd03e82ea85ea8497944d142b2 -> 
  custom:scripting/monoscript/fileName/AssetTable.cs: 0358823f39cbde23bf110b2bb1fdb045 -> 
  custom:scripting/monoscript/fileName/TMPro_ContextMenus.cs: fbbbcbf9b4eb950e9aeda2d70529152c -> 06b3d4b27f337b8d846ca7117f3251e1
  custom:scripting/monoscript/fileName/xliff 1.2.cs: 556d06d32eea7cf5e8adf5234f523613 -> 
  custom:scripting/monoscript/fileName/LoadWithReference.cs: 5a4adba74d613807ccdb5ec95fc3cb23 -> 
  custom:scripting/monoscript/fileName/ComponentSingleton.cs: 90647cc400823b41df847a6cbfc29026 -> 
  custom:scripting/monoscript/fileName/PushColumnSheetRequest.cs: 265a0352dff87e03f715ae8a1254a7bb -> 
  custom:scripting/monoscript/fileName/SerializedTableReference.cs: 432db83938aea6150fd1c0c03988ce32 -> 
  custom:scripting/monoscript/fileName/FormattingErrorEventArgs.cs: 796b4de20705617cf344ca5f5f519618 -> 
  custom:scripting/monoscript/fileName/LocalizationTableEditor.cs: 7d7dd443d8c072897e90e6bd2e22b87a -> 
  custom:scripting/monoscript/fileName/TrackedUGUI.cs: 91860e34c594cdf0fbf0e16396d1e1bd -> 
  custom:scripting/monoscript/fileName/SceneDataWriteOperation.cs: 62fc06a44a6276d74f5ce5527ac1c0e7 -> 
  custom:scripting/monoscript/fileName/SmartFormatterPropertyField.cs: f49e24391d2318c08a36b9e68716e73b -> 
  custom:scripting/precompiled-assembly-types:Unity.InternalAPIEngineBridge.013: 48d4a748d9763243627307338e914c63 -> 
  custom:scripting/monoscript/fileName/TMPro_FontAssetCreatorWindow.cs: 9d68c1aab1c646cdf3e70083dc01df96 -> 0d0900483ed9b57d4ccc2ff58d1220b3
  custom:scripting/monoscript/fileName/TMP_EditorResourceManager.cs: 30391129c5b96f298e44c099ae0fab57 -> f56b80268a934198a76acc6f4cef503c
  custom:scripting/monoscript/fileName/EventListView.cs: 5096d1d7ed3c53b8f6583067a96b51ec -> 
  custom:scripting/monoscript/fileName/LocalizedAssetField.cs: cde74ba4693604c8e9f7f60a71c6013b -> 
  custom:scripting/monoscript/fileName/LoadReference.cs: 6a8c0a33eaaab0feb69cb4c6f21cdcaf -> 
  custom:scripting/monoscript/fileName/EventDataSample.cs: 3bc0f0708fb0d7ca628cca69e28808f6 -> 
  custom:scripting/monoscript/fileName/AddressableEditorInitialization.cs: e51e3839e2335bed77f54ab13e70dcc8 -> 
  custom:scripting/monoscript/fileName/MetadataAttribute.cs: 5a2c78a299b51d94e6b82bafff4f12e3 -> 
  custom:scripting/monoscript/fileName/BuildCache.cs: ed18a1a079f7380eac8245801a570733 -> 
  custom:scripting/monoscript/fileName/StringTable.cs: 4333f0d84e7de58e6fcc4fe9af0384d8 -> 
  custom:scripting/monoscript/fileName/TMP_InputFieldEditor.cs: 8f2095c37e5fd5ed563d60163f0c2e52 -> a6f05406e9cdb59679382b884c14216a
  custom:container-demuxer-ogg: 62fdf1f143b41e24485cea50d1cbac27 -> 
  custom:scripting/monoscript/fileName/InstanceProvider.cs: b8c751909210118e68c21f4366820c78 -> 
  custom:scripting/monoscript/fileName/LocalizationGroupOperation.cs: dcd21fc014cc4daec8fc626705d0d892 -> 
  custom:scripting/monoscript/fileName/LabelsContentView.cs: fec8a868a65de532b305bc5e095a661d -> 
  custom:scripting/monoscript/fileName/UsingLoadAssets.cs: ed5b3140affcc5a43fad4e18100a6145 -> 
  custom:scripting/monoscript/fileName/LegacyResourcesProvider.cs: 69bf867aeeb07c6645f96a3160f7b721 -> 
  custom:scripting/monoscript/fileName/PostWritingCallback.cs: 554018e4e98d586ae4dba2461cc09229 -> 
  custom:scripting/monoscript/fileName/SpookyHash.cs: ced234d9ef31626b6b07f6aab873119b -> 
  custom:scripting/monoscript/fileName/GenericAssetTableListViewColumns.cs: a0db5d318d5cee7f150f5d9521c2231e -> 
  custom:scripting/monoscript/fileName/LocalizeSpriteEvent.cs: 40a7808d35565a3882b2c1f0b5c5b118 -> 
  custom:scripting/monoscript/fileName/PreviewSceneDependencyData.cs: 0aa0e9fad79dc24aadab25b9d7a9b9a5 -> 
  custom:scripting/monoscript/fileName/CommonInterfaces.cs: c486f377c18bdfbdf396abd887a3b2ca -> 
  custom:scripting/monoscript/fileName/TMP_TextParsingUtilities.cs: 47331f425db7fa5c443a11c866530503 -> 8b3fe20641ae0dd97405135955c706a3
  custom:scripting/monoscript/fileName/AssetsContentView.cs: 6db402595431771fa25a0b8b68e9d9cb -> 
  custom:scripting/monoscript/fileName/SheetsServiceProviderEditor.cs: 1d02c0a315b859ac0771f65dea962152 -> 
  custom:scripting/monoscript/fileName/GoogleSheetsExtensionPropertyDrawer.cs: 3e704acec7f0a80b3d67629fff3bd3fd -> 
  custom:scripting/monoscript/fileName/LocalizationDeviceSimulatorPlugin.cs: ab6d2093fcb07bd57a1c2da1c0c3fc5a -> 
  custom:scripting/monoscript/fileName/AddressablesDataBuilderInput.cs: d0ceeca55ba9548a4e3f43d6790d194d -> 
  custom:scripting/monoscript/fileName/AddressableAssetEntry.cs: f469a40e3b92f4355e377d68de617fd6 -> 
  custom:scripting/monoscript/fileName/TableReference.cs: 2dd42d05f0d2e635ca3f909793cb02cb -> 
  custom:scripting/monoscript/fileName/XmlSource.cs: d59b707c60c8046fa998db0c168b7aa5 -> 
  custom:scripting/monoscript/fileName/BuildReportHelperConsumer.cs: 71faeae2d4769b479de182795aa67c48 -> 
  custom:scripting/monoscript/fileName/CacheInitializationSettings.cs: 842dffb763efae26f756885fe6b5ad3a -> 
  custom:scripting/monoscript/fileName/BuildLayoutHelpers.cs: a5f73d550385ddf73dd17b6147ee5b92 -> 
  custom:scripting/monoscript/fileName/LocalizedReferencePropertyDrawer.cs: 849ed7f5b11c9db237ef61b01c5a5104 -> 
  custom:scripting/monoscript/fileName/DiagnosticEventCollector.cs: 90b5791cc9b46fcf5a10ac5fc4c9840e -> 
  custom:scripting/monoscript/fileName/ValueTupleSource.cs: 7f729476d2dc073b56e33d5ec7cf1ede -> 
  custom:scripting/monoscript/fileName/SharedTableDataEditor.cs: 328172cd974aa194d94a74274ee35036 -> 
  custom:scripting/monoscript/fileName/TMP_EditorCoroutine.cs: 01d80099920d11c11bfa87417e26164b -> 04cbf5ce6e541d98265aa7668ef82832
  custom:scripting/monoscript/fileName/ProjectCollectionsTableSelector.cs: fd165369291b728f5c65750be37acfb0 -> 
  custom:scripting/monoscript/fileName/GenerateSubAssetPathMaps.cs: c7987fa236ddbc39e6da8bcfe285d7c7 -> 
  custom:scripting/monoscript/fileName/Mirror.cs: acdb3d44dedabebf1a734d238b596a72 -> 
  custom:scripting/monoscript/fileName/WebRequestOverride.cs: dc0a13b544bd5557167b8c8e1da36cb4 -> 
  custom:scripting/monoscript/fileName/StringTableListView.cs: 3e3978d7b058ebd959c049128da9f630 -> 
  custom:scripting/monoscript/fileName/KeyIdColumns.cs: 620c2d12d967c77b8de24f0716e27b61 -> 
  custom:scripting/monoscript/fileName/TMP_StyleSheetEditor.cs: b6503d890746d6150e0f267f43ce60e4 -> 38b210a450ac855df2d81ab0242c2feb
  custom:scripting/monoscript/fileName/TrackedMonoBehaviourObject.cs: 7aafd8351098f09af483004c5238929a -> 
  custom:scripting/monoscript/fileName/SheetsServiceProvider.cs: 6f5eb9aaa6b2f2b831b7e16042a44d02 -> 
  custom:scripting/monoscript/fileName/LocaleColumn.cs: da51985e6be15e19f64780a93f0e8bc3 -> 
  custom:scripting/monoscript/fileName/ISharedMetadata.cs: 6643250a143a3d0bcb778f4f165310d7 -> 
  custom:scripting/monoscript/fileName/BuildLayoutSummary.cs: 2e9b8e01c1c8d08be7289069e134160c -> 
  custom:scripting/monoscript/fileName/LocalizeComponent.cs: d58e3f743a6e4d9f306120ce43a7cdc8 -> 
  custom:scripting/monoscript/fileName/VersionedCallbackAttribute.cs: 792d43fefe55909e52271f20ce4bd5db -> 
  custom:scripting/monoscript/fileName/AddressableAssetEntryCollection.cs: d91f7661023fb4fe0b8be2bcc642540f -> 
  custom:scripting/monoscript/fileName/AddressableIconNames.cs: d618c5158b8ddbdef90ea4ee1fbe8a9b -> 
  custom:scripting/monoscript/fileName/AnalyzeRuleBase.cs: 579fe86da2565d18b84489bd10b96592 -> 
  custom:scripting/monoscript/fileName/LocalizeAudioClipEvent.cs: 6f5b511eab8536db74662876b55672fd -> 
  custom:scripting/monoscript/fileName/BuildLog.cs: f381a35baf9bd9880d2d4023ad70717e -> 
  custom:scripting/monoscript/fileName/LabelWindow.cs: a61eaab11f136631f21b256017d41b70 -> 
  custom:scripting/monoscript/fileName/AsyncOperationBase.cs: 7219b8f403b1b38f72b48ab547d013f3 -> 
  custom:scripting/monoscript/fileName/AddressableAssetSettingsInspector.cs: cf28a396c15efef0f35f2a8f2b3918e1 -> 
  custom:scripting/monoscript/fileName/ManagedReferenceUtility.cs: 598121e31c06f90cdc395a00cebfad87 -> 
  custom:scripting/monoscript/fileName/BuiltinSceneCache.cs: df9abd90abb709166038c36e804be1f2 -> 
  custom:scripting/monoscript/fileName/CleanBundleCacheOperation.cs: 685a421cddf931120074dfa7f00eee19 -> 
  custom:scripting/monoscript/fileName/ContentFileIdentifiers.cs: 7655f22dc8e01297e0fa51cc343ac6c9 -> 
  custom:scripting/monoscript/fileName/ContextualPropertyMenu.cs: 610c65a55c71e73faaaea551c67580d3 -> 
  custom:scripting/monoscript/fileName/TMPro_Private.cs: 8f6297df34271fdb1ce2d9607ec6261d -> 90647cc400823b41df847a6cbfc29026
  custom:scripting/monoscript/fileName/TMP_MeshInfo.cs: 375ed9fada55d6bf39f9352ef1dd520b -> 89833651f7d905e51b340ec2afe531d1
  custom:scripting/monoscript/fileName/BundleExplictObjectLayout.cs: 7ebaaae109881757a2cd1a5aaeb77811 -> 
  custom:scripting/monoscript/fileName/TMP_SpriteCharacter.cs: fe232bb280dddc880a01918d3502c13a -> 81dc73ff0878d6528202f8be44877b26
  custom:scripting/monoscript/fileName/TrackedMeshFilter.cs: fb5daaf3d8b8a7728930b8103cd57f15 -> 
  custom:scripting/monoscript/fileName/AddressableGroupRules.cs: e180fc35b3afe38578b0073816e56c13 -> 
  custom:scripting/monoscript/fileName/TMP_ShaderUtilities.cs: 75ec062faab558cb3190dcd3e4820547 -> 84a261643983e306d02445da38ed662f
  custom:scripting/monoscript/fileName/IDependencyData.cs: 35a83d3a80674af5f8ca402d71bd60d0 -> 
  custom:scripting/monoscript/fileName/AssetTableListView.cs: 1ec8688249f1522ea67d7e5c74809df1 -> 
  custom:scripting/monoscript/fileName/AddressablesImpl.cs: be57218b2f6d69fa0616271ca49477c1 -> 
  custom:scripting/monoscript/fileName/LocalizedAssetBehaviour.cs: 0cdf409b5aa8d4c25876d72b5c6a3b60 -> 
  custom:scripting/monoscript/fileName/AddressableScenesManager.cs: 748e55e05bbd1a8cb78604e8cbfdcf27 -> 
  custom:scripting/monoscript/fileName/InitializationObjectsOperation.cs: 9973862fa2e4f63b15f0c93d284666bc -> 
  custom:scripting/precompiled-assembly-types:Unity.Addressables.Editor.Tests.DocExampleCode: ccd82e07692b5339e0b2c7b0b09e74e4 -> 
  custom:scripting/monoscript/fileName/EventDataStream.cs: 8c5fd7099df0bbb089a6c08a72e5b2af -> 
  custom:scripting/monoscript/fileName/AddressableGroupRulesEditor.cs: 50146c216772d5faaaedc352af941b78 -> 
  custom:scripting/monoscript/fileName/IPreloadRequired.cs: e5fdf63d2d57f09a82336b92c1c5c751 -> 
  custom:scripting/monoscript/fileName/MultiColumnHeaderBridge.cs: c7504aabe2384033dd82e83d6140f97d -> 
  custom:scripting/monoscript/fileName/UsingInitialize.cs: 5f75f8ba7c7367ac4f23e07737c9cdd1 -> 
  custom:scripting/monoscript/fileName/ResourceManager.cs: 963cf602385bdad8abe64cead0fb82cd -> 
  custom:scripting/monoscript/fileName/BuildResults.cs: ea29098741349f66a5c13be22430b91a -> 
  custom:scripting/monoscript/fileName/UsingResolveInternalId.cs: e91840107bf68677f58d30b8f1994946 -> 
  custom:video-decoder-ogg-theora: a1e56fd34408186e4bbccfd4996cb3dc -> 
  custom:scripting/monoscript/fileName/TMP_UpdateManager.cs: 2b12c9b6d4082e0390a306eceed60fc6 -> fa7e71df671c5b3088b39753e4bbc70d
  custom:scripting/monoscript/fileName/TrackedTransform.cs: 50bf72421f59fa474bf723b86b240c40 -> 
  custom:scripting/monoscript/fileName/LocalizedAssetTable.cs: b8ec72bbb40e8028edc65b2aa07ebd72 -> 
  custom:scripting/monoscript/fileName/CharacterSetMenuItems.cs: 783745eb83bfb28b1bde921025d1c7e5 -> 
  custom:scripting/monoscript/fileName/TMP_EditorUtility.cs: f68b71b7543cddf9e4cdf261d5f519e5 -> b242106620cbbc38f0411146a086b885
  custom:scripting/monoscript/fileName/TMP_SpriteGlyphPropertyDrawer.cs: 4a6f1515709a40d92e24c84ec92fc53a -> 1447c7afab82cf56bc359d5c7fba114e
  custom:scripting/monoscript/fileName/MenuItems.cs: 7512a4707007649fd24eaa879fa25ada -> 36e8964894b4a740a9cbe85327eddbf8
  custom:scripting/monoscript/fileName/AddressablesDataBuilders.cs: 69454d3f41e6a4eaa6af47f23b30c8aa -> 
  custom:scripting/monoscript/fileName/WebRequestQueue.cs: 0bd7118a4a8a55d3a5dc2e3002437989 -> 
  custom:scripting/monoscript/fileName/TMP_SpriteAssetMenu.cs: a42d2dc20ed9558b36972dc6e6d71655 -> 05ea7b84320d1b77a6d1ae49c41ee9cc
  custom:scripting/monoscript/fileName/LoadScene.cs: 5f1fcf9adcc987c56d2e1526bf8546f6 -> 
  custom:scripting/monoscript/fileName/OrgData.cs: 4824c3cc00ed531062f3c2de1ed5d4c3 -> 
  custom:scripting/monoscript/fileName/LocalizedStringDatabase.cs: f6106e910dabfc0fcbc6b29176c2e343 -> 
  custom:scripting/monoscript/fileName/IsMatchFormatter.cs: 8d447004f45ff1de76de928a89dc78bc -> 
  custom:scripting/monoscript/fileName/TrackedObjectFactory.cs: 4e7dad19c0d006c8f166ada127deb619 -> 
  custom:scripting/monoscript/fileName/HashStream.cs: 79ad716994d62b2c0cafd2bf9cc6c712 -> 
  custom:scripting/monoscript/fileName/ResourceLocationData.cs: 3a2f1e257930132c4a3021b9015d202c -> 
  custom:scripting/monoscript/fileName/TMP_ColorGradient.cs: 3baf9c6d3c50fc594e68e0c756eb8779 -> 8d91c7c4749088eca69648d37a965bf8
  custom:scripting/monoscript/fileName/TMP_PreBuildProcessor.cs: d965cd4513e689cb01c0481012a89dee -> 790c12dcd4980aa978fd28fb6f89fb37
  custom:scripting/monoscript/fileName/BundledAssetGroupSchema.cs: bcb47eaa49cf63629f7b71bf29d08a18 -> 
  custom:scripting/monoscript/fileName/GraphLayerBackground.cs: bfb8c96c78a31d797ff129ad65a43b2c -> 
  custom:scripting/monoscript/fileName/IFormatterLiteralExtractor.cs: c7b177b295c5839f6f032f6fe79745d4 -> 
  custom:scripting/monoscript/fileName/HttpHostingService.cs: 6f60c8eb1b51ad3699dfa367eefd8baa -> 
  custom:scripting/monoscript/fileName/UsingInitializeAsync.cs: 08a89191ec7bc2462a7f2bca91e91546 -> 
  custom:scripting/monoscript/fileName/UsingLoadScene.cs: 4aac6ffdfbecf6cbb38e5b8a52837723 -> 
  custom:scripting/monoscript/fileName/LocalizedStringTable.cs: 5020daa86966c4938256347e73439f7d -> 
  custom:scripting/monoscript/fileName/FormatCache.cs: 73f492423593447b189ec3f09ec1d1f1 -> 
  custom:scripting/monoscript/fileName/TMP_SerializedPropertyHolder.cs: 9860586610cb3d91ae7f4ce33ab22d0b -> 99e5dbc1fa1abe750acc8166e4243be8
  custom:scripting/monoscript/fileName/AddHashToBundleNameTask.cs: ffec87a59eb17f0bbea1f4556204c4f2 -> 
  custom:scripting/monoscript/fileName/DelegateList.cs: 90647cc400823b41df847a6cbfc29026 -> 
  custom:scripting/monoscript/fileName/BuildContext.cs: 34a222ebebd3606fff156033d4c23266 -> 
  custom:scripting/monoscript/fileName/LocalizedString.cs: f2d1b488f0666bbf2e335b6af3d3d530 -> 
  custom:scripting/monoscript/fileName/DefaultBuildTasks.cs: b93cbe91f00034105b24705dc67fc837 -> 
  custom:scripting/monoscript/fileName/TMP_SpriteCharacterPropertyDrawer.cs: 63186d320ccdf4dfa06fbce4e897d3f3 -> 14565b4e4f9266584dc3194fd967d252
  custom:scripting/monoscript/fileName/IMetadata.cs: c1ff4e10770094d48a4081e88ac055f8 -> 
  custom:scripting/monoscript/fileName/TableEntryTreeView.cs: 32cd87b3a3f2fa537e014d38fc7df08c -> 
  custom:scripting/monoscript/fileName/AddressableAssetGroupTemplateInspector.cs: bc145acbf2b0f8f4239d5d21e87802ed -> 
  custom:framework-win-MediaFoundation: 216162199b28c13a410421893ffa2e32 -> 
  custom:scripting/monoscript/fileName/DelayedActionManager.cs: b215f0cc28e5b39d62597ab173ced320 -> 
  custom:scripting/monoscript/fileName/LocalizationPreferencesProvider.cs: 8b051d5b65fcafa43e1fb1663f6be25d -> 
  custom:scripting/monoscript/fileName/DropdownOptionListDrawer.cs: 342ee3f9c806e60b189c02609042c492 -> 4362475bc384312c771d88865ee2f40d
  custom:scripting/monoscript/fileName/CreateBuiltInShadersBundle.cs: e4f12aa9a6b849b3a7861bf492376679 -> 
  custom:scripting/monoscript/fileName/AsynchronousLoading.cs: 7c2e5286b3cf89ac8785f97867da5700 -> 
  custom:scripting/monoscript/fileName/AddressableAssetsBundleBuildParameters.cs: 8b3e1e658c9efb352f02ffdd7c175a3b -> 
  custom:scripting/monoscript/fileName/AssetPublishEditor.cs: 5e6fcb209f4275e87027d569b903a801 -> 
  custom:scripting/monoscript/fileName/PlayerSettingsApi.cs: e8704eb198d8f61f68729b362e34f254 -> 
  custom:scripting/monoscript/fileName/ValidationMethods.cs: 0ca38beb753f491a65475578d824a594 -> 
  custom:scripting/monoscript/fileName/GenerateLinkXml.cs: 438676c0a3ae847305e5461d0d0dfb13 -> 
  custom:scripting/monoscript/fileName/UsingInstantiate.cs: 56dbca48a54aeadd30337a75a3c60632 -> 
  custom:scripting/monoscript/fileName/ListFormatter.cs: fdf331394edd6dc75abedfc51a296d47 -> 
  custom:scripting/monoscript/fileName/UsingBuildPath.cs: 0a5d366ab7b7e113ab87035def21d7b2 -> 
  custom:scripting/monoscript/fileName/PlatformMappingService.cs: 112fe80ee263d9422a7570d41ca95c90 -> 
  custom:scripting/monoscript/fileName/LocalizationEditorEvents.cs: 773232287225044e60c0f1bae549e6a1 -> 
  custom:scripting/monoscript/fileName/FallbackLocaleHelper.cs: 7afa418648871dbd6a4c517ebdd0ed83 -> 
  custom:scripting/monoscript/fileName/TMP_CharacterPropertyDrawer.cs: 0fc1d1caf2f580e74b2224e6797250e4 -> ddc6f8909fdac3de9238e9b86e411c3e
  custom:scripting/monoscript/fileName/AssetBundleWriteOperation.cs: db3d146633bcf83272b8d8ec27708373 -> 
  custom:scripting/monoscript/fileName/SmartExtensions.cs: ffc58e2362cb7e1d23bdeab5ea32b2dc -> 
  custom:scripting/monoscript/fileName/ILocalesProvider.cs: 323d2e51541df5db5c4ae0bf2dcf0516 -> 
  custom:scripting/monoscript/fileName/TMP_FontAssetEditor.cs: ff94a59ea0ba0aa81aa8a7f307f2efd3 -> e359b61135381f6b1d7b8c7e97a930f3
  custom:scripting/monoscript/fileName/BundledAssetProvider.cs: 7b2acd0dc4b920c1447f4e405e758da9 -> 
  custom:scripting/monoscript/fileName/TMP_FontAsset_CreationMenu.cs: 18345b423cea91a35f20f73f48aee7e1 -> 1c5caeb31a0df734411a201aca87cb03
  custom:scripting/monoscript/fileName/SmartFormatterLiteralCharacterExtractor.cs: 5187b1f8f9f2b2b603a778e5ed774814 -> 
  custom:scripting/monoscript/fileName/DefaultFormatter.cs: 2f641fca3cf8e52ec2e4250469e9021e -> 
  custom:scripting/monoscript/fileName/BuildScriptVirtualMode.cs: ecfa9317a4325be6ea7efafabf202d84 -> 
  custom:scripting/monoscript/fileName/DisplayNameAttribute.cs: 91e6b527b667ccefdd531618f2cc58b4 -> 
  custom:scripting/monoscript/fileName/TMP_ScrollbarEventHandler.cs: 55de10d862075cd935d8381c309f39e0 -> c015e39b5a3f1a14518ce039f30e10af
  custom:scripting/monoscript/fileName/TMP_ObjectPool.cs: 8f6297df34271fdb1ce2d9607ec6261d -> 90647cc400823b41df847a6cbfc29026
  custom:scripting/monoscript/fileName/AssetLabelReference.cs: 535c57f3a3bd81b3adc86b02034e7fda -> 
  custom:scripting/monoscript/fileName/ExtensionMethods.cs: 4642d9c802c70c033ea67f5c9fc06bdb -> 
  custom:scripting/monoscript/fileName/ResourceManagerEventCollector.cs: cf8765b1ba0f714abe2ca54744783dea -> 
  custom:scripting/monoscript/fileName/BuildScriptBase.cs: adfd9e3e356b350272d27b9a6c93a55a -> 
  custom:scripting/monoscript/fileName/TMP_FontAssetUtilities.cs: d84a52975d941e769af4ae15b3aaa211 -> 5b7a9bc9c5c56e3cb5ccc808a2bdd9e4
  custom:scripting/monoscript/fileName/UsingRuntimePath.cs: 5727713a0389a62bd6518d1b19214f2c -> 
  custom:scripting/precompiled-assembly-types:Unity.ScriptableBuildPipeline.Editor: 3ca390981bea823edbc5c52067fa8d07 -> 
  custom:scripting/monoscript/fileName/UnityEventBridge.cs: 5b44a70c8e78b8fb569a49e177c247c4 -> 
  custom:scripting/monoscript/fileName/CallbackArray.cs: 90647cc400823b41df847a6cbfc29026 -> 
  custom:scripting/monoscript/fileName/BuildScriptPackedPlayMode.cs: 376414de220a9f2aaee2505d1d67ddda -> 
  custom:scripting/monoscript/fileName/AddressableAssetSettingsLocator.cs: f52d919be3c487a83fcb39a65ed0c368 -> 
  custom:scripting/monoscript/fileName/AddressableAssetGroupTemplateInterface.cs: c6c784d5ce4db43651308dbc5a340915 -> 
  custom:scripting/monoscript/fileName/LoadWithTask.cs: fbf9e2952ed24d5098424080eefa8e8d -> 
  custom:scripting/monoscript/fileName/LocalizationTable.cs: aac3efc050d0cdb450940741052a3ea7 -> 
  custom:scripting/monoscript/fileName/AddressablesInterface.cs: 288c9154aa913af4054b6c3693e74037 -> 
  custom:scripting/monoscript/fileName/IReset.cs: 501ab81f9a42800b74fa922343b391de -> 
  custom:scripting/monoscript/fileName/AssetTypeMetadata.cs: 29d579a76583fbd1638bb7faafd49823 -> 
  custom:scripting/monoscript/fileName/AddressableAssetGroupSchemaSet.cs: 8cb8eb885b2e86eafd9d731360a75ad6 -> 
  custom:scripting/monoscript/fileName/ProgressReporter.cs: d2c61132addb533aa20f9839136801ab -> 
  custom:scripting/monoscript/fileName/CustomBuildScript.cs: ceb098f106352018dfb7471e078b2b99 -> 
  custom:scripting/monoscript/fileName/GraphLayerEventMarker.cs: 973da78a8787db14c083d53cf7575fbc -> 
  custom:scripting/monoscript/fileName/LocalizedAssetProperty.cs: 949847d1f379a93be8d09e1a779f7308 -> 
  custom:scripting/monoscript/fileName/AddressableEntryNotFoundException.cs: cbde87c12a97a247b362dfc7073c3067 -> 
  custom:scripting/monoscript/fileName/UsingResourceManager.cs: 904ba6bbe59e92b87ad14016defdb49e -> 
  custom:scripting/monoscript/fileName/PlatformOverride.cs: dffa63491a95e8ca43dc2e254731c453 -> 
  custom:scripting/monoscript/fileName/TMP_FontAssetCommon.cs: 4a5ab4d4426385ab38edd57c118cd485 -> 2b5f11ccf8aacaf9b5ea6564bf2b0d57
  custom:scripting/monoscript/fileName/AssetNotPersistentException.cs: cddacf4c8b1d93a2650d87448a19c7fd -> 
  custom:scripting/monoscript/fileName/CheckResourcesDupeDependencies.cs: 9a7363d2118556b9a749e5c87a9abb28 -> 
  custom:scripting/monoscript/fileName/FastModeInitializationOperation.cs: 3969bd66bfd96ce4f1b25d29127c7d0d -> 
  custom:scripting/monoscript/fileName/LinkXMLGenerator.cs: a12ef316d0e18f4f3cc0d1c12f9a8995 -> 
  custom:scripting/monoscript/fileName/PreserveTags.cs: 1c2a7fcb1fa71a6e962a345cfbb29e23 -> 
  custom:scripting/monoscript/fileName/UsingClearDependencyCacheAsync.cs: 660e6750ac312260d665d449a0194ad8 -> 
  custom:scripting/monoscript/fileName/HashingMethods.cs: 715cdfdde81dd1627a447579d5c1a2a8 -> 
  custom:scripting/monoscript/fileName/GlobalVariableGroupEditor.cs: 6e132f0f82545f49da3ad5870afe14bd -> 
  custom:scripting/monoscript/fileName/GraphicsSettingsApi.cs: e643b869c2bd158e219684eb7bac7d5a -> 
  custom:scripting/monoscript/fileName/UsingLogWarning.cs: 70e15e610f1accc23f15dc06c7ce09b4 -> 
  custom:scripting/monoscript/fileName/SceneRawWriteOperation.cs: 5a20bbe9c2135f3c677809d25231ee39 -> 
  custom:scripting/monoscript/fileName/UsingCleanBundleCache.cs: c440bddfbad5caa9fbcae77dc72674c1 -> 
  custom:scripting/monoscript/fileName/LocalizationSettingsMenuItems.cs: 750a08d0238762ff67fff634de4448f1 -> 
  custom:scripting/monoscript/fileName/IBuildReportConsumer.cs: b4374783b4f13e8fa8a35606f65fe93e -> 
  custom:scripting/monoscript/fileName/LocalizeTextureEvent.cs: dd01af048c0b2b9cea48be62555ba36a -> 
  custom:scripting/monoscript/fileName/BuildLayout.cs: 3e449370b64b375854c1a33213daf1a7 -> 
  custom:scripting/monoscript/fileName/IResourceLocation.cs: f910c20a7ea8c8aa53f2053fca98b4ce -> 
  custom:scripting/monoscript/fileName/PrefabPackedIdentifiers.cs: 88eee9e87bb381ef74e5d164ea9612c4 -> 
  custom:scripting/monoscript/fileName/UnityConnectBridge.cs: 0d7c93bc2c5ad0d42ee2286dc5174130 -> 
  custom:scripting/monoscript/fileName/LocalizationBuildPlayer.cs: 85b8e10fd0ccbccd80054f8cc140970b -> 
  custom:scripting/monoscript/fileName/AddressableAssetGroupTemplate.cs: 1d8da5f1890836d608e7d5b7f3373a2f -> 
  custom:scripting/monoscript/fileName/DefaultSource.cs: ef6d54a6cbd054b4c7f94ad925bc31ef -> 
  custom:scripting/monoscript/fileName/TMP_TextInfo.cs: d86eebf32f36b8febee06365f862b403 -> 9e4eb698c4c168829682cbe659418e8f
  custom:scripting/monoscript/fileName/EventDataPlayerSession.cs: 91bc0ee1e4ffa4506b091453a9262bec -> 
  custom:scripting/monoscript/fileName/TaskCachingUtility.cs: 2abbe35728db88bbaa201e6c478a95f2 -> 
  custom:scripting/monoscript/fileName/TextContainer.cs: 4e3c016869303ab3136387f7870e5adb -> 245c032a15fbc12850861c707e37b027
  custom:scripting/monoscript/fileName/StringTableSearchProvider.cs: a655a0bba0a42f0268616b0ffe28e827 -> 
  custom:scripting/monoscript/fileName/ParsingErrors.cs: 56ee149ccf6e61574239d504a20a01d0 -> 
  custom:scripting/monoscript/fileName/CollectionExtensionAttribute.cs: e00982c3695c3b95e3e0d6f43120d792 -> 
  custom:scripting/monoscript/fileName/CalculateSceneDependencyData.cs: 104fc632ee9eb1eac0995150ef581054 -> 
  custom:scripting/precompiled-assembly-types:Newtonsoft.Json: a784019f7e79cf0f65e748d41d4ceb44 -> 
  custom:scripting/monoscript/fileName/LocalizedGameObjectEvent.cs: 045b323c574665c24fc3585de9cf75b0 -> 
  custom:scripting/monoscript/fileName/BuildContent.cs: 8b98bc58cf5574343dc7ddad95d66a2a -> 
  custom:scripting/monoscript/fileName/SmartSettings.cs: 27ce6050fa5ec694fc6fafb556f326be -> 
  custom:scripting/monoscript/fileName/IPseudoLocalizationMethod.cs: af5699a14d31a7d73a4e2eee94f838df -> 
  custom:scripting/monoscript/fileName/BundlesContentView.cs: 06261d15b4a9f40f2d13bad3fd8c0d7e -> 
  custom:scripting/monoscript/fileName/DynamicResourceLocators.cs: 1034695c180ba1f11efcc8c0af8b64d6 -> 
  custom:scripting/monoscript/fileName/AddressableAssetSettings.cs: cc9347dff1588a85ad81a10cb9a60747 -> 
  custom:scripting/monoscript/fileName/UsingInstantiateAsync.cs: 65bc448eb8ce78f7211cddccb5f5ce12 -> 
  custom:scripting/monoscript/fileName/TestStub.cs: 190796d3593eba0a9210e1127da82f56 -> 
  custom:scripting/monoscript/fileName/TMP_SubMesh_Editor.cs: 6199a3bf0c204e3bdded9f5f05415a32 -> b381eb4c2ad4ef265088242d67c5b140
  custom:scripting/monoscript/fileName/TMP_TextElement.cs: fb8354965187a75f506d9a9df85f19dd -> 5dfb95666bd41ecc32948097824aba23
  custom:scripting/monoscript/fileName/TMP_Text.cs: c453c9b4dcb2bfad1083e3b49dfa3983 -> 5cba61e283281e8dbf7dadaabcd638dc
  custom:scripting/monoscript/fileName/LocalizationTablesWindowAttributes.cs: 286f0b4482e1d46362769165de5cabf6 -> 
  custom:scripting/monoscript/fileName/TrackedLocalizedPropertyDrawer.cs: 30cdc0084858da7a1c4d211dd53bf294 -> 
  custom:CustomObjectIndexerAttribute: 9a22284fe3817be447336de3de66b15e -> 
  custom:scripting/monoscript/fileName/UsingGetDownloadSizeAsync.cs: 171c6b127177e9211a1b602a37172a09 -> 
  custom:scripting/monoscript/fileName/UsingStreamingAssetsSubFolder.cs: 32807ce3347ba269c610cfe54c4cf1db -> 
  custom:scripting/monoscript/fileName/CreateMonoScriptBundle.cs: 2583ca987d667d4dd92571cf56d8871f -> 
  custom:scripting/monoscript/fileName/Selector.cs: d1b33989cbe0f6cc110abd4d8cf04c4d -> 
  custom:scripting/monoscript/fileName/UsingLoadSceneAsync.cs: e0429df12aecdd79109f424b79f61f73 -> 
  custom:scripting/monoscript/fileName/AddressableAnalytics.cs: 8d6eaaaa8879afed7791bcb8ad0a55d6 -> 
  custom:scripting/monoscript/fileName/TimeFormatterPropertyDrawer.cs: 2deeb4cac283ce23f830b75746c99908 -> 
  custom:scripting/monoscript/fileName/AtlasSpriteProvider.cs: b13170f1a8da7c93ca0f20413670befc -> 
  custom:scripting/monoscript/fileName/LocaleIdentifierPropertyDrawer.cs: e2b3612afc461bbb74df699eb387d4b7 -> 
  custom:scripting/monoscript/fileName/StripUnusedSpriteSources.cs: 8e0de493596d68c81f185a4c7e2ecc3e -> 
  custom:scripting/monoscript/fileName/LoadWithEvent.cs: 535c3da84aced96767022f1d136a065c -> 
  custom:scripting/monoscript/fileName/CSV.cs: 970c06ec8fe2254580dd226b7b217199 -> 
  custom:scripting/monoscript/fileName/ColumnMapping.cs: 3d96c8bec9fe5e67511587a77ca9426f -> 
  custom:scripting/monoscript/fileName/TMP_PostBuildProcessHandler.cs: 728d00fd9070cbfe6d8df45c08e57305 -> c69b388004562ecb0f789fc3759d9651
  custom:scripting/monoscript/fileName/LocalizeStringEvent.cs: 420593c9668ec5a80d802c3657538065 -> 
  custom:scripting/monoscript/fileName/ProgressTracker.cs: 7cf527e59ae90a5de1d1297f2cf5b5d9 -> 
  custom:scripting/monoscript/fileName/UsingResourceLocators.cs: defb8e83edcbd6b925c1a46e603b4264 -> 
  custom:scripting/monoscript/fileName/TMP_DropdownEditor.cs: 6df138b51e278f9c93bd4976e96aa952 -> 2d907ee76ef876797c15186180266847
  custom:scripting/monoscript/fileName/HostingServicesWindow.cs: aea0a90645e2ad9918bb8f7947977cbc -> 
  custom:scripting/monoscript/fileName/AsyncOperationHandle.cs: 5f193f67e9fe132700bb16490c49fe52 -> 
  custom:scripting/monoscript/fileName/QualitySettingsApi.cs: 8a81ef3b39ef7374ffa2c64379a5666c -> 
  custom:scripting/monoscript/fileName/GenerateBundleCommands.cs: df8cc1862a26a9b8b8065412bf4da3d1 -> 
  custom:scripting/monoscript/fileName/FormatItem.cs: a682aadaa489dc0a59f4f6cf2b503a72 -> 
  custom:scripting/monoscript/fileName/DetailsListItem.cs: fc00a048fdb993f628239efc8b3b3ff0 -> 
  custom:scripting/monoscript/fileName/LabelTable.cs: 2d4def09103b938e537a18b451868393 -> 
  custom:scripting/monoscript/fileName/CharacterSubstitutorPropertyDrawer.cs: 71c115a9f4a4d88dd22a2ac05b771575 -> 
  custom:scripting/monoscript/fileName/Ribbon.cs: 7520e82ba3d55750b026206f051896a1 -> 
  custom:scripting/monoscript/fileName/GlobalVariablesSource.deprecated.cs: 1038eddbfa65bd625b25430ba4a9435d -> 
  custom:scripting/monoscript/fileName/PostPackingCallback.cs: f0f64a598e599b8fee359c8bbbbb7967 -> 
  custom:scripting/monoscript/fileName/GetLocalizedStringOperation.cs: 2a8d3385529a741749983dca123ab4e1 -> 
  custom:scripting/monoscript/fileName/GameObjectLocalizerEditor.cs: 7c072273434358bcf607004716bd9350 -> 
  custom:scripting/monoscript/fileName/LocalizationProjectSettings.cs: d9be050127f95d20e34198c62e4779b1 -> 
  custom:scripting/monoscript/fileName/AssetTableTreeViewItem.cs: e3a0f0213b98219ec7145a2e7ed4c22b -> 
  custom:container-demuxer-webm: 4f35f7cbe854078d1ac9338744f61a02 -> 
  custom:scripting/monoscript/fileName/TMP_FontAsset.cs: 52c81438acb65fa444fe26964ef0345b -> 6c1db4680a96f294cf0af87a0b8099aa
  custom:scripting/monoscript/fileName/DeSerializer.cs: 42de108158a2d64cff75d55be619c3d6 -> 
  custom:scripting/monoscript/fileName/UsingLoadContentCatalogAsync.cs: 8e4b025178d4e0172aeaad56739efe1f -> 
  custom:scripting/monoscript/fileName/TableSearchProvider.cs: 9e14c655173cfc9fafc822428d591e04 -> 
  custom:scripting/monoscript/fileName/UsingRemoveResourceLocator.cs: ffa3bb99c581ff8477018bfe8198ccbe -> 
  custom:scripting/monoscript/fileName/EditorPropertyDriver.cs: 6ab6221ea31e92f727c72f18b50d56d2 -> 
  custom:scripting/monoscript/fileName/TMP_SubMeshUI_Editor.cs: 765ce633a5bfada7c5afc51aed8631bb -> 119a633ce37cc27ac209988b5de61d96
  custom:scripting/monoscript/fileName/ListWithEvents.cs: 90647cc400823b41df847a6cbfc29026 -> 
  custom:scripting/monoscript/fileName/ProgressLoggingTracker.cs: 5d288d40f7eb670174353f8188801c70 -> 
  custom:scripting/monoscript/fileName/SerializedTypeDrawer.cs: 55704df2e1fbeb280a39857e3fe8599a -> 
  custom:scripting/monoscript/fileName/GraphLayerLabel.cs: e6bbecfb657f4306f18760a66877483c -> 
  custom:scripting/monoscript/fileName/TMP_BaseEditorPanel.cs: bf7c6aff8663a36814779dfe47e82e00 -> f4b9967705e7bb57152fef4117417ba7
  custom:scripting/monoscript/fileName/IBuildResults.cs: 8b5b87d2e7d0fe52b18dffb583edf526 -> 
  custom:scripting/monoscript/fileName/BundleRuleBase.cs: e7ef640b2d0e3626500ffc1b301ab048 -> 
  custom:scripting/monoscript/fileName/DownloadStatus.cs: 54e6ecf38c97350b7185a2dbdd2736c2 -> 
  custom:scripting/monoscript/fileName/LocaleCommentColumn.cs: b9990117b1aec64849bb0bb6c783ca3d -> 
  custom:scripting/monoscript/fileName/ProfileDataSourceDropdownWindow.cs: 0c889b1a609cf40b8fe20a3ed4bbafff -> 
  custom:scripting/monoscript/fileName/UnityWebRequestUtilities.cs: 9b8466aca40de6647ee5e3ca2db084e4 -> 
  custom:scripting/monoscript/fileName/SequentialIDGenerator.cs: d83efcc667e1071af0b2df3b9b2d5c7e -> 
  custom:scripting/monoscript/fileName/AssetUtility.cs: 9fd2b0a9ba402984d9e38d454d654b92 -> 56b81e5e2578818cf6f96d864707db64
  custom:scripting/monoscript/fileName/ProfileDataSourceSettings.cs: 5e371415d0bffd9fa1566f074827ca84 -> 
  custom:scripting/monoscript/fileName/EditorGUIUtilityBridge.cs: 6c6281d5b59dbfe7f64a4390cec64cef -> 
  custom:scripting/monoscript/fileName/MainPanelSummaryTab.cs: 28ca7ae655dc332f660c132d33be2668 -> 
  custom:scripting/monoscript/fileName/FormattingException.cs: 91b461cc7c40815d8a7c339d54be2b22 -> 
  custom:scripting/monoscript/fileName/TMP_SettingsEditor.cs: aa2b5eadaadb4b54b49cd650a2246119 -> 56bf06371df7e13c5b8cc88becb89a4d
  custom:scripting/monoscript/fileName/ProjectLocalePopupField.cs: 2224bf6801a24e4e4f2dfbd481785552 -> 
  custom:scripting/monoscript/fileName/TMP_UpdateRegistery.cs: 62691e6bdb107984e7d826316a6498e1 -> 1f23864d29c3a03d22aa9b00a337cf78
  custom:scripting/monoscript/fileName/ClusterBuildLayout.cs: 5771ce961e5c856dda3162f7e7866c51 -> 
  custom:scripting/monoscript/fileName/DumpToText.cs: 2dfe9c7754fbb721de687736d394e422 -> 
  custom:scripting/monoscript/fileName/FastAction.cs: 94d6ead813247e604740a116c5fa92db -> dfbe75b66b645b53472915ad2590af11
  custom:scripting/monoscript/fileName/TMPro_TextContainerEditor.cs: a97aca5bcf1b2486a0f60b2c7a935c42 -> b2fbc5db24221a870c4de162a712cbfe
  custom:scripting/monoscript/fileName/UsingLogException.cs: 3316b26395971abd12a4bd736d7ff4cd -> 
  custom:scripting/monoscript/fileName/BuildProfileSettingsEditor.cs: 970095181710e210a9e9390c58796570 -> 
  custom:scripting/monoscript/fileName/SheetsServiceProvider.deprecated.cs: 90647cc400823b41df847a6cbfc29026 -> 
  custom:scripting/monoscript/fileName/AddressableAssetUtility.cs: 72a93ba81003bd461d6101745b676e3e -> 
  custom:scripting/monoscript/fileName/CsvColumns.cs: f40c9a0e65e110452ca351c87c16d563 -> 
  custom:scripting/monoscript/fileName/GroupsContentView.cs: 6c0af8780f1bc0c3acee464ca49bd416 -> 
  custom:scripting/monoscript/fileName/FileRegistry.cs: c2a0e90b96356fc8b397f160fccdb0e1 -> 
  custom:scripting/monoscript/fileName/ContentCatalogData.cs: 69501017901d28c7b50ababf6ecc7e6c -> 
  custom:scripting/monoscript/fileName/TMP_TextAlignmentDrawer.cs: ad15f73780bb9949f148eddcc3c3fbf7 -> 011b7908ef5eb5e9dea532c77e85c538
  custom:scripting/monoscript/fileName/TMPro_CreateObjectMenu.cs: e9e63aff764c7e7fd08e66f87103df4d -> ddee59388caa7a56693342f3a805d427
  custom:scripting/monoscript/fileName/LocalizedAsset.cs: 7f97d498ffdfe4030eafd61d575be86e -> 
  custom:scripting/monoscript/fileName/AddressableAssetGroup.cs: 0f9c4653caddd0474511f5b3f44ee076 -> 
  custom:scripting/monoscript/fileName/TrackedLocalizeStringEvent.cs: ebad6f8edd7e9eef814e258cd129cd63 -> 
  custom:scripting/monoscript/fileName/TMP_Asset.cs: dcedda1866ab6edcf1af2d4525512628 -> 7e95c8d89188057bea8fc9569c9aa309
  custom:scripting/monoscript/fileName/LocalizedStringPropertyDrawer.cs: 25afd2cc46dd2b599a199f1e04ce3822 -> 
  custom:scripting/monoscript/fileName/xliff_core_2.0.cs: fc2057a38dfab16b8512fec9773c7f76 -> 
  custom:scripting/monoscript/fileName/ISelectorInfo.cs: 6321a5056dc9a78968a9dd0ca94ba619 -> 
  custom:scripting/monoscript/fileName/ProfileGroupType.cs: c75096844ddd488c7a0178740cfcc99e -> 
  custom:scripting/monoscript/fileName/DetailsContents.cs: 897c368e5dc4cdd93f45e1ac7d556963 -> 
  custom:scripting/monoscript/fileName/ScenePropertyTracker.cs: 86f0b3ce1098ba10b1df7fcad53bd72d -> 
  custom:scripting/monoscript/fileName/AddressableAssetEntryCollectionEditor.cs: 3573c130dc7f7334299b8beed2200c30 -> 
  custom:scripting/monoscript/fileName/TMP_ColorGradientEditor.cs: 187fe88a4e95285275d1781f1da14d92 -> ed654c9d45026a5f71e6e9535130c15f
  custom:scripting/monoscript/fileName/LocalizationSettings.cs: 0e2576b46b668ab2000f26b363c67059 -> 
  custom:scripting/monoscript/fileName/LoadSynchronously.cs: c4f0669c9aa685144c4f5b796d0b70eb -> 
  custom:scripting/monoscript/fileName/NewSheetProperties.cs: e34185a962f021141e44dc1ce093e683 -> 
  custom:scripting/monoscript/fileName/Comment.cs: 1df9b6a2a4782dd3ba7e4d56cc3fc5a5 -> 
  custom:scripting/monoscript/fileName/SceneControlsWindow.cs: 0561aa4536f52631146c6ffce9e5138b -> 
  custom:scripting/monoscript/fileName/UsingCreateCatalogLocationWithHashDependencies.cs: c7c0f0abb9e7d828fb90719576b664da -> 
  custom:scripting/monoscript/fileName/TrackedPropertyDrawer.cs: 38d2061ceb2f7db18585e8737586f66e -> 
  custom:scripting/monoscript/fileName/MonoBehaviourCallbackHooks.cs: b20ea6c878896467bc06e7a880dbeda7 -> 
  custom:scripting/monoscript/fileName/HashingHelpers.cs: 0f7aeced044c9bfbe971ac41bd6b1b1e -> 
  custom:scripting/monoscript/fileName/ProfileWindow.cs: fa1c3d799675766d6e9897b9bc0b5a97 -> 
  custom:scripting/monoscript/fileName/FileCompressor.cs: 9e176c2b40f10af0783acadfcf93a0a6 -> 
  custom:scripting/monoscript/fileName/BuildCacheUtility.cs: 2743f002ee5eaa2b245807c6d3986866 -> 
  custom:scripting/monoscript/fileName/VisualElementsWrapper.cs: 7ac1a7ea79783a0dda155d9acf8e52e7 -> 
  custom:scripting/monoscript/fileName/ContentPipeline.cs: 0099978ab3154e75ec02b02af05e3647 -> 
  custom:scripting/monoscript/fileName/DistributedUIDGenerator.cs: 037da96820b6f87792ef2e0a87c9ec34 -> 
  custom:scripting/monoscript/fileName/BuildLayoutParameters.cs: eb7c3c049a39ff038d6292e8e956a04c -> 
  custom:scripting/monoscript/fileName/IBuildSpriteData.cs: 70fcaabd919c2d8ed3f211908205c540 -> 
  custom:scripting/monoscript/fileName/IInitialize.cs: 8f41f2d3082a8cfed1a9f76a15f79086 -> 
  custom:scripting/monoscript/fileName/TMP_BitmapShaderGUI.cs: ef806c32b355e8831ed4eb3f5e3400ff -> 2ce3ac811452d1d6d82e565157cac3e2
  custom:scripting/monoscript/fileName/TMP_ColorGradientAssetMenu.cs: 79ee3689ecabb3de162f43faa3b27adc -> 83563be632f8167fcdca7878d36901f9
  custom:scripting/monoscript/fileName/HostingServicesManager.cs: bf09b4c263482a04155920012d385668 -> 
  custom:scripting/monoscript/fileName/FilterIds.cs: ab0a66942136a4dd113054af7b038da8 -> 
  custom:scripting/monoscript/fileName/CollectionExtension.cs: f8a94bffaf2831e97bfadd679b0d5d09 -> 
  custom:scripting/monoscript/fileName/BuildCallbacks.cs: e372553ccc5bfd1dd2d4f86e3433b7ac -> 
  custom:scripting/monoscript/fileName/IAddressableView.cs: 8b8bd30c6ee3cc366e6b5825b18b7a08 -> 
  custom:scripting/monoscript/fileName/BuildLayoutGenerationTask.cs: ffed48cd2d09cc55f2fb49224941b889 -> 
  custom:scripting/monoscript/fileName/AssetReferenceDrawerUtilities.cs: 351cdbf359a7cb402246cc4c26ca6bbc -> 
  custom:scripting/monoscript/fileName/FormatDelegate.cs: d674e994e02c99a6bc97e93ed08ed63e -> 
  custom:scripting/monoscript/fileName/CompatibilityAssetBundleManifest.cs: 8c821441185b5b6a41b701764a9456f7 -> 
  custom:scripting/monoscript/fileName/AssetInspectorGUI.cs: 1c2fbe684b8b981136ad78cc97e442f1 -> 
  custom:scripting/monoscript/fileName/EventDataPlayerSessionCollection.cs: aa3a5824b74762d314b052196c8121f1 -> 
  custom:scripting/monoscript/fileName/ContentUpdatePreviewWindow.cs: 328cbe5138c9fb6c1c71697205eab50f -> 
  custom:scripting/monoscript/fileName/JSONAssetProvider.cs: c98e2b214b7d3e761475613a9d6fddfc -> 
  custom:scripting/monoscript/fileName/TMP_GlyphPropertyDrawer.cs: 75006bca208b32d4fc4710404c538acf -> 56b500a16a5c8f635a7bfdd702279864
  custom:scripting/monoscript/fileName/LocalizedStringTablePropertyDrawer.cs: e886a001e705cc0705e678a1dc2ed974 -> 
  custom:scripting/monoscript/fileName/UsingLoadAssetsAsync.cs: e7c712cb92cb4bc191a413f33d87ddc0 -> 
  custom:scripting/monoscript/fileName/ProfileTreeView.cs: 12e4118bc493b83e0d991a39a1318ef6 -> 
  custom:scripting/monoscript/fileName/BuildTasksRunner.cs: 6061ed342a325c9c185a4b35bbfe23f3 -> 
  custom:scripting/monoscript/fileName/BuildExtendedAssetData.cs: 646a6ec8dded2f210e51a6a26a267c53 -> 
  custom:scripting/monoscript/fileName/TMP_SpriteGlyph.cs: 52a9bbe662618c4a5697bdefcba63d59 -> cb4cdca5a4c6415e4f27ee5280164c41
  custom:scripting/monoscript/fileName/StringBuilderPool.cs: 0a7f64ee5df8d42d8e9843f99c824cec -> 
  custom:scripting/monoscript/fileName/DetailsSummaryView.cs: aeb6ef9c87f8cedf81a2a9bdf342102f -> 
  custom:scripting/monoscript/fileName/XliffDocument.cs: 9b7826fef7f21076c2ca319420ac4d7a -> 
  custom:scripting/monoscript/fileName/MetadataCollection.cs: 3d22d318aeab2bf3c6be30164c34c5b4 -> 
  custom:scripting/monoscript/fileName/MetadataReorderableList.cs: 676fe7e50832af09353bc78a1a0a90d5 -> 
  custom:scripting/monoscript/fileName/TimeSpanUtility.cs: c268248eadf7f504ee39d36f8c2dbeba -> 
  custom:scripting/monoscript/fileName/AnalyzeRule.cs: 0616b2f44595cfd6ff277c8ca73ff9fd -> 
  custom:scripting/monoscript/fileName/DeclaringReferences.cs: 4c97197881389ed54fb27eb3f0e97327 -> 
  custom:scripting/monoscript/fileName/AssetDatabaseProvider.cs: 34efb1764c9d10e1b435aca6b8f8ab50 -> 
  custom:scripting/monoscript/fileName/PersistentVariablePropertyDrawer.cs: 5986276e917b35fbcb702081d402e633 -> 
  custom:scripting/monoscript/fileName/CacheInitializationDataDrawer.cs: 306c2f8cb1fc8b44b12a3aadd3361ffe -> 
  custom:scripting/monoscript/fileName/EditorIcons.cs: 13abce0cc692c84df4251fa74fe4a840 -> a3e3ee0982e43ced03e246e0d28ff4a2
  custom:scripting/monoscript/fileName/OperationCacheKeys.cs: a875722a6684f3c9f42fc8e71fb98086 -> 
  custom:scripting/monoscript/fileName/BuildProfiler.cs: 20a6883e13cfb1c377baf8d9ad7c7108 -> 
  custom:container-muxer-webm: aa71ff27fc2769a1b78a27578f13a17b -> 
  custom:scripting/monoscript/fileName/SharedTableCollectionMetadata.cs: c1aa8393f8c05c6f5464ccde87e55a74 -> 
  custom:scripting/monoscript/fileName/LoadTableOperation.cs: 90647cc400823b41df847a6cbfc29026 -> 
  custom:scripting/monoscript/fileName/KeyMetadataColumn.cs: 90647cc400823b41df847a6cbfc29026 -> 
  custom:scripting/monoscript/fileName/ProgressBarReporter.cs: bc323853087a9acbf94a2da59afe8082 -> 
  custom:scripting/monoscript/fileName/PluralLocalizationFormatter.cs: c373c0b16dac991baf6decafddf14513 -> 
  custom:scripting/monoscript/fileName/UsingDownloadDependenciesAsync.cs: bde825d7f2c2c85a4dd6a17f43d8e399 -> 
  custom:scripting/monoscript/fileName/GroupResolver.cs: 7792efe0547fa98ec81d1ec65abbade2 -> 
  custom:scripting/monoscript/fileName/LocaleEditor.cs: 202585e1e99bed536a79868d713acf30 -> 
  custom:scripting/monoscript/fileName/TMP_UIStyleManager.cs: f54fffa86b286da3a3329c601ca8d03e -> 66d96f3fa9ea14a5a6ed3f92d3bbe0f1
  custom:scripting/monoscript/fileName/ProjectConfigData.cs: 7921ee70ddc5c6dd7a9df8ec0c0092c7 -> 
  custom:scripting/monoscript/fileName/LoadWithLabels.cs: 804b317a87fff96d59ed63aeb6e721d6 -> 
  custom:scripting/monoscript/fileName/LocaleGeneratorListView.cs: 3257dfadf57a6fd6155e4b69c68ee152 -> 
  custom:scripting/monoscript/fileName/IBuildContext.cs: 5ff9d28c8d4a4f1b753bc76a607083bf -> 
  custom:scripting/monoscript/fileName/UsingInstanceProvider.cs: e7735e2612598c8504b3d653c19306de -> 
  custom:scripting/monoscript/fileName/Smart.cs: 5cf24fe66695f9cb989dd34006965373 -> 
  custom:scripting/monoscript/fileName/GlobalVariables.deprecated.cs: 728d6fb3b3dc77e5f3d610a9946a1b81 -> 
  custom:scripting/monoscript/fileName/CsvExtensionPropertyDrawer.cs: 9208f544b458498944fb068183667b1d -> 
  custom:scripting/monoscript/fileName/IDTransformer.cs: 550588a96657730d8404618890726064 -> 
  custom:scripting/monoscript/fileName/AssetReferenceUIRestriction.cs: ab1a4ace83e547a82f148902e05d9451 -> 
  custom:scripting/monoscript/fileName/FallbackLocale.cs: 647370036d8284c058069deac99405db -> 
  custom:video-decoder-webm-vp8: 9c59270c3fd7afecdb556c50c9e8de78 -> 
  custom:scripting/monoscript/fileName/UsingLogErrorFormat.cs: 8e9e0801031e74a4fd32b9b7bd2bf9d9 -> 
  custom:scripting/monoscript/fileName/DuplicatedAssetsContentView.cs: 071f6b802be913317a07b2a4ef0ee772 -> 
  custom:scripting/monoscript/fileName/DetailsSummaryBuilder.cs: ba334c0298d2d1e4c9714387e3c7aae8 -> 
  custom:scripting/monoscript/fileName/AnalyzeResultData.cs: c2f44893e38a82b7544778fbc70f6623 -> 
  custom:scripting/monoscript/fileName/ColumnSelectors.cs: 6af2063438fc3fffbfd8fd38fba2eda1 -> 
  custom:scripting/monoscript/fileName/LocalizationTablesWindow.cs: cf8c97d55d9c069dca434c69b83a65a8 -> 
  custom:scripting/monoscript/fileName/IBundleExplictObjectLayout.cs: ddaeb79a7a717f820f674015296294c0 -> 
  custom:scripting/monoscript/fileName/PostDependencyCallback.cs: eb19b86cfe0872246c64c5aa303dec70 -> 
  custom:scripting/monoscript/fileName/Expander.cs: 5781679213a06dbdf87128cb159babdf -> 
  custom:scripting/monoscript/fileName/LocalizationTableCollectionCache.cs: 2e2bd79d9fcf7fcc1fc934625c3c6b19 -> 
  custom:scripting/monoscript/fileName/BuildBundleLayout.cs: 576813ef72fead3ae460d113cf17b9a7 -> 
  custom:scripting/monoscript/fileName/CollectionNameFilterBlock.cs: 0f617309fbe56974021c72e157b39665 -> 
  custom:scripting/precompiled-assembly-types:Unity.Addressables: 6e2eb23eed52ab989518c55ebe19712f -> 
  custom:scripting/monoscript/fileName/BaseHostingService.cs: 200b06cbaa68e8641c1d85f0d10bc757 -> 
  custom:scripting/monoscript/fileName/LoadAssetOperation.cs: 90647cc400823b41df847a6cbfc29026 -> 
  custom:scripting/monoscript/fileName/TMPro_EventManager.cs: 9ebed0b1e26a8c995d644c176e696d93 -> 4c7492301243f935f7a463360f91d217
  custom:scripting/monoscript/fileName/AppInfo.cs: f759b70f2c69343fe2ecccdb6b7ec2e2 -> 
  custom:scripting/monoscript/fileName/CollectionGroupFilterBlock.cs: d219032a80c70708623b8d1cd2836132 -> 
  custom:scripting/monoscript/fileName/RebuildSpriteAtlasCache.cs: 4336dcac6b167662dc27a4b8cb534249 -> 
  custom:scripting/monoscript/fileName/GlyphRectPropertyDrawer.cs: d355023434b9b8f82f7070cb40c7c036 -> bdec415148eac17379112822c8814df5
  custom:scripting/monoscript/fileName/ISceneProvider.cs: 658a51016cbab09b1ba5c1655069810e -> 
  custom:scripting/monoscript/fileName/KeyCommentColumn.cs: 8ab66a765ba52efe7fc31fb7cd1a5b1f -> 
  custom:scripting/monoscript/fileName/TMPro_UGUI_Private.cs: 8f6297df34271fdb1ce2d9607ec6261d -> 90647cc400823b41df847a6cbfc29026
  custom:scripting/monoscript/fileName/GenerateLocationListsTask.cs: 4c17cd4ff87a2e74f5b37e68beb1034f -> 
  custom:scripting/monoscript/fileName/PackedPlayModeBuildLogs.cs: 26ca3e11f45bddf9443535bcaf190309 -> 
  custom:scripting/monoscript/fileName/IFormatter.cs: 01e87d00cb790254fdb58a2e27ad38a5 -> 
  custom:scripting/monoscript/fileName/SystemLocaleSelector.cs: c5cc06fdaa353af7e2c6696acccda057 -> 
  custom:scripting/monoscript/fileName/MiscellaneousTopics.cs: 6bab07f34ac3d7d8fae769bcdad3df67 -> 
  custom:scripting/monoscript/fileName/VariablesGroupAsset.cs: d2482a85ac31478d2b674636eed50f08 -> 
  custom:scripting/monoscript/fileName/TypeUtility.cs: 92a5a87ea5be7de38d408a4236d704e2 -> 697cbcee997ea80178c464c8fd931a69
  custom:scripting/monoscript/fileName/VirtualAssetBundleProvider.cs: 014c97404d6f15b756db08d2ee4aa738 -> 
  custom:scripting/monoscript/fileName/ReorderManipulator.cs: c3cc3283d456156a32bd889da5388366 -> 
  custom:scripting/monoscript/fileName/AddressablesRuntimeProperties.cs: 4969983b02306777c6a47ce4a11cc967 -> 
  custom:scripting/monoscript/fileName/FormatDetails.cs: 3a875893fd8613cb13205b8823f4fac3 -> 
  custom:scripting/monoscript/fileName/Xliff.cs: ef6b45730c337880390347d31b2a84a7 -> 
  custom:scripting/monoscript/fileName/UsingLogFormat.cs: 08b0763998d4e405b9da95ae8aea542e -> 
  custom:scripting/monoscript/fileName/TMP_TextElement_Legacy.cs: 33cc86d4b4c35f95c6446ea70ef56fc4 -> 6e11e173cb695b15e8cce3cd1e1cb2a7
  custom:scripting/monoscript/fileName/AddressablesBuildScriptHooks.cs: 2cbbf8974b686fe2baa61afde888f688 -> 
  custom:scripting/monoscript/fileName/Encapsulator.cs: 1e1db4fea0a4e2c44b57faa1c6dd4bfa -> 
  custom:scripting/monoscript/fileName/OperationHandleTypes.cs: 160b3da87b81856ca98f6ab136ee8d94 -> 
  custom:scripting/monoscript/fileName/BundleDetails.cs: c2ce173f3479298f0c344c217d376d24 -> 
  custom:scripting/monoscript/fileName/Accenter.cs: 90ea6834cce5f6d78bd057f9238941f6 -> 
  custom:SearchIndexIgnoredProperties: e643bd26f0fe6173181afceb89e7c659 -> 
  custom:scripting/monoscript/fileName/UpdateBundleObjectLayout.cs: d3e8743e5c2de0c9b031ff5de45c2faa -> 
  custom:scripting/monoscript/fileName/GUIUtility.cs: 4f971baa0f9d48cbd293794e0740ba9f -> 
  custom:scripting/monoscript/fileName/ReflectionExtensions.cs: 18deef64260ff7f38d0791626801b560 -> 
  custom:scripting/monoscript/fileName/SharedTableData.cs: 0321dfa863ea7dc9cb5ac00e0188432f -> 
  custom:scripting/monoscript/fileName/USerialize.cs: 6f1fb90844e336a2331e02dcaf45180a -> 
  custom:scripting/monoscript/fileName/DetailsStack.cs: 1bce17e22c9932daf94954746a7de14d -> 
  custom:scripting/monoscript/fileName/CacheInitialization.cs: 231ea051a2a92e5ba6df4a940124813d -> 
  custom:scripting/monoscript/fileName/TMP_Settings.cs: 957f1889ca66b295dca8f725cc81558d -> 68d1204aae2aa6d0a54c151b7af443e7
  custom:scripting/monoscript/fileName/TableTreeView.cs: 78ce28c6b954a09dd71f4c11ab7bbaae -> 
  custom:scripting/monoscript/fileName/LocalesProvider.cs: f7bf849209e180db8054724ee686358f -> 
  custom:scripting/monoscript/fileName/TMPro_SortingLayerHelper.cs: e3aabd077ed12370ac46dda129ef572e -> 8b86ad735987eff6a1277352e9e8d9b6
  custom:scripting/monoscript/fileName/EventDataSet.cs: 219643b14b32f828cebbb2d2ae9fdc7d -> 
  custom:scripting/monoscript/fileName/UsingUnloadSceneAsync.cs: 0bc46c9a1a51d2f8fb2486ce957ad990 -> 
  custom:scripting/monoscript/fileName/UnityEvents.cs: b0e2675a6c0568ce9542790c6e41312b -> 93e3e01e1fc330c62462aa41b286117b
  custom:AudioImporter_EditorPlatform: d09bf68614088b80899f8185d706f6e7 -> 
  custom:scripting/monoscript/fileName/ResourceManagerRuntimeData.cs: 1b7a8a6c7dd023adb09d5675c09d77d6 -> 
  custom:scripting/monoscript/fileName/GoogleSheets.cs: 7f0f9fdedc2ed9e03c1e8497270d9e4a -> 
  custom:scripting/monoscript/fileName/BuildScriptPackedMode.cs: 407a5958a595f4becac3b0cc930fc7a2 -> 
  custom:scripting/monoscript/fileName/PreloadAssetTableMetadata.cs: c595287f8069eb3ccd0af10de5541d79 -> 
  custom:scripting/monoscript/fileName/TaskTimerReporter.cs: 1092576eede58a2418e17f1357b78f6a -> 
  custom:scripting/monoscript/fileName/CommandLineLocaleSelector.cs: c4841077c37069c678d9d656dc0d9455 -> 
  custom:scripting/monoscript/fileName/SystemTime.cs: 989b75921b4f0db5d1aa4f8edabc4363 -> 
  custom:scripting/monoscript/fileName/IGraphLayer.cs: a76f5bd30e23aa5de9f5dc8a7b4efcf0 -> 
  custom:scripting/monoscript/fileName/TypeVersionCheck.cs: 47108c4bb576b50bf383edcb36a61cb6 -> 
  custom:scripting/monoscript/fileName/TreeBuilder.cs: 36b82ae8a43ef47082a423bad7e418ea -> 
  custom:scripting/monoscript/fileName/ISource.cs: c65c24084d429f67ca8753d1e0381364 -> 
  custom:scripting/monoscript/fileName/VariableInterfaces.cs: 10b8c0228a4fe29f9029171fd54f9576 -> 
  custom:scripting/monoscript/fileName/LocalizedAssetDatabase.cs: 3c0f7009033bdd415fc479957937b721 -> 
  custom:scripting/monoscript/fileName/AddressHelper.cs: b53c1a445f5afb9fc6dd620741d0a126 -> 
  custom:scripting/monoscript/fileName/TMP_ResourcesManager.cs: 0d972ba50c38c5b25fe15fb0c61ada2b -> 64252a073d41e9c6f4e95b5f68ac966c
  custom:scripting/monoscript/fileName/TMPro_TexturePostProcessor.cs: d21743efde4e74198703a65b965619ea -> 0750ad2b775120fa59f760172dc340ad
  custom:scripting/monoscript/fileName/UsingLoadResourceLocationsAsync.cs: 740c22efc58708343ed3593e99a08437 -> 
  custom:scripting/monoscript/fileName/BinaryStorageBuffer.cs: aea5e9a2d05029c76f9f73a17b287e21 -> 
  custom:scripting/monoscript/fileName/ResourceManagerCacheWindow.cs: e6140759c281f8efb60128561ae796f5 -> 
  custom:scripting/monoscript/fileName/PropertyDrawerExtended.cs: 54be72df0da399fe9a9cb381ccabf367 -> 
  custom:scripting/monoscript/fileName/TMP_PackageResourceImporter.cs: 5335f4ee7041812300af31a777e4f584 -> 949b6e7fa2132b400d5c4aaf9c34421a
  custom:scripting/monoscript/fileName/TimeFormatter.cs: 21db6b05cfeb66cb0e0b65e44585475d -> 
  custom:scripting/monoscript/fileName/IBuildContent.cs: 985433c3d816b7fe3356ac6fdd88a9c1 -> 
  custom:scripting/monoscript/fileName/MetadataTypeFilterBlock.cs: 1bff0ccf759564feaa35b99a044dc6fc -> 
  custom:scripting/monoscript/fileName/ExportCharacterSetWindow.cs: 706a16bf0fdb4ea73952c05b012a340b -> 
  custom:scripting/monoscript/fileName/AddressableReadOnlyAttribute.cs: 914c40d4b7e39c112d1393ac0c92b23a -> 
  custom:scripting/monoscript/fileName/PlatformUtilities.cs: 235a1dc9d5a05ec2d866fa311b4cb464 -> 
  custom:scripting/monoscript/fileName/UnityWebRequestOperation.cs: 48ce9539f5ab38dbacd1aa0c1352711a -> 
  custom:scripting/monoscript/fileName/ITaskReporter.cs: 222334d27bb058e41592f4c2006132eb -> 
  custom:scripting/monoscript/fileName/TMP_Style.cs: 22d5739edd705d10f980250dcfd7fde0 -> ecc9948baa78373f3076151d1a0642d9
  custom:scripting/monoscript/fileName/xliff-core-1.2-strict.cs: 8f8a4b34cd31e442f3d19a26c24a463a -> 
  custom:scripting/monoscript/fileName/BuildScriptFastMode.cs: 256d014c225478a7ec3003a9ee45d090 -> 
  custom:scripting/monoscript/fileName/StringTableAnalyzeRule.cs: cd9668db3501f87c8d1ec3d7a16e492a -> 
  custom:scripting/monoscript/fileName/UsingGetLocatorInfo.cs: cc431c9ece90188d6cf534e6d841e634 -> 
  custom:scripting/monoscript/fileName/IStartupLocaleSelector.cs: 1c3b752196ad5a776a2ef5b5042697d8 -> 
  custom:scripting/monoscript/fileName/IBuildParameters.cs: 5444d4b7b91f8f230014e0b0f1d671dc -> 
  custom:scripting/monoscript/fileName/SharedTableEntryMetadata.cs: ab49a003f9af305c9b3d04a6d04dc314 -> 
  custom:scripting/monoscript/fileName/TMP_EditorPanelUI.cs: 6242af713a75147e6e5820bfce936424 -> 0c3fb43855adf1da22258c211d01a47d
  custom:scripting/monoscript/fileName/TableCreatorWindow.cs: f8c90f1bf06a3d3de09d0a7e3859c7e7 -> 
  custom:scripting/monoscript/fileName/GameViewLanguageMenu.cs: a7160950e4f733f1fe6340f3228ae820 -> 
  custom:scripting/monoscript/fileName/CacheEntry.cs: 184ec4582c6a111a6d76b26e9882d8ac -> 
  custom:scripting/monoscript/fileName/CalculateCustomDependencyData.cs: 60157e862b4f285cab819b205d1dcc68 -> 
  custom:scripting/monoscript/fileName/RawWriteOperation.cs: 0c25d4a5522f2e528b1c316a8854d37d -> 
  custom:scripting/monoscript/fileName/ManagedReferenceReorderableList.cs: 41ad29151b9c5ce20ec75e81245fce8d -> 
  custom:scripting/monoscript/fileName/TMP_InputField.cs: 8fed3480abb5543168012b207b39349b -> f7712ab842984f124274656d749eca3d
  custom:scripting/monoscript/fileName/TMP_Sprite.cs: e9945527ea1584af23f8f41ce4b844b4 -> 0ee3c386846aa132dd254421fac18cd1
  custom:scripting/monoscript/fileName/IKeyColumn.cs: 79b90bf87dc0f5620ceddf74ee199492 -> 
  custom:scripting/monoscript/fileName/IObjectDependencyData.cs: dab6b9b0a9d3dcde7acff38a7870ced5 -> 
  custom:scripting/monoscript/fileName/MetadataEditorWindow.cs: cad4bf49e0b8fe49b1c0aa5bc922ea2e -> 
  custom:scripting/monoscript/fileName/TMP_StyleSheet.cs: b6deb5f646a1f5ad7b696d32618ba797 -> de73099b6bd4b9281c92feedf1315618
  custom:scripting/monoscript/fileName/HostingServicesAddServiceWindow.cs: fd26c6703e93923a6040252fecaaecbe -> 
  custom:scripting/monoscript/fileName/PostScriptsCallback.cs: 1cec4066ff38f9052245bd85d91b727c -> 
  custom:scripting/monoscript/fileName/LocalizationEditorSettings.cs: fd3346c7d0ae3496cbe7d6a7d180b00c -> 
  custom:scripting/monoscript/fileName/TypicalCharacterSets.cs: 158b906e5ccaddc8b9ac8690d853b22c -> 
  custom:scripting/monoscript/fileName/AddressableAssetsSettingsGroupTreeView.cs: e5fe57585b0651fd01ff393bdf3e4f20 -> 
  custom:scripting/monoscript/fileName/HelpBoxFactory.cs: 8007e8c2f011b397a306593d77e7fd78 -> 
  custom:scripting/monoscript/fileName/LocalesProviderPropertyDrawer.cs: 410e8623c05c065334f8cc6b2bac7fa2 -> 
  custom:scripting/monoscript/fileName/AnalyzeSystem.cs: 128a795ef9670825919b4f5f7818fe78 -> 
  custom:scripting/monoscript/fileName/IResourceProvider.cs: 4e1072087895f7cf2b9fc9e8f681e3cf -> 4b4333faac1f035dca79aa7cb63380b6
  custom:scripting/monoscript/fileName/LocalizationTableCollectionEditor.cs: 01365640e81e8681ffc9814ec8dd8195 -> 
  custom:scripting/monoscript/fileName/IDeterministicIdentifiers.cs: 9fdfcaea74e444a0ad0fcc5b015d955f -> 
  custom:scripting/monoscript/fileName/HostingServicesListTreeView.cs: fafbbca9718fb186abd5a1dc67d1b847 -> 
  custom:scripting/monoscript/fileName/DataBuilderInterfaces.cs: f6426747b57e0f131c6179da6223d701 -> 
  custom:scripting/monoscript/fileName/TMP_PackageUtilities.cs: 029634ff6f667ebc9454d70fde4def50 -> 89e6e95503dd36070edf73e7aaab4557
  custom:scripting/monoscript/fileName/xliff 2.0.cs: 30fa30c8e08fe9ef4314fb2fc5848498 -> 
  custom:scripting/monoscript/fileName/Preferences.cs: fba8ce962f5e3675d075778c4ebed9d6 -> cf725cfda81f82351c3aee08fa8d5584
  custom:scripting/monoscript/fileName/RibbonButton.cs: cc35a659d75241a4e5c50fbc2cece8eb -> 
  custom:scripting/monoscript/fileName/TrackedProperty.cs: 508ed3c5178ba76c746242bd2b5c1dc4 -> 
  custom:scripting/monoscript/fileName/TrackedRectTransform.cs: 65c684135cad645572386a557a068ac4 -> 
  custom:scripting/monoscript/fileName/TMP_GlyphPairAdjustmentRecordPropertyDrawer.cs: 6f07d27e8ea91e29d6bd5f39dd8deb23 -> 1a07941369755af9e0a102a45e9058c5
  custom:scripting/monoscript/fileName/BuildUtility.cs: d01ca5585045ab5318364299e9827882 -> 
  custom:scripting/monoscript/fileName/BuildLauncher.cs: cd7a196a81bca174893f01effa5aecb0 -> 
  custom:scripting/monoscript/fileName/GroupResolverPropertyDrawer.cs: 0b84353927d25e3b6e72076ffc57bce9 -> 
  custom:scripting/monoscript/fileName/TupleExtensions.cs: 0d0a32df9be1ebf54d307c2e175b88e2 -> 
  custom:scripting/monoscript/fileName/VariantsPropertyDriver.cs: ff6aea2deb08c94e58b6323ef3d34b77 -> 
  custom:scripting/monoscript/fileName/AddressableAssetGroupInspector.cs: 3e935212b2fe26486c64b69f39071ac1 -> 
  custom:scripting/monoscript/fileName/CustomLocaleUIWindow.cs: 65a011f1fdcba5bf5771440fddc532e8 -> 
  custom:scripting/monoscript/fileName/IProgressTracker.cs: 59e48e9e64fc66dccd13c436990f26d1 -> 
  custom:scripting/monoscript/fileName/AddressableAssetsWindow.cs: 0ae5a5fe93f233918ab0953c3f43b6da -> 
  custom:scripting/monoscript/fileName/TMP_TextUtilities.cs: f68f97869f24792bf3a3694d69de955c -> aab2855e68416a0a1f2f8904059662aa
  custom:scripting/monoscript/fileName/ConditionalFormatter.cs: 895bd49ad724385e40df5d6f9aabba65 -> 
  custom:scripting/monoscript/fileName/Format.cs: de08f5ed5d2e8d37c71b0489b189a365 -> 
  custom:scripting/monoscript/fileName/LocalizationAssetPostProcessor.cs: 80d768316432a39b5991aad7b0205bce -> 
  custom:scripting/precompiled-assembly-types:Unity.ResourceManager: dcae2e51a059ff7053ed772bcbf9d489 -> 
  custom:scripting/monoscript/fileName/TMP_Dropdown.cs: 39f6048c754db30f2da2ea32254db16b -> ecea2f8babcb40d207d2e73158251f60
  custom:scripting/monoscript/fileName/GraphColors.cs: b18f36856baf49a6bf6d17a60891f129 -> 
  custom:scripting/monoscript/fileName/ParsingErrorEventArgs.cs: 31da2adfcbb342c0c0ef59f997401c41 -> 
  custom:scripting/monoscript/fileName/UsingLog.cs: d5de52935d92bb442d2ef04d5e9271ed -> 
  custom:scripting/monoscript/fileName/TMP_CharacterInfo.cs: d2593478681404ce2cbd40e4e2f8a6d3 -> c840ce0b0aa6c1faafb27b3b884b2328
  custom:scripting/monoscript/fileName/InstantiateAsset.cs: d44163c265bd65961687c7dda9c2b771 -> 
  custom:scripting/monoscript/fileName/IInstanceProvider.cs: c17f61cab582aae12b8e4f575653001d -> 
  custom:scripting/monoscript/fileName/Placeholder.cs: 6a4eed5553844ea901ffaf78dc84c413 -> 
  custom:scripting/monoscript/fileName/UsingLoadResourceLocations.cs: 458ff006fff4b677bd0ca5eae559f67a -> 
  custom:scripting/monoscript/fileName/ContentCatalogProvider.cs: b67cced6bdcda88e8bc8bafba1751ea9 -> 
  custom:scripting/monoscript/fileName/PlayerDataGroupSchema.cs: 6e16a3fdc8daa841ada1b85209f744f7 -> 
  custom:scripting/monoscript/fileName/XliffVersionPopup.cs: 8a43694b088606d76c6fb1f0c1689872 -> 
  custom:scripting/monoscript/fileName/LocaleColumns.cs: e9f25c1e29e738b9449f417f45396960 -> 
  custom:scripting/monoscript/fileName/AddressableAssetsBuildContext.cs: 356f5b7afbbe4f9d6ac7c932081259f2 -> 
  custom:scripting/monoscript/fileName/LinearPackedIdentifiers.cs: f2ab3362c1bcc1efe300438e2ca25a9c -> 
  custom:scripting/monoscript/fileName/CommonStrings.cs: c37303b8ea4b24be7afe89e3c1f096f3 -> 
  custom:scripting/monoscript/fileName/LocaleGeneratorWindow.cs: 799b2eeb79e01d5c89a29f1931eadc0b -> 
  custom:scripting/monoscript/fileName/RevertUnchangedAssetsToPreviousAssetState.cs: 460b548d6d2a27380a55b9d51aa2a91b -> 
  custom:scripting/monoscript/fileName/TMP_ListPool.cs: 8f6297df34271fdb1ce2d9607ec6261d -> 90647cc400823b41df847a6cbfc29026
  custom:scripting/monoscript/fileName/AddressableAssetBuildSettings.cs: c644429e8088e25eab8e9c6c7473dd16 -> 
  custom:scripting/monoscript/fileName/ContentUpdateScript.cs: 15966d4e73e1ff0eeef8a7e41df54762 -> 
  custom:scripting/monoscript/fileName/UpdateCatalogsOperation.cs: 22a4d3f0567324ebd120b6c47114c414 -> 
  custom:scripting/monoscript/fileName/PreloadWithProgress.cs: ea27ff46b79180ee449915c2e16c4bde -> 
  custom:scripting/monoscript/fileName/UsingLoadContentCatalog.cs: 38bd95a6b4ed2cb3d62efb083ed7d0db -> 
  custom:scripting/monoscript/fileName/AddressableAssetProfileSettings.cs: a6f00f6a629984367397b66ab11cf3e3 -> 
  custom:scripting/monoscript/fileName/ReorderableListExtended.cs: f9dc20a256c63e7f71735f925435c80b -> 
  custom:scripting/monoscript/fileName/KeyColumn.cs: 33384a623481627b39333b7f9937771e -> 
  custom:scripting/monoscript/fileName/UsingAddResourceLocator.cs: b4d8932cd48c7c3120bb8c3c860610b2 -> 
  custom:scripting/monoscript/fileName/LocalizedAsset.deprecated.cs: 90647cc400823b41df847a6cbfc29026 -> 
  custom:scripting/monoscript/fileName/MaterialReferenceManager.cs: eaedc912311d98c6b58e199f6250c848 -> c970e86594a0f568cbda548f2d4462c1
  custom:scripting/monoscript/fileName/UsingReleaseInstance.cs: c3c16d0bb36b247436faab1f884133c7 -> 
  custom:scripting/monoscript/fileName/LocalizedAssetPropertyDrawer.cs: 0bc5cc3a2b9703285d7c19793be376fc -> 
  custom:scripting/monoscript/fileName/SearchBridge.cs: 9fb5fd48519d03f863661aeae4f73963 -> 
  custom:scripting/monoscript/fileName/AssetSettingsAnalyzeTreeView.cs: 8dce9d91b61072395655d33d05e5ffbc -> 
  custom:scripting/monoscript/fileName/ITextPreProcessor.cs: 28ed6b2ca482997555fb0291bd20c40d -> a7aa94de5d5bfce2bdd74516315faaf2
  custom:scripting/monoscript/fileName/DetailsView.cs: 0b2675f54fd32b068a74f7e2e7734c07 -> 
  custom:scripting/monoscript/fileName/LocalizedReference.cs: a4da1644d2be6fb8c401848c449fae25 -> 
  custom:scripting/monoscript/fileName/LocalizedDatabase.cs: 93d371750c467e037c3ea038199d85e7 -> 
  custom:scripting/monoscript/fileName/CcdFolder.cs: 56722f7ecef4cc8e5c97ffaca6ab3b01 -> 
  custom:scripting/monoscript/fileName/CsvExtension.cs: b6375f38b3cb7554695596b1d78363bd -> 
  custom:scripting/monoscript/fileName/EditorStylesBridge.cs: 39a26f78cf8152891f3ac69835b6c9c8 -> 
  custom:scripting/monoscript/fileName/AnalyzeRuleGUI.cs: 60c2d04e6f960fbcbfd16cc17b8c19ff -> 
  custom:scripting/monoscript/fileName/ResourceProfilerWindow.cs: ca7d053306b5efbb5532faf2f4cfbabb -> 
  custom:scripting/monoscript/fileName/InitializationOperation.cs: f766b1fa87a066b35ffd7343731b6422 -> 
  custom:scripting/monoscript/fileName/BuildPlayerScripts.cs: 0f2fc29cfe25da306bd11569a87e99c9 -> 
  custom:scripting/monoscript/fileName/LocalizedStringProperty.cs: 0dbcb3bcf93b4b40f6e44a93a74938b4 -> 
  custom:scripting/monoscript/fileName/TMPro_EditorShaderUtilities.cs: 1203fb3feabf58cb81d888055364f838 -> f4cbef9348a73d49f1efb8d10ff07bf0
  custom:scripting/monoscript/fileName/DetailedLocalizationTable.cs: e69c025ad3e441f8e81e685cf7c38fee -> 
  custom:scripting/monoscript/fileName/TrackedObjectPropertyDrawer.cs: a6f38ecf4a34c8c6184c9ff9c6048b2e -> 
  custom:scripting/monoscript/fileName/BuildReportUtility.cs: 9673d408d6a745435383c0b5a61feac8 -> 
  custom:scripting/monoscript/fileName/CharacterSubstitutor.cs: a3af0b13571126405796e2f0e61ab276 -> 
  custom:scripting/monoscript/fileName/BuildWriteData.cs: 2cea0300b77fdbda33a3d90a3f600b08 -> 
  custom:scripting/monoscript/fileName/TableReferenceField.cs: 90647cc400823b41df847a6cbfc29026 -> 
  custom:scripting/monoscript/fileName/GlyphMetricsPropertyDrawer.cs: dd0833870bcea17556e6d67c750c6ffc -> 438b07e6eae795dab04c32f51ac4e752
  custom:scripting/monoscript/fileName/UsingInitializationOperation.cs: c3576808e14df573c7f940fafadca68f -> 
  custom:scripting/monoscript/fileName/AddressableAssetSettingsDefaultObject.cs: e7981c910f66dfbaf031c8ce8716e4f6 -> 
  custom:scripting/monoscript/fileName/Exceptions.cs: 412c401d1d396e1eee18cd9d9cc157b8 -> 
  custom:scripting/monoscript/fileName/LocalizeComponent_TMP.cs: e74f7f49c0b247f0cb4e02447fd7e9cc -> 
  custom:scripting/monoscript/fileName/EventGraphListView.cs: de869ea95eb3694d669a2710037bb50e -> 
  custom:scripting/monoscript/fileName/LoadSingle.cs: 880778b8117824ff44060799dd352fa2 -> 
  custom:scripting/monoscript/fileName/TableEntryData.cs: c809fff9973eeaf8b3c0d60d64b44264 -> 
  custom:scripting/monoscript/fileName/BuildLogger.cs: 43407796209bdb1c93ac5513c6439a81 -> 
  custom:scripting/monoscript/fileName/StringTableCollection.cs: 91ea2e4f7264f29a38e8e63e38c552de -> 
  custom:scripting/monoscript/fileName/AddressableAssetGroupSchemaTemplate.cs: d73ce95c2dfc9b4c0fde34851827da9b -> 
  custom:scripting/monoscript/fileName/SerializedPropertyExtensionMethods.cs: eaadf892f506a66fdf1e59610f3c67d5 -> 
  custom:scripting/monoscript/fileName/LocalizeComponent_UGUI.cs: d9dfd7c3f9441d9575953ba2de5e352e -> 
  custom:scripting/monoscript/fileName/TemplateFormatter.cs: bd24e4ce648e0cae429703c2987d84c5 -> 
  custom:scripting/monoscript/fileName/DiagnosticEvent.cs: 702c10d90db28a97fd0e8756d49db9b4 -> 
  custom:scripting/monoscript/fileName/LazyLoadExtendedExtensionMethods.cs: 34b6f5275913b9315afb87731e0bef09 -> 
  custom:scripting/monoscript/fileName/PreloadDatabaseOperation.cs: 90647cc400823b41df847a6cbfc29026 -> 
  custom:scripting/monoscript/fileName/GraphUtility.cs: 5afa00e65f4919d2ebe25a22961b605f -> 
  custom:scripting/monoscript/fileName/BuildSpriteData.cs: c829088ed78bbbb541c4780bcaac9f9e -> 
  custom:scripting/monoscript/fileName/FormattingInfo.cs: 97c0019ac7f765994c01cec0c82dd548 -> 
  custom:scripting/monoscript/fileName/Resources.cs: 806710d1bdd119505abf56504728557f -> 
  custom:scripting/monoscript/fileName/ContentUpdateGroupSchema.cs: 9e1cb9fabd3acb0df685aad9daf99311 -> 
  custom:scripting/monoscript/fileName/VirtualAssetBundle.cs: 403fdc42b77beb8d4211956d924af8e5 -> 
  custom:scripting/monoscript/fileName/SheetColumn.cs: b060370ca277620b00a8ec2a4a511a7e -> 
  custom:scripting/monoscript/fileName/IBuildCache.cs: b89b6b1c01287101de59d979a61eafa2 -> 
  custom:scripting/monoscript/fileName/DownloadError.cs: 4dad68064f707b99c6cb17716b913a42 -> 
  custom:scripting/monoscript/fileName/TMP_DefaultControls.cs: 1798ee96b3c83cf7d4cea690bb04976a -> 2673e29173eb9307fa53ee17c15332ed
  custom:scripting/monoscript/fileName/ResourceManagerConfig.cs: ba4b09dddabfb0a9908b831adcbc32da -> 
  custom:scripting/monoscript/fileName/AnalyzeWindow.cs: 789504cef1e343db279db2e1f608d50e -> 
  custom:video-encoder-webm-vp8: eb34c28f22e8b96e1ab97ce403110664 -> 
  custom:scripting/monoscript/fileName/AddressableAssetGroupSchema.cs: f12b9ab2aa4369c69d27273911963f33 -> 
  custom:scripting/monoscript/fileName/Locale.cs: de079f249b2a545788fb6d622412cf5f -> 
  custom:scripting/monoscript/fileName/ProfilerGUIUtilities.cs: 9c89115069c1afd29c613975c9a7c8eb -> 
  custom:scripting/monoscript/fileName/UsingPlayerBuildDataPath.cs: 8d88572d1e8a5540293b9d7c23c70a94 -> 
  custom:scripting/monoscript/fileName/TextWriterOutput.cs: c32c39b26b374c5d343f12e35db736e1 -> 
  custom:scripting/monoscript/fileName/DrivenPropertyManagerBridge.cs: d9cb7d8f01ffda0720c60ebedad5c7cc -> 
  custom:scripting/monoscript/fileName/SerializedTableEntryReference.cs: 311909d971b38dba9189d907c651eae6 -> 
  custom:scripting/monoscript/fileName/InstantiateReference.cs: 5403c206232c9aa90255e8ff74156031 -> 
  custom:scripting/monoscript/fileName/TMP_RichTextTagsCommon.cs: d28b21b13d6cea8fa92671f9a2a1f20d -> 5462d55f8a9ad882f9a7f2d708a6978b
  custom:scripting/monoscript/fileName/SystemLanguageConverter.cs: 4ce0159e20d0344be52acc58a00aac29 -> 
  custom:scripting/monoscript/fileName/FormatterBase.cs: ac96c2e5e2c31f72cb7ad539f401004c -> 
  custom:scripting/monoscript/fileName/TMPro_ExtensionMethods.cs: 3d34decc871f763d4c9c61f1fe0f3275 -> 479bffcc157b89693ffc4c2ef2374861
  custom:scripting/monoscript/fileName/ContextInjector.cs: be93aa05045a7a9adf91118021d7b9ef -> 
  custom:scripting/monoscript/fileName/IWriteOperation.cs: f992fc85bf839520185f31965947c71e -> 
  custom:scripting/monoscript/fileName/AssetInspectorGUIGroupsPopup.cs: e9a72325a30971ea3216354ca740e9b2 -> 
  custom:scripting/monoscript/fileName/AssetTableAnalyzeRule.cs: b7d94fe7a477914ec39421bc6fba7655 -> 
  custom:scripting/monoscript/fileName/SceneManagerState.cs: e96ca7b00cc9f087dfa5c0ffb14a37cd -> 
  custom:scripting/monoscript/fileName/ChooseFormatter.cs: 2802a0dc2450f4871bf8f9a1b2dcee6d -> 
  custom:audio-decoder-ogg-vorbis: bf7c407c2cedff20999df2af8eb42d56 -> 
  custom:scripting/monoscript/fileName/AssetReference.cs: 76bfbd8e294384c1c347c42399db9e07 -> 
  custom:scripting/monoscript/fileName/SwitchToBuildPlatform.cs: 302951eb00ef533a7f8d4e2af60b1dbb -> 
  custom:scripting/monoscript/fileName/GraphLayerBarChart.cs: 9f45f25191c95d5d2d84bd14688552c7 -> 
  custom:scripting/monoscript/fileName/Addressables.cs: 97005ecac3074f5b10ed915cd71e993c -> 
  custom:scripting/monoscript/fileName/AddressableAssetsSettingsGroupEditor.cs: f02f24c2afc8e3ef10c44d1e2d8d3575 -> 
  custom:scripting/monoscript/fileName/ArchiveAndCompressBundles.cs: a4f30b836ec7f461da7b1d8eed932e91 -> 
  custom:scripting/monoscript/fileName/PersistentVariablesSource.cs: 8a70f7886f76a206427f418e50501067 -> 
  custom:scripting/monoscript/fileName/LoadSubAssetOperation.cs: 90647cc400823b41df847a6cbfc29026 -> 
  custom:scripting/monoscript/fileName/GlobalVariableGroupList.cs: 4adc0a16a89245e475f8582d24717b1b -> 
  custom:scripting/monoscript/fileName/GenericAssetTableListView.cs: 90647cc400823b41df847a6cbfc29026 -> 
  custom:scripting/monoscript/fileName/ToggleTextExpansionButton.cs: 5e3a0de12eedaf7424fcfabba9691241 -> 
  custom:scripting/monoscript/fileName/TMPro_MeshUtilities.cs: 183dd3a7e1b70c109767dd5059a390dd -> 2237d160e4d9e81a7d899dc235029cb3
  custom:scripting/monoscript/fileName/IOutput.cs: dcaf05008d78c70ba61a8639cc3b5711 -> 
  custom:scripting/monoscript/fileName/TMP_Compatibility.cs: d5209fd9c6a9aef9cccdbfb4f06bd571 -> 3ef1f12d3c823dd740c7c596ab076c61
  custom:scripting/monoscript/fileName/MD4.cs: 78155ea9dc73b12fc02ca5bf12ab1a89 -> eb4100b4258ba66e68a6a8330d8ed4cc
  custom:scripting/monoscript/fileName/UsingLogError.cs: ca406f2ea6e5002a045b82d1fc9232ac -> 
  custom:scripting/monoscript/fileName/BuildReportListView.cs: 63024c384c55ce2d78218c30fa5b3286 -> 
  custom:scripting/monoscript/fileName/PersistentVariablesSourcePropertyDrawer.cs: 46668d182d929b302b9563cdac758c5d -> 
  custom:scripting/monoscript/fileName/SceneBundleWriteOperation.cs: 32514961e31a58db7f78c6fb8757c75f -> 
  custom:scripting/monoscript/fileName/ProviderOperation.cs: 359d3d2b7bdb2b25c440e8dd34d4c52f -> 
  custom:scripting/monoscript/fileName/ExcludeEntryFromExport.cs: 93a8a763d3ee02fc66a054b5ecfa4bf3 -> 
  custom:scripting/monoscript/fileName/UsingLoadAsset.cs: b4c715f94f7120e3a57ccf73f3acea26 -> 
  custom:scripting/monoscript/fileName/IBuildLog.cs: 543b8847c6c9094f2d90357f2bde8b30 -> 
  custom:scripting/monoscript/fileName/UsingLogWarningFormat.cs: 76e1ccaff1c5450ad15b234ead0ba335 -> 
  custom:scripting/monoscript/fileName/AddressablesFileEnumeration.cs: bfb1f2c5ec676ce8d74e0463cda8b6f5 -> 
  custom:scripting/monoscript/fileName/TrackedObject.cs: 89213e9c6163fc9594e69e0dedf28a31 -> 
  custom:scripting/monoscript/fileName/GraphLayerBase.cs: cd1b1c7dea284c43bb00c40801ef69b4 -> 
  custom:scripting/monoscript/fileName/LocaleMetadataColumn.cs: 90647cc400823b41df847a6cbfc29026 -> 
  custom:scripting/monoscript/fileName/AssetPreviewBridge.cs: 35d3a0194ac9daf6d1ce948bec112bc6 -> 
  custom:scripting/monoscript/fileName/PreloadTablesOperation.cs: 90647cc400823b41df847a6cbfc29026 -> 
  custom:scripting/monoscript/fileName/TMP_SpriteAssetImportFormats.cs: 3cc56654a2015a96112916e9636fbe6f -> 920e3140228fbd530b0080254da22d88
  custom:scripting/monoscript/fileName/TMP_StyleAssetMenu.cs: d695e815510410a6715fa00ae5e73f57 -> 60e7743122a0686d1131101c521adac6
  custom:scripting/monoscript/fileName/TreeViewPopupWindow.cs: 71d9604f98dc014c52ef050cea09ecac -> 
  custom:scripting/monoscript/fileName/TMP_MaterialManager.cs: 1382feee688fee3eebaa5e9d7b47e98d -> 441d72ec3c04a8da6a351f60fff95465
  custom:scripting/monoscript/fileName/TMP_SpriteAsset.cs: b46309090c7f7da519ff6ef3172bd077 -> 8d06882cb45c7664f8d7c3079ee8757f
  custom:scripting/monoscript/fileName/SmartFormatter.cs: f34bc06594bdee80b269e19401b8aba4 -> 
  custom:scripting/monoscript/fileName/ProjectTablesPopup.cs: 28979e04f31961051c293d0adc51f576 -> 
  custom:scripting/monoscript/fileName/LocalizationBehaviour.cs: ded1320009016dccf0810e1c4ac54017 -> 
  custom:scripting/monoscript/fileName/IAssetRepresentationData.cs: 4fd3029c6ddc21ad01839cd63f7e8552 -> 
  custom:scripting/monoscript/fileName/UsingLoadAssetAsync.cs: 4ef31e1080fb85ec99c3382efec38d20 -> 
  custom:scripting/monoscript/fileName/KeyDataStore.cs: e3ad8b8f65521a454232ae6811a3b1bc -> 
  custom:scripting/monoscript/fileName/UsingCheckForCatalogUpdates.cs: cf1b4ffef81add1b9bd84a09f743af6e -> 
  custom:scripting/monoscript/fileName/ProfileValueReferenceDrawer.cs: 55f45d707eb32511a816eb67b4ca9229 -> 
  custom:scripting/monoscript/fileName/SmartFormatFieldIMGUI.cs: 5ca4ec6f7bfd8dd8d129196f194fe833 -> 
  custom:scripting/monoscript/fileName/AppendBundleHash.cs: 4b529c191f72e41deab5ef0b8d08bb2f -> 
  custom:scripting/monoscript/fileName/StringTableTreeViewItem.cs: c2ef9e1e64fa3773990769ae8703336d -> 
  custom:scripting/monoscript/fileName/AssetTableSearchProvider.cs: 17c3a703a89bde1dba6d6fafae9f82b0 -> 
  custom:scripting/monoscript/fileName/DrivenPropertyManagerInternalBridge.cs: c95964264208278c2ccee835a9bfa282 -> 
  custom:scripting/monoscript/fileName/LoadAllTablesOperation.cs: 90647cc400823b41df847a6cbfc29026 -> 
  custom:scripting/monoscript/fileName/UsingWebRequestOverride.cs: 2570c5e52dda08ad8a88e55c106f50b0 -> 
  custom:scripting/monoscript/fileName/GoogleSheetsExtension.cs: 5ae28c2872b3af918161cc445fb051a2 -> 
  custom:scripting/monoscript/fileName/EventViewerWindow.cs: 0be55eecbc915a9e2f41a2c41614b95a -> 
  custom:scripting/monoscript/fileName/AddressablesGUIUtility.cs: 323b19d259de4b8820765598e616714a -> 
  custom:scripting/monoscript/fileName/UsingDownloadDependencies.cs: 72cd3c673f0557b6751dd905b9872c3a -> 
  custom:scripting/monoscript/fileName/BinaryDataProvider.cs: a67f6d13810a8d73b44b9863e23d9ba0 -> 
  custom:scripting/monoscript/fileName/Serializer.cs: 6c1de1ff1b6b7616ec79b8ee1445add4 -> d7df1b97d0a3bd0bb98fd4d2d5bf5d29
  custom:scripting/monoscript/fileName/CheckSceneDupeDependencies.cs: c529005c08ddbfa31e634028937294c1 -> 
  custom:scripting/monoscript/fileName/IUpdateReceiver.cs: 48a33d839dac2a0f5c36263c421e463f -> 
  custom:scripting/monoscript/fileName/PseudoLocale.cs: 89e00a147380d9660dd1acc9b2196105 -> 
  custom:scripting/monoscript/fileName/SceneProvider.cs: 9b94da4a27e1351d1df6f2660fe324dc -> 
  custom:scripting/monoscript/fileName/AddExceptionHandler.cs: 814677db171e6aa3b4f0d7ef90229201 -> 
  custom:scripting/monoscript/fileName/BuildReportWindow.cs: a4e7973ca496740ebc9c115609f390ab -> 
  custom:scripting/monoscript/fileName/ReflectionSource.cs: 2c2fec5f34edfaf76e30e5e42c4d817a -> 
  custom:scripting/monoscript/fileName/ResourceProviderBase.cs: 62af7bda013206a02f2f9452cb0f8989 -> 
  custom:scripting/monoscript/fileName/GenerateBundlePacking.cs: e605bef1aeac04a952cb03f12b7d1b74 -> 
  custom:scripting/monoscript/fileName/Message.cs: 8a00dcc181642c768fc9c0486848903e -> 671a789acb2c7a93d0b620fe02979957
  custom:scripting/monoscript/fileName/PlayerPrefLocaleSelector.cs: 57def7a4fa3fa350e1b2df42e4784a68 -> 
  custom:scripting/monoscript/fileName/IFormattingInfo.cs: eb6d66d2caa614850a46e5daee9b3fc9 -> 
  custom:scripting/monoscript/fileName/TrackedEnumPropertyDrawer.cs: 0d5b1f0b77d16341d3a3f220fa7fa80e -> 
  custom:scripting/monoscript/fileName/LocalizedMonoBehaviour.cs: b61bb657e1c1e576571aa984fb302c97 -> 
  custom:scripting/monoscript/fileName/LocaleAnalyzeRule.cs: 88d6e40d85d4012e906e1ff810d3f034 -> 
  custom:scripting/monoscript/fileName/LocalizeStringEventEditor.cs: ccc27b38b192df11d9a2e4fb41d73621 -> 
  custom:scripting/monoscript/fileName/UsingGetDownloadSize.cs: d7599184ac35f048ee27a6210da6d7b2 -> 
  custom:scripting/monoscript/fileName/PlatformOverridePropertyDrawer.cs: e15681ffcd48f420737aa7371edcb885 -> 
  custom:scripting/monoscript/fileName/AssetReferenceDrawer.cs: 56a8795a444b37848d7999c44498794e -> 
  custom:scripting/monoscript/fileName/UnityObjectProperty.cs: 138114858cc3ac5d0de2078604fa267c -> 
  custom:scripting/monoscript/fileName/AssetAddress.cs: ac3b37217f24e8586278346d04e09cd2 -> 
  custom:scripting/monoscript/fileName/TMP_ResourcesLoader.cs: f71e35ced40721d6906e578fb6e7f0e9 -> 6f1f07799f3cfe795f955033c27f98ed
  custom:scripting/monoscript/fileName/CustomTrackedObject.cs: af5778b1246d0271acd70b951188544a -> 
  custom:scripting/monoscript/fileName/JsonSerializerTrackedObject.cs: 25de30db3ebb70fea4e5431a54bc409d -> 
  custom:scripting/monoscript/fileName/GenerateBundleMaps.cs: 9a1c9e701ac353a3e9f794fda78e0a1c -> 
  custom:scripting/monoscript/fileName/SceneStateCleanup.cs: 31db7f5f98e9a1c904a3b9e4c43aa24b -> 
  custom:scripting/monoscript/fileName/ProfileValueReference.cs: 60d7ef76945b04b56b4eafa354becd13 -> 
  custom:scripting/monoscript/fileName/RectExtensionMethods.cs: 15af90487df8dce9a257f973d6071802 -> 
  custom:scripting/monoscript/fileName/IconInfo.cs: 160b44f0d2216696ea49867ccf2eee94 -> 
  custom:scripting/monoscript/fileName/WaitForCurrentOperationAsyncOperationBase.cs: 90647cc400823b41df847a6cbfc29026 -> 
  custom:scripting/monoscript/fileName/AddressableAssetsSettingsLabelMaskPopup.cs: 15c3e60ed1f77da6c3de9dac046fb5c1 -> 
  custom:scripting/monoscript/fileName/CheckBundleDupeDependencies.cs: 374cdc2cc7c535d6809152f40c9a103c -> 
  custom:scripting/monoscript/fileName/ChainOperation.cs: 0cdf409b5aa8d4c25876d72b5c6a3b60 -> 
  custom:scripting/monoscript/fileName/DictionarySource.cs: 6f2a4bb590769345849b98dce1c07d12 -> 
  custom:scripting/monoscript/fileName/ITrackedProperty.cs: d983a936c99019a5c13fe4389682bea5 -> 
  custom:scripting/monoscript/fileName/ExporterWindow.cs: c09c3c995fa1f5bf53a1d19b5bc49001 -> 
  custom:scripting/precompiled-assembly-types:Unity.Localization.Editor: 5d2eeb14fb4858f024baf04ba6fb74ee -> 
  custom:scripting/monoscript/fileName/PseudoLocaleEditor.cs: 5289cf8f68b1016d5c16283efbb5b50e -> 
  custom:scripting/monoscript/fileName/IWriteData.cs: f2a238486c9cc3a5a9e531c07d54f232 -> 
  custom:scripting/monoscript/fileName/SubStringFormatter.cs: d27127dcdcff3d6a6bf91ad24976fb03 -> 
  custom:scripting/monoscript/fileName/GetTableEntryOperation.cs: 90647cc400823b41df847a6cbfc29026 -> 
  custom:scripting/monoscript/fileName/IResourceLocator.cs: b2e0cb99edb7f8acdfb948f7c5abcc89 -> 
  custom:scripting/monoscript/fileName/TMP_FontFeaturesCommon.cs: 89ff6ee76bb6f84827488d597e70ea5a -> 7d1db71d73353e7dd97f094c509882fa
  custom:scripting/monoscript/fileName/TMP_LineInfo.cs: 22ff02e7762110d3cc1f4bc096ea014d -> bb529d63c9723788bd7143f27cd69eaf
  custom:scripting/monoscript/fileName/LoginManager.cs: 3cc846c0f24614c9b07317b57418305e -> 
  custom:scripting/monoscript/fileName/LocalizedTablePropertyDrawer.cs: 0cdf409b5aa8d4c25876d72b5c6a3b60 -> 
  custom:scripting/monoscript/fileName/DirectoryUtility.cs: 7f3417d7d989e1073b51cdd50e2a0ba7 -> 
  custom:scripting/monoscript/fileName/WriteSerializedFiles.cs: 9c94ef6dac7108c5c9e0e92e832d5652 -> 
  custom:scripting/monoscript/fileName/BuildInterfacesWrapper.cs: aeca1257cd6ce17b667e21eeaeaba2db -> 
  custom:scripting/monoscript/fileName/VirtualAssetBundleRuntimeData.cs: 0f082cd849e6c61750c94fcc2e75e117 -> 
  custom:scripting/monoscript/fileName/ExtractDataTask.cs: a844ae830f3f5df3fb6c54ab468ddace -> 
  custom:scripting/monoscript/fileName/UsingRelease.cs: fca514b803887fb50a72e60e2edc6e73 -> 
  custom:scripting/monoscript/fileName/TMP_EditorPanel.cs: 0bd13db7cdfa07805bfadd631c0ddba8 -> 0631f68be4ca0623bf3e313ec9becbc9
  custom:scripting/monoscript/fileName/GraphDefinition.cs: e09273cb36df8ae7a46262b1952f3139 -> 
  custom:scripting/monoscript/fileName/DrivenPropertyDrawer.cs: 3773c3ef1ab8d93199226a119bcb112f -> 
  custom:scripting/monoscript/fileName/BinaryAssetProvider.cs: 90647cc400823b41df847a6cbfc29026 -> 
  custom:scripting/monoscript/fileName/Parser.cs: 082be29f569b7794c0c835c3d0290420 -> 
  custom:audio-encoder-webm-vorbis: bf7c407c2cedff20999df2af8eb42d56 -> 
  custom:scripting/monoscript/fileName/AssetBundleProvider.cs: a2949b4b16d373cfbf19d37cfdd11a8e -> 
  custom:scripting/monoscript/fileName/PreloadLocaleOperation.cs: 90647cc400823b41df847a6cbfc29026 -> 
  custom:scripting/monoscript/fileName/PersistentVariables.cs: a29cf4f8582da36b7e154c7f132e1839 -> 
  custom:scripting/monoscript/fileName/GroupOperation.cs: eee591da54a0f1ae36170f745e49c05d -> 
  custom:scripting/monoscript/fileName/LocalizedTable.deprecated.cs: 90647cc400823b41df847a6cbfc29026 -> 
  custom:scripting/monoscript/fileName/SearchStringFilters.cs: 4d7d8cf372189e17e866e05056276254 -> 
  custom:scripting/monoscript/fileName/TMP_BaseShaderGUI.cs: 2c2d4519754bb0c1dd0a107014b7ac8a -> 25118693f24c47c8a4b530b8bff26574
  custom:scripting/precompiled-assembly-types:Unity.InternalAPIEditorBridge.013: 2e95a84cb14aa75935ceeef900c171f9 -> 
  custom:scripting/monoscript/fileName/ThreadingManager.cs: c9fc7fb2e109a60745bd85a84c04e0b5 -> 
  custom:scripting/monoscript/fileName/TMP_SpriteAssetImporter.cs: 06875a6ac5102e58811218e1c5dd33ca -> 675c97d72afe988872a20f51812f7cdf
  custom:scripting/precompiled-assembly-types:Unity.Addressables.Editor: aa5183db1b9e86b063a06692248915d1 -> 
  custom:scripting/monoscript/fileName/MetadataValueFilterBlock.cs: 728f7b5fd4a16a2f63dfdd883d114e84 -> 
  custom:scripting/monoscript/fileName/BatchBuild.cs: cb06cec2249dcc7ac18c058e4b636f70 -> 
  custom:scripting/monoscript/fileName/ResourceLocationBase.cs: c3b5405c2e1e395381cef3d25640b4e4 -> 
  custom:scripting/monoscript/fileName/HostingServicesProfileVarsTreeView.cs: 7040c45d43d56a2a8ef4e6bdf18397e9 -> 
  custom:scripting/monoscript/fileName/LocalizedString.deprecated.cs: 545d485f0d4cb8821426c1d8631e66cc -> 
  custom:scripting/monoscript/fileName/MyRule.cs: fb081a8469f2db0c39e3ac021d0dc386 -> 
  custom:scripting/monoscript/fileName/TMP_SpriteAssetEditor.cs: 7dcaf47692799a91aa4e5cd439bc54d0 -> 8a42af05e85c0eed4128787976375b45
  custom:scripting/monoscript/fileName/SmartFormatTag.cs: 49a58b809bfff90c1dbbe4e12f7694dd -> 
  custom:scripting/monoscript/fileName/SerializationUtilities.cs: 8523441720eefd3a9494773eae726d9f -> 
  custom:scripting/monoscript/fileName/UsingClearResourceLocators.cs: 1faddf31e673301b425e2bd25a50715e -> 
  custom:scripting/monoscript/fileName/CustomDataBuilder.cs: d4b12c0fd8df55a189b353b991138263 -> 
  custom:scripting/monoscript/fileName/AssetLabelReferenceDrawer.cs: 62d02ad89b50d7ddfa94ad44619ed980 -> 
  custom:scripting/monoscript/fileName/AssetTableCollection.cs: 200f3008c9a542f1c46cce8de2b79cd9 -> 
  custom:scripting/monoscript/fileName/LocalizationSettingsEditor.cs: ac806a0ff0f97756d81f4b98267cefa6 -> 
  custom:scripting/monoscript/fileName/AddressableAssetsSettingsGroupEditorBuildMenu.cs: 130a166dfa91c0f499acbf93389ff033 -> 
  custom:scripting/precompiled-assembly-types:Unity.Localization: 4e068a755772d41f32e96febce1f3552 -> 
  custom:scripting/monoscript/fileName/IKeyGenerator.cs: 04122a5aea0cd6145cf09059544820d6 -> 
  custom:scripting/monoscript/fileName/StringOutput.cs: 64b5890aa803dd45d41b02c6ac0b392e -> 
  custom:scripting/monoscript/fileName/LoadWithIEnumerator.cs: 6b5b2bfd5ab0c2df9042f945ab9629fb -> 
  custom:scripting/monoscript/fileName/PathHelper.cs: cca02ea342dcb7479a5c2bbb3155289d -> 
  custom:scripting/monoscript/fileName/TMP_Character.cs: 2bff3626198e4d2228876f1e687078e0 -> 015720458ea991fbf07357eae19532db
  custom:scripting/monoscript/fileName/ExpanderPropertyDrawer.cs: 7d57d078f9777aae981799ba11cb1e11 -> 
  custom:scripting/monoscript/fileName/LiteralText.cs: 238c4ad82942ff5223bb3f444aca907f -> 
  custom:scripting/monoscript/fileName/PluralRules.cs: ecd3e05bf1b0b0dbb1bc5e1c512d3cd8 -> 
  custom:scripting/monoscript/fileName/VirtualBundledAssetProvider.cs: 1ca7323a85935ccecc1db16d28a14120 -> 
  custom:scripting/monoscript/fileName/TMP_SubMesh.cs: ff760a824537d48706351b95c8d4be21 -> 9fd75270af40187985e5c14cc85ebe42
  custom:scripting/monoscript/fileName/DataNotReadyException.cs: af9f2b47c960fba1b52f58b39c3a3a06 -> 
  custom:scripting/monoscript/fileName/EditorApplicationBridge.cs: 4838f56bab35576c09073dc719618c40 -> 
  custom:scripting/monoscript/fileName/IHostingService.cs: 6c8a878c5b16abcf226c43968fb38da8 -> 
  custom:scripting/monoscript/fileName/MainToolbar.cs: 8739d65579e16d3b3d50df04262a997b -> 162e661b90bc0601e328b0d9c9a85d04
  custom:scripting/monoscript/fileName/BuildDependencyData.cs: e86421eb6cd5a56c2f29fe865b6f6634 -> 
  custom:scripting/monoscript/fileName/AddressableAssetPostProcessor.cs: 65b31ffd1109616e5262d25a0e44e378 -> 
  custom:scripting/monoscript/fileName/UpgradeNotifications.cs: 8eb227a30469cc47fdcd13ad04b25121 -> 
  custom:scripting/monoscript/fileName/CompatibilityBuildPipeline.cs: facf82cb07a5c10c38b56a00da8757a5 -> 
  custom:scripting/monoscript/fileName/ResourceLocationMap.cs: eab26fa0984b2b8a6831e68cfc17f3ba -> 
  custom:scripting/monoscript/fileName/CheckCatalogsOperation.cs: b8f50d313d9537eebcb562d1a1693d53 -> 
  custom:scripting/precompiled-assembly-types:Assembly-CSharp: 2cbfae8b666d71ad3616fa756119a2ed -> 23d2d55aeb5a6b7315fcf0fa9120d6a2
  custom:scripting/monoscript/fileName/LoadLocation.cs: 943ae4c59d7798dc2bd5ffe4030f1aed -> 
  custom:scripting/monoscript/fileName/ReorderableList.cs: f23c68ce60a5ee883b1eed9588e9f992 -> 
  custom:scripting/monoscript/fileName/IKeyEvaluator.cs: 15673ccb00d128582325262f9311b111 -> 
  custom:scripting/monoscript/fileName/AddressablesPlayerBuildProcessor.cs: 339cbfdfac0ee359959e3c1a4e5d66bc -> 
  custom:scripting/monoscript/fileName/LegacyResourcesLocator.cs: 1678ad496fbbc5650c83b00a5a066deb -> 
  custom:scripting/monoscript/fileName/SmartFormatPools.cs: 0fb1c53ee68649c64d53ebdc9d790b71 -> 
  custom:scripting/monoscript/fileName/TMP_CoroutineTween.cs: d4d869f6662b40274a62453f83c8a425 -> 76849b8d6d4ce499ad8ffee762e4a4af
  custom:scripting/monoscript/fileName/PropertyDriver.cs: 90647cc400823b41df847a6cbfc29026 -> 
  custom:scripting/monoscript/fileName/SummaryRowBuilder.cs: ae93d6fed5d1ace44616875d65c4ce3c -> 
  custom:scripting/monoscript/fileName/TextDataProvider.cs: 43da5cf6551caea5e5114202822256d1 -> 
  custom:scripting/monoscript/fileName/ContentView.cs: c5b21a5d97cadc9ebbc0786a1877a5f2 -> 
  custom:scripting/monoscript/fileName/PrefColorBridge.cs: 4b8a7315c32333dcad0ab9f3a80ef3e3 -> 
  custom:scripting/monoscript/fileName/TMP_SpriteAnimator.cs: 126f1482d1430ed8648c2a6d8d693c6d -> bf3a797c3a059d3698e93e0031d7f11c
  custom:scripting/monoscript/fileName/TrackedTMP.cs: 3592e536161fa52aa0cba484edfc962e -> 
  custom:scripting/monoscript/fileName/IHostingServiceConfigurationProvider.cs: 37331473e3b10d53f8c2add9b2dc2b74 -> 
  custom:scripting/monoscript/fileName/LocalizedAssetTablePropertyDrawer.cs: 6694eed7cf606fe0cc7a863fc35764fb -> 
  custom:scripting/monoscript/fileName/DetailsUtility.cs: e1ed09368c21eefa172da4935add5590 -> 
  custom:scripting/monoscript/fileName/ILocationSizeData.cs: 9c09ebefcc2fd90fa5c432a2f1587b32 -> 
  custom:scripting/monoscript/fileName/CalculateAssetDependencyData.cs: 3543034cff244684ebe2b35b7e56cabb -> 
  custom:scripting/monoscript/fileName/Unity5PackedIdentifiers.cs: 2fef534b6f5a3f203548e50e8ca6fb59 -> 
  custom:scripting/monoscript/fileName/TMP_TextProcessingStack.cs: ef8795fce16f80562f220a2f8bcb6bd2 -> 6146dd1b7f9b90aa342ef9794e387c23
  custom:scripting/monoscript/fileName/GenericAssetTableTreeViewItem.cs: 90647cc400823b41df847a6cbfc29026 -> 
  custom:scripting/monoscript/fileName/StringExtensionMethods.cs: ec17f54a0baf43b7c074b0b35d3c40cb -> 
  custom:scripting/monoscript/fileName/ListExtensions.cs: 2566c9ffe9b9ebef9fddcc01c241e5f5 -> 
  custom:scripting/monoscript/fileName/UndoScope.cs: 22d6187a56d2bb6c10b344c07086931e -> edd459ea79c55637022a87b73545d8bd
  custom:scripting/monoscript/fileName/GlobalInitialization.cs: 046d98a1828b7f01ca857827b787db79 -> 
  custom:scripting/monoscript/fileName/TMP_InputValidator.cs: e99335724872b7fcd0e5352c682debe0 -> 5e0d679d98dae60baa87977011e0ed51
  custom:scripting/monoscript/fileName/DocumentationButton.cs: f4751b253ed0c3ae139c749a6af03e34 -> 
  custom:scripting/monoscript/fileName/EditorAddressablesInterface.cs: fb76fcddd9fcb861ef7e652fc11e047a -> 
  custom:scripting/monoscript/fileName/LabeledLabel.cs: 959706a9c53386f4c2ee27b4a2a0ba56 -> 
  custom:scripting/monoscript/fileName/TMP_SelectionCaret.cs: ed141b1915a10b9c7ff9136666b54ee9 -> d2a06fefe973175bffa10d62f788c481
  custom:scripting/monoscript/fileName/BuildLayoutPrinter.cs: 4318a3b2efdd745a52f83fe7236e7651 -> 
  custom:scripting/monoscript/fileName/LoadWithAddress.cs: f4fac7b896ac829ea2afe53028d9c65e -> 
  custom:scripting/monoscript/fileName/UsingInternalIdTransformFunc.cs: e63346d65e0e7f2f71398f7aa2f7468a -> 
  custom:scripting/monoscript/fileName/Preload.cs: 93368eba8de2f7459546ec623b443886 -> 
========================================================================
Received Prepare
Caller must complete domain reload
Begin MonoManager ReloadAssembly
Symbol file LoadedFromMemory is not a mono symbol file
- Loaded All Assemblies, in  0.395 seconds
Native extension for WindowsStandalone target not found
Native extension for Android target not found
[Package Manager] Server::EnsureServerProcessIsRunning -- launch failed, reason: Unity was launched with the -noUpm command-line argument
[Package Manager] UpmClient::Send -- Unable to send message (not connected to UPM process).
[Package Manager] Cannot connect to Unity Package Manager local server
Mono: successfully reloaded assembly
- Finished resetting the current domain, in  0.877 seconds
Domain Reload Profiling: 1272ms
	BeginReloadAssembly (133ms)
		ExecutionOrderSort (0ms)
		DisableScriptedObjects (4ms)
		BackupInstance (0ms)
		ReleaseScriptingObjects (0ms)
		CreateAndSetChildDomain (30ms)
	RebuildCommonClasses (33ms)
	RebuildNativeTypeToScriptingClass (11ms)
	initialDomainReloadingComplete (21ms)
	LoadAllAssembliesAndSetupDomain (197ms)
		LoadAssemblies (236ms)
		RebuildTransferFunctionScriptingTraits (0ms)
		AnalyzeDomain (32ms)
			TypeCache.Refresh (12ms)
				TypeCache.ScanAssembly (2ms)
			ScanForSourceGeneratedMonoScriptInfo (12ms)
			ResolveRequiredComponents (7ms)
	FinalizeReload (877ms)
		ReleaseScriptCaches (0ms)
		RebuildScriptCaches (0ms)
		SetupLoadedEditorAssemblies (383ms)
			LogAssemblyErrors (0ms)
			InitializePlatformSupportModulesInManaged (13ms)
			SetLoadedEditorAssemblies (4ms)
			RefreshPlugins (0ms)
			BeforeProcessingInitializeOnLoad (63ms)
			ProcessInitializeOnLoadAttributes (281ms)
			ProcessInitializeOnLoadMethodAttributes (19ms)
			AfterProcessingInitializeOnLoad (3ms)
			EditorAssembliesLoaded (0ms)
		ExecutionOrderSort2 (0ms)
		AwakeInstancesAfterBackupRestoration (5ms)
Refreshing native plugins compatible for Editor in 2.04 ms, found 3 plugins.
Preloading 0 native plugins for Editor in 0.00 ms.
Unloading 4607 Unused Serialized files (Serialized files now loaded: 0)
Unloading 17 unused Assets / (69.1 KB). Loaded Objects now: 5179.
Memory consumption went from 158.7 MB to 158.6 MB.
Total: 4.612300 ms (FindLiveObjects: 0.432500 ms CreateObjectMapping: 0.408600 ms MarkObjects: 3.674900 ms  DeleteObjects: 0.095500 ms)

Prepare: number of updated asset objects reloaded= 0
AssetImportParameters requested are different than current active one (requested -> active):
  custom:scripting/precompiled-assembly-types:Unity.Localization.ThirdParty.Editor: 95178e8eadb293f4da50091893cf9d53 -> 
  custom:scripting/monoscript/fileName/LocalizationTableCollection.cs: 98c1a81c0da9a806061ff76bc326edf8 -> 
  custom:scripting/monoscript/fileName/MetadataCollectionField.cs: 21647fd6b98515ca69f67552fdd88ac5 -> 
  custom:scripting/precompiled-assembly-types:LocalizationPackageExtensions.Editor: 375a43c73272a0d4989e33fc64783c7f -> 
  custom:scripting/monoscript/fileName/BuildParameters.cs: bd85c8a149ef959801dc7583c240bf8c -> 
  custom:scripting/monoscript/fileName/LocalizedReferencePicker.cs: 90647cc400823b41df847a6cbfc29026 -> 
  custom:scripting/monoscript/fileName/IStringProperty.cs: c1dbe0a52f0eca30efeca8212f01fdc1 -> 
  custom:scripting/monoscript/fileName/DetailsContentView.cs: d3794fb1987b771396a4634823d3c0bf -> 
  custom:scripting/monoscript/fileName/TMP_SDFShaderGUI.cs: 082588c068c6e819b94cdf417f8b7551 -> 1460619486eb6e8da302e26af5538aaa
  custom:scripting/monoscript/fileName/TMP_FontFeatureTable.cs: 5ff9812058e8c02a5b04eaa88778f2a5 -> cbd25d300d7ed4d969d60cb9f98f2826
  custom:scripting/monoscript/fileName/IBuildTasks.cs: ad73a7c5af5769af35e7121ce421c767 -> 
  custom:scripting/monoscript/fileName/LocalizationSettingsProvider.cs: 4100af71ab9514db903673a16d9f805a -> 
  custom:scripting/precompiled-assembly-types:Unity.ScriptableBuildPipeline: d3013a7ac4c7a8a2426d0dffcf800074 -> 
  custom:scripting/monoscript/fileName/SpecificLocaleSelector.cs: 41b692ef6051f446e3353d7b0d80cb48 -> 
  custom:scripting/monoscript/fileName/LoadMultiple.cs: 51f26c3f5b843468611ef6957e3eca96 -> 
  custom:scripting/monoscript/fileName/LocalizedTable.cs: 90647cc400823b41df847a6cbfc29026 -> 
  custom:scripting/monoscript/fileName/GameObjectLocalizer.cs: f176a5382365adf8f19966d474a6d825 -> 
  custom:scripting/monoscript/fileName/TMP_SubMeshUI.cs: 7a6337f74438df5e26b302bbbbc41105 -> 748262c65738bc5e1c553ae7a37a0c73
  custom:scripting/monoscript/fileName/XElementFormatter.cs: 8da73b8ab955a7a2083c303c1a926622 -> 
  custom:scripting/monoscript/fileName/ScriptAttributeUtilityBridge.cs: 2441d9a702e8216bc758cab94d83fd63 -> 
  custom:scripting/monoscript/fileName/TrackerExtensions.cs: 05c6facd03e82ea85ea8497944d142b2 -> 
  custom:scripting/monoscript/fileName/LocalizeTMP_Font.cs: e6540544505e55c7ad9cc366ff163225 -> 
  custom:scripting/monoscript/fileName/AssetTable.cs: 0358823f39cbde23bf110b2bb1fdb045 -> 
  custom:scripting/monoscript/fileName/TMPro_ContextMenus.cs: fbbbcbf9b4eb950e9aeda2d70529152c -> 06b3d4b27f337b8d846ca7117f3251e1
  custom:scripting/monoscript/fileName/xliff 1.2.cs: 556d06d32eea7cf5e8adf5234f523613 -> 
  custom:scripting/monoscript/fileName/LoadWithReference.cs: 5a4adba74d613807ccdb5ec95fc3cb23 -> 
  custom:scripting/monoscript/fileName/ComponentSingleton.cs: 90647cc400823b41df847a6cbfc29026 -> 
  custom:scripting/monoscript/fileName/PushColumnSheetRequest.cs: 265a0352dff87e03f715ae8a1254a7bb -> 
  custom:scripting/monoscript/fileName/SerializedTableReference.cs: 432db83938aea6150fd1c0c03988ce32 -> 
  custom:scripting/monoscript/fileName/FormattingErrorEventArgs.cs: 796b4de20705617cf344ca5f5f519618 -> 
  custom:scripting/monoscript/fileName/LocalizationTableEditor.cs: 7d7dd443d8c072897e90e6bd2e22b87a -> 
  custom:scripting/monoscript/fileName/TrackedUGUI.cs: 91860e34c594cdf0fbf0e16396d1e1bd -> 
  custom:scripting/monoscript/fileName/SceneDataWriteOperation.cs: 62fc06a44a6276d74f5ce5527ac1c0e7 -> 
  custom:scripting/monoscript/fileName/SmartFormatterPropertyField.cs: f49e24391d2318c08a36b9e68716e73b -> 
  custom:scripting/precompiled-assembly-types:Unity.InternalAPIEngineBridge.013: 48d4a748d9763243627307338e914c63 -> 
  custom:scripting/monoscript/fileName/TMPro_FontAssetCreatorWindow.cs: 9d68c1aab1c646cdf3e70083dc01df96 -> 0d0900483ed9b57d4ccc2ff58d1220b3
  custom:scripting/monoscript/fileName/TMP_EditorResourceManager.cs: 30391129c5b96f298e44c099ae0fab57 -> f56b80268a934198a76acc6f4cef503c
  custom:scripting/monoscript/fileName/EventListView.cs: 5096d1d7ed3c53b8f6583067a96b51ec -> 
  custom:scripting/monoscript/fileName/LocalizedAssetField.cs: cde74ba4693604c8e9f7f60a71c6013b -> 
  custom:scripting/monoscript/fileName/LoadReference.cs: 6a8c0a33eaaab0feb69cb4c6f21cdcaf -> 
  custom:scripting/monoscript/fileName/EventDataSample.cs: 3bc0f0708fb0d7ca628cca69e28808f6 -> 
  custom:scripting/monoscript/fileName/AddressableEditorInitialization.cs: e51e3839e2335bed77f54ab13e70dcc8 -> 
  custom:scripting/monoscript/fileName/MetadataAttribute.cs: 5a2c78a299b51d94e6b82bafff4f12e3 -> 
  custom:scripting/monoscript/fileName/BuildCache.cs: ed18a1a079f7380eac8245801a570733 -> 
  custom:scripting/monoscript/fileName/StringTable.cs: 4333f0d84e7de58e6fcc4fe9af0384d8 -> 
  custom:scripting/monoscript/fileName/TMP_InputFieldEditor.cs: 8f2095c37e5fd5ed563d60163f0c2e52 -> a6f05406e9cdb59679382b884c14216a
  custom:container-demuxer-ogg: 62fdf1f143b41e24485cea50d1cbac27 -> 
  custom:scripting/monoscript/fileName/InstanceProvider.cs: b8c751909210118e68c21f4366820c78 -> 
  custom:scripting/monoscript/fileName/LocalizationGroupOperation.cs: dcd21fc014cc4daec8fc626705d0d892 -> 
  custom:scripting/monoscript/fileName/LabelsContentView.cs: fec8a868a65de532b305bc5e095a661d -> 
  custom:scripting/monoscript/fileName/UsingLoadAssets.cs: ed5b3140affcc5a43fad4e18100a6145 -> 
  custom:scripting/monoscript/fileName/LegacyResourcesProvider.cs: 69bf867aeeb07c6645f96a3160f7b721 -> 
  custom:scripting/monoscript/fileName/PostWritingCallback.cs: 554018e4e98d586ae4dba2461cc09229 -> 
  custom:scripting/monoscript/fileName/SpookyHash.cs: ced234d9ef31626b6b07f6aab873119b -> 
  custom:scripting/monoscript/fileName/GenericAssetTableListViewColumns.cs: a0db5d318d5cee7f150f5d9521c2231e -> 
  custom:scripting/monoscript/fileName/LocalizeSpriteEvent.cs: 40a7808d35565a3882b2c1f0b5c5b118 -> 
  custom:scripting/monoscript/fileName/PreviewSceneDependencyData.cs: 0aa0e9fad79dc24aadab25b9d7a9b9a5 -> 
  custom:scripting/monoscript/fileName/CommonInterfaces.cs: c486f377c18bdfbdf396abd887a3b2ca -> 
  custom:scripting/monoscript/fileName/TMP_TextParsingUtilities.cs: 47331f425db7fa5c443a11c866530503 -> 8b3fe20641ae0dd97405135955c706a3
  custom:scripting/monoscript/fileName/AssetsContentView.cs: 6db402595431771fa25a0b8b68e9d9cb -> 
  custom:scripting/monoscript/fileName/SheetsServiceProviderEditor.cs: 1d02c0a315b859ac0771f65dea962152 -> 
  custom:scripting/monoscript/fileName/GoogleSheetsExtensionPropertyDrawer.cs: 3e704acec7f0a80b3d67629fff3bd3fd -> 
  custom:scripting/monoscript/fileName/LocalizationDeviceSimulatorPlugin.cs: ab6d2093fcb07bd57a1c2da1c0c3fc5a -> 
  custom:scripting/monoscript/fileName/AddressablesDataBuilderInput.cs: d0ceeca55ba9548a4e3f43d6790d194d -> 
  custom:scripting/monoscript/fileName/AddressableAssetEntry.cs: f469a40e3b92f4355e377d68de617fd6 -> 
  custom:scripting/monoscript/fileName/TableReference.cs: 2dd42d05f0d2e635ca3f909793cb02cb -> 
  custom:scripting/monoscript/fileName/XmlSource.cs: d59b707c60c8046fa998db0c168b7aa5 -> 
  custom:scripting/monoscript/fileName/BuildReportHelperConsumer.cs: 71faeae2d4769b479de182795aa67c48 -> 
  custom:scripting/monoscript/fileName/CacheInitializationSettings.cs: 842dffb763efae26f756885fe6b5ad3a -> 
  custom:scripting/monoscript/fileName/BuildLayoutHelpers.cs: a5f73d550385ddf73dd17b6147ee5b92 -> 
  custom:scripting/monoscript/fileName/LocalizedReferencePropertyDrawer.cs: 849ed7f5b11c9db237ef61b01c5a5104 -> 
  custom:scripting/monoscript/fileName/DiagnosticEventCollector.cs: 90b5791cc9b46fcf5a10ac5fc4c9840e -> 
  custom:scripting/monoscript/fileName/ValueTupleSource.cs: 7f729476d2dc073b56e33d5ec7cf1ede -> 
  custom:scripting/monoscript/fileName/SharedTableDataEditor.cs: 328172cd974aa194d94a74274ee35036 -> 
  custom:scripting/monoscript/fileName/TMP_EditorCoroutine.cs: 01d80099920d11c11bfa87417e26164b -> 04cbf5ce6e541d98265aa7668ef82832
  custom:scripting/monoscript/fileName/ProjectCollectionsTableSelector.cs: fd165369291b728f5c65750be37acfb0 -> 
  custom:scripting/monoscript/fileName/GenerateSubAssetPathMaps.cs: c7987fa236ddbc39e6da8bcfe285d7c7 -> 
  custom:scripting/monoscript/fileName/Mirror.cs: acdb3d44dedabebf1a734d238b596a72 -> 
  custom:scripting/monoscript/fileName/WebRequestOverride.cs: dc0a13b544bd5557167b8c8e1da36cb4 -> 
  custom:scripting/monoscript/fileName/StringTableListView.cs: 3e3978d7b058ebd959c049128da9f630 -> 
  custom:scripting/monoscript/fileName/KeyIdColumns.cs: 620c2d12d967c77b8de24f0716e27b61 -> 
  custom:scripting/monoscript/fileName/TMP_StyleSheetEditor.cs: b6503d890746d6150e0f267f43ce60e4 -> 38b210a450ac855df2d81ab0242c2feb
  custom:scripting/monoscript/fileName/TrackedMonoBehaviourObject.cs: 7aafd8351098f09af483004c5238929a -> 
  custom:scripting/monoscript/fileName/SheetsServiceProvider.cs: 6f5eb9aaa6b2f2b831b7e16042a44d02 -> 
  custom:scripting/monoscript/fileName/LocaleColumn.cs: da51985e6be15e19f64780a93f0e8bc3 -> 
  custom:scripting/monoscript/fileName/ISharedMetadata.cs: 6643250a143a3d0bcb778f4f165310d7 -> 
  custom:scripting/monoscript/fileName/BuildLayoutSummary.cs: 2e9b8e01c1c8d08be7289069e134160c -> 
  custom:scripting/monoscript/fileName/Mask.cs: 4fc4bb420cd9944e18a4ad603347cdc7 -> 30def7c5b8ef23ce62910d8eb0c002c6
  custom:scripting/monoscript/fileName/LocalizeComponent.cs: d58e3f743a6e4d9f306120ce43a7cdc8 -> 
  custom:scripting/monoscript/fileName/VersionedCallbackAttribute.cs: 792d43fefe55909e52271f20ce4bd5db -> 
  custom:scripting/monoscript/fileName/AddressableAssetEntryCollection.cs: d91f7661023fb4fe0b8be2bcc642540f -> 
  custom:scripting/monoscript/fileName/AddressableIconNames.cs: d618c5158b8ddbdef90ea4ee1fbe8a9b -> 
  custom:scripting/monoscript/fileName/AnalyzeRuleBase.cs: 579fe86da2565d18b84489bd10b96592 -> 
  custom:scripting/monoscript/fileName/LocalizeAudioClipEvent.cs: 6f5b511eab8536db74662876b55672fd -> 
  custom:scripting/monoscript/fileName/BuildLog.cs: f381a35baf9bd9880d2d4023ad70717e -> 
  custom:scripting/monoscript/fileName/LabelWindow.cs: a61eaab11f136631f21b256017d41b70 -> 
  custom:scripting/monoscript/fileName/AsyncOperationBase.cs: 7219b8f403b1b38f72b48ab547d013f3 -> 
  custom:scripting/monoscript/fileName/AddressableAssetSettingsInspector.cs: cf28a396c15efef0f35f2a8f2b3918e1 -> 
  custom:scripting/monoscript/fileName/ManagedReferenceUtility.cs: 598121e31c06f90cdc395a00cebfad87 -> 
  custom:scripting/monoscript/fileName/BuiltinSceneCache.cs: df9abd90abb709166038c36e804be1f2 -> 
  custom:scripting/monoscript/fileName/CleanBundleCacheOperation.cs: 685a421cddf931120074dfa7f00eee19 -> 
  custom:scripting/monoscript/fileName/ContentFileIdentifiers.cs: 7655f22dc8e01297e0fa51cc343ac6c9 -> 
  custom:scripting/monoscript/fileName/ContextualPropertyMenu.cs: 610c65a55c71e73faaaea551c67580d3 -> 
  custom:scripting/monoscript/fileName/TMPro_Private.cs: 8f6297df34271fdb1ce2d9607ec6261d -> 90647cc400823b41df847a6cbfc29026
  custom:scripting/monoscript/fileName/TMP_MeshInfo.cs: 375ed9fada55d6bf39f9352ef1dd520b -> 89833651f7d905e51b340ec2afe531d1
  custom:scripting/monoscript/fileName/BundleExplictObjectLayout.cs: 7ebaaae109881757a2cd1a5aaeb77811 -> 
  custom:scripting/monoscript/fileName/TMP_SpriteCharacter.cs: fe232bb280dddc880a01918d3502c13a -> 81dc73ff0878d6528202f8be44877b26
  custom:scripting/monoscript/fileName/TrackedMeshFilter.cs: fb5daaf3d8b8a7728930b8103cd57f15 -> 
  custom:scripting/monoscript/fileName/AddressableGroupRules.cs: e180fc35b3afe38578b0073816e56c13 -> 
  custom:scripting/monoscript/fileName/TMP_ShaderUtilities.cs: 75ec062faab558cb3190dcd3e4820547 -> 84a261643983e306d02445da38ed662f
  custom:scripting/monoscript/fileName/IDependencyData.cs: 35a83d3a80674af5f8ca402d71bd60d0 -> 
  custom:scripting/monoscript/fileName/AssetTableListView.cs: 1ec8688249f1522ea67d7e5c74809df1 -> 
  custom:scripting/monoscript/fileName/AddressablesImpl.cs: be57218b2f6d69fa0616271ca49477c1 -> 
  custom:scripting/monoscript/fileName/LocalizedAssetBehaviour.cs: 0cdf409b5aa8d4c25876d72b5c6a3b60 -> 
  custom:scripting/monoscript/fileName/AddressableScenesManager.cs: 748e55e05bbd1a8cb78604e8cbfdcf27 -> 
  custom:scripting/monoscript/fileName/InitializationObjectsOperation.cs: 9973862fa2e4f63b15f0c93d284666bc -> 
  custom:scripting/precompiled-assembly-types:Unity.Addressables.Editor.Tests.DocExampleCode: ccd82e07692b5339e0b2c7b0b09e74e4 -> 
  custom:scripting/monoscript/fileName/EventDataStream.cs: 8c5fd7099df0bbb089a6c08a72e5b2af -> 
  custom:scripting/monoscript/fileName/AddressableGroupRulesEditor.cs: 50146c216772d5faaaedc352af941b78 -> 
  custom:scripting/monoscript/fileName/IPreloadRequired.cs: e5fdf63d2d57f09a82336b92c1c5c751 -> 
  custom:scripting/monoscript/fileName/MultiColumnHeaderBridge.cs: c7504aabe2384033dd82e83d6140f97d -> 
  custom:scripting/monoscript/fileName/UsingInitialize.cs: 5f75f8ba7c7367ac4f23e07737c9cdd1 -> 
  custom:scripting/monoscript/fileName/ResourceManager.cs: 963cf602385bdad8abe64cead0fb82cd -> 
  custom:scripting/monoscript/fileName/BuildResults.cs: ea29098741349f66a5c13be22430b91a -> 
  custom:scripting/monoscript/fileName/UsingResolveInternalId.cs: e91840107bf68677f58d30b8f1994946 -> 
  custom:video-decoder-ogg-theora: a1e56fd34408186e4bbccfd4996cb3dc -> 
  custom:scripting/monoscript/fileName/TMP_UpdateManager.cs: 2b12c9b6d4082e0390a306eceed60fc6 -> fa7e71df671c5b3088b39753e4bbc70d
  custom:scripting/monoscript/fileName/TrackedTransform.cs: 50bf72421f59fa474bf723b86b240c40 -> 
  custom:scripting/monoscript/fileName/LocalizedAssetTable.cs: b8ec72bbb40e8028edc65b2aa07ebd72 -> 
  custom:scripting/monoscript/fileName/CharacterSetMenuItems.cs: 783745eb83bfb28b1bde921025d1c7e5 -> 
  custom:scripting/monoscript/fileName/TMP_EditorUtility.cs: f68b71b7543cddf9e4cdf261d5f519e5 -> b242106620cbbc38f0411146a086b885
  custom:scripting/monoscript/fileName/TMP_SpriteGlyphPropertyDrawer.cs: 4a6f1515709a40d92e24c84ec92fc53a -> 1447c7afab82cf56bc359d5c7fba114e
  custom:scripting/monoscript/fileName/MenuItems.cs: 7512a4707007649fd24eaa879fa25ada -> 36e8964894b4a740a9cbe85327eddbf8
  custom:scripting/monoscript/fileName/AddressablesDataBuilders.cs: 69454d3f41e6a4eaa6af47f23b30c8aa -> 
  custom:scripting/monoscript/fileName/WebRequestQueue.cs: 0bd7118a4a8a55d3a5dc2e3002437989 -> 
  custom:scripting/monoscript/fileName/TMP_SpriteAssetMenu.cs: a42d2dc20ed9558b36972dc6e6d71655 -> 05ea7b84320d1b77a6d1ae49c41ee9cc
  custom:scripting/monoscript/fileName/LoadScene.cs: 5f1fcf9adcc987c56d2e1526bf8546f6 -> 
  custom:scripting/monoscript/fileName/OrgData.cs: 4824c3cc00ed531062f3c2de1ed5d4c3 -> 
  custom:scripting/monoscript/fileName/LocalizedStringDatabase.cs: f6106e910dabfc0fcbc6b29176c2e343 -> 
  custom:scripting/monoscript/fileName/IsMatchFormatter.cs: 8d447004f45ff1de76de928a89dc78bc -> 
  custom:scripting/monoscript/fileName/TrackedObjectFactory.cs: 4e7dad19c0d006c8f166ada127deb619 -> 
  custom:scripting/monoscript/fileName/HashStream.cs: 79ad716994d62b2c0cafd2bf9cc6c712 -> 
  custom:scripting/monoscript/fileName/ResourceLocationData.cs: 3a2f1e257930132c4a3021b9015d202c -> 
  custom:scripting/monoscript/fileName/TMP_ColorGradient.cs: 3baf9c6d3c50fc594e68e0c756eb8779 -> 8d91c7c4749088eca69648d37a965bf8
  custom:scripting/monoscript/fileName/TMP_PreBuildProcessor.cs: d965cd4513e689cb01c0481012a89dee -> 790c12dcd4980aa978fd28fb6f89fb37
  custom:scripting/monoscript/fileName/BundledAssetGroupSchema.cs: bcb47eaa49cf63629f7b71bf29d08a18 -> 
  custom:scripting/monoscript/fileName/GraphLayerBackground.cs: bfb8c96c78a31d797ff129ad65a43b2c -> 
  custom:scripting/monoscript/fileName/IFormatterLiteralExtractor.cs: c7b177b295c5839f6f032f6fe79745d4 -> 
  custom:scripting/monoscript/fileName/HttpHostingService.cs: 6f60c8eb1b51ad3699dfa367eefd8baa -> 
  custom:scripting/monoscript/fileName/UsingInitializeAsync.cs: 08a89191ec7bc2462a7f2bca91e91546 -> 
  custom:scripting/monoscript/fileName/UsingLoadScene.cs: 4aac6ffdfbecf6cbb38e5b8a52837723 -> 
  custom:scripting/monoscript/fileName/LocalizedStringTable.cs: 5020daa86966c4938256347e73439f7d -> 
  custom:scripting/monoscript/fileName/FormatCache.cs: 73f492423593447b189ec3f09ec1d1f1 -> 
  custom:scripting/monoscript/fileName/TMP_SerializedPropertyHolder.cs: 9860586610cb3d91ae7f4ce33ab22d0b -> 99e5dbc1fa1abe750acc8166e4243be8
  custom:scripting/monoscript/fileName/AddHashToBundleNameTask.cs: ffec87a59eb17f0bbea1f4556204c4f2 -> 
  custom:scripting/monoscript/fileName/DelegateList.cs: 90647cc400823b41df847a6cbfc29026 -> 
  custom:scripting/monoscript/fileName/BuildContext.cs: 34a222ebebd3606fff156033d4c23266 -> 
  custom:scripting/monoscript/fileName/LocalizedString.cs: f2d1b488f0666bbf2e335b6af3d3d530 -> 
  custom:scripting/monoscript/fileName/DefaultBuildTasks.cs: b93cbe91f00034105b24705dc67fc837 -> 
  custom:scripting/monoscript/fileName/TMP_SpriteCharacterPropertyDrawer.cs: 63186d320ccdf4dfa06fbce4e897d3f3 -> 14565b4e4f9266584dc3194fd967d252
  custom:scripting/monoscript/fileName/IMetadata.cs: c1ff4e10770094d48a4081e88ac055f8 -> 
  custom:scripting/monoscript/fileName/TableEntryTreeView.cs: 32cd87b3a3f2fa537e014d38fc7df08c -> 
  custom:scripting/monoscript/fileName/AddressableAssetGroupTemplateInspector.cs: bc145acbf2b0f8f4239d5d21e87802ed -> 
  custom:framework-win-MediaFoundation: 216162199b28c13a410421893ffa2e32 -> 
  custom:scripting/monoscript/fileName/DelayedActionManager.cs: b215f0cc28e5b39d62597ab173ced320 -> 
  custom:scripting/monoscript/fileName/LocalizationPreferencesProvider.cs: 8b051d5b65fcafa43e1fb1663f6be25d -> 
  custom:scripting/monoscript/fileName/DropdownOptionListDrawer.cs: 342ee3f9c806e60b189c02609042c492 -> 4362475bc384312c771d88865ee2f40d
  custom:scripting/monoscript/fileName/CreateBuiltInShadersBundle.cs: e4f12aa9a6b849b3a7861bf492376679 -> 
  custom:scripting/monoscript/fileName/AsynchronousLoading.cs: 7c2e5286b3cf89ac8785f97867da5700 -> 
  custom:scripting/monoscript/fileName/AddressableAssetsBundleBuildParameters.cs: 8b3e1e658c9efb352f02ffdd7c175a3b -> 
  custom:scripting/monoscript/fileName/AssetPublishEditor.cs: 5e6fcb209f4275e87027d569b903a801 -> 
  custom:scripting/monoscript/fileName/PlayerSettingsApi.cs: e8704eb198d8f61f68729b362e34f254 -> 
  custom:scripting/monoscript/fileName/ValidationMethods.cs: 0ca38beb753f491a65475578d824a594 -> 
  custom:scripting/monoscript/fileName/GenerateLinkXml.cs: 438676c0a3ae847305e5461d0d0dfb13 -> 
  custom:scripting/monoscript/fileName/UsingInstantiate.cs: 56dbca48a54aeadd30337a75a3c60632 -> 
  custom:scripting/monoscript/fileName/ListFormatter.cs: fdf331394edd6dc75abedfc51a296d47 -> 
  custom:scripting/monoscript/fileName/UsingBuildPath.cs: 0a5d366ab7b7e113ab87035def21d7b2 -> 
  custom:scripting/monoscript/fileName/PlatformMappingService.cs: 112fe80ee263d9422a7570d41ca95c90 -> 
  custom:scripting/monoscript/fileName/LocalizationEditorEvents.cs: 773232287225044e60c0f1bae549e6a1 -> 
  custom:scripting/monoscript/fileName/FallbackLocaleHelper.cs: 7afa418648871dbd6a4c517ebdd0ed83 -> 
  custom:scripting/monoscript/fileName/TMP_CharacterPropertyDrawer.cs: 0fc1d1caf2f580e74b2224e6797250e4 -> ddc6f8909fdac3de9238e9b86e411c3e
  custom:scripting/monoscript/fileName/AssetBundleWriteOperation.cs: db3d146633bcf83272b8d8ec27708373 -> 
  custom:scripting/monoscript/fileName/SmartExtensions.cs: ffc58e2362cb7e1d23bdeab5ea32b2dc -> 
  custom:scripting/monoscript/fileName/ILocalesProvider.cs: 323d2e51541df5db5c4ae0bf2dcf0516 -> 
  custom:scripting/monoscript/fileName/TMP_FontAssetEditor.cs: ff94a59ea0ba0aa81aa8a7f307f2efd3 -> e359b61135381f6b1d7b8c7e97a930f3
  custom:scripting/monoscript/fileName/LocalizeLegacyFont.cs: 25ae0ee2d21ccbdcfd7e7513dcb29017 -> 
  custom:scripting/monoscript/fileName/BundledAssetProvider.cs: 7b2acd0dc4b920c1447f4e405e758da9 -> 
  custom:scripting/monoscript/fileName/TMP_FontAsset_CreationMenu.cs: 18345b423cea91a35f20f73f48aee7e1 -> 1c5caeb31a0df734411a201aca87cb03
  custom:scripting/monoscript/fileName/SmartFormatterLiteralCharacterExtractor.cs: 5187b1f8f9f2b2b603a778e5ed774814 -> 
  custom:scripting/monoscript/fileName/DefaultFormatter.cs: 2f641fca3cf8e52ec2e4250469e9021e -> 
  custom:scripting/monoscript/fileName/BuildScriptVirtualMode.cs: ecfa9317a4325be6ea7efafabf202d84 -> 
  custom:scripting/monoscript/fileName/DisplayNameAttribute.cs: 91e6b527b667ccefdd531618f2cc58b4 -> 
  custom:scripting/monoscript/fileName/TMP_ScrollbarEventHandler.cs: 55de10d862075cd935d8381c309f39e0 -> c015e39b5a3f1a14518ce039f30e10af
  custom:scripting/monoscript/fileName/TMP_ObjectPool.cs: 8f6297df34271fdb1ce2d9607ec6261d -> 90647cc400823b41df847a6cbfc29026
  custom:scripting/monoscript/fileName/AssetLabelReference.cs: 535c57f3a3bd81b3adc86b02034e7fda -> 
  custom:scripting/monoscript/fileName/ExtensionMethods.cs: 4642d9c802c70c033ea67f5c9fc06bdb -> 
  custom:scripting/monoscript/fileName/ResourceManagerEventCollector.cs: cf8765b1ba0f714abe2ca54744783dea -> 
  custom:scripting/monoscript/fileName/BuildScriptBase.cs: adfd9e3e356b350272d27b9a6c93a55a -> 
  custom:scripting/monoscript/fileName/TMP_FontAssetUtilities.cs: d84a52975d941e769af4ae15b3aaa211 -> 5b7a9bc9c5c56e3cb5ccc808a2bdd9e4
  custom:scripting/monoscript/fileName/UsingRuntimePath.cs: 5727713a0389a62bd6518d1b19214f2c -> 
  custom:scripting/precompiled-assembly-types:Unity.ScriptableBuildPipeline.Editor: 3ca390981bea823edbc5c52067fa8d07 -> 
  custom:scripting/monoscript/fileName/UnityEventBridge.cs: 5b44a70c8e78b8fb569a49e177c247c4 -> 
  custom:scripting/monoscript/fileName/CallbackArray.cs: 90647cc400823b41df847a6cbfc29026 -> 
  custom:scripting/monoscript/fileName/BuildScriptPackedPlayMode.cs: 376414de220a9f2aaee2505d1d67ddda -> 
  custom:scripting/monoscript/fileName/AddressableAssetSettingsLocator.cs: f52d919be3c487a83fcb39a65ed0c368 -> 
  custom:scripting/monoscript/fileName/AddressableAssetGroupTemplateInterface.cs: c6c784d5ce4db43651308dbc5a340915 -> 
  custom:scripting/monoscript/fileName/LoadWithTask.cs: fbf9e2952ed24d5098424080eefa8e8d -> 
  custom:scripting/monoscript/fileName/LocalizationTable.cs: aac3efc050d0cdb450940741052a3ea7 -> 
  custom:scripting/monoscript/fileName/AddressablesInterface.cs: 288c9154aa913af4054b6c3693e74037 -> 
  custom:scripting/monoscript/fileName/IReset.cs: 501ab81f9a42800b74fa922343b391de -> 
  custom:scripting/monoscript/fileName/AssetTypeMetadata.cs: 29d579a76583fbd1638bb7faafd49823 -> 
  custom:scripting/monoscript/fileName/AddressableAssetGroupSchemaSet.cs: 8cb8eb885b2e86eafd9d731360a75ad6 -> 
  custom:scripting/monoscript/fileName/ProgressReporter.cs: d2c61132addb533aa20f9839136801ab -> 
  custom:scripting/monoscript/fileName/CustomBuildScript.cs: ceb098f106352018dfb7471e078b2b99 -> 
  custom:scripting/monoscript/fileName/GraphLayerEventMarker.cs: 973da78a8787db14c083d53cf7575fbc -> 
  custom:scripting/monoscript/fileName/LocalizedAssetProperty.cs: 949847d1f379a93be8d09e1a779f7308 -> 
  custom:scripting/monoscript/fileName/AddressableEntryNotFoundException.cs: cbde87c12a97a247b362dfc7073c3067 -> 
  custom:scripting/monoscript/fileName/UsingResourceManager.cs: 904ba6bbe59e92b87ad14016defdb49e -> 
  custom:scripting/monoscript/fileName/PlatformOverride.cs: dffa63491a95e8ca43dc2e254731c453 -> 
  custom:scripting/monoscript/fileName/TMP_FontAssetCommon.cs: 4a5ab4d4426385ab38edd57c118cd485 -> 2b5f11ccf8aacaf9b5ea6564bf2b0d57
  custom:scripting/monoscript/fileName/AssetNotPersistentException.cs: cddacf4c8b1d93a2650d87448a19c7fd -> 
  custom:scripting/monoscript/fileName/CheckResourcesDupeDependencies.cs: 9a7363d2118556b9a749e5c87a9abb28 -> 
  custom:scripting/monoscript/fileName/FastModeInitializationOperation.cs: 3969bd66bfd96ce4f1b25d29127c7d0d -> 
  custom:scripting/monoscript/fileName/GoogleTranslationWindow.cs: 88518423a12e1fad4d87be2a62bc4438 -> 
  custom:scripting/monoscript/fileName/LinkXMLGenerator.cs: a12ef316d0e18f4f3cc0d1c12f9a8995 -> 
  custom:scripting/monoscript/fileName/PreserveTags.cs: 1c2a7fcb1fa71a6e962a345cfbb29e23 -> 
  custom:scripting/monoscript/fileName/UsingClearDependencyCacheAsync.cs: 660e6750ac312260d665d449a0194ad8 -> 
  custom:scripting/monoscript/fileName/HashingMethods.cs: 715cdfdde81dd1627a447579d5c1a2a8 -> 
  custom:scripting/monoscript/fileName/GlobalVariableGroupEditor.cs: 6e132f0f82545f49da3ad5870afe14bd -> 
  custom:scripting/monoscript/fileName/GraphicsSettingsApi.cs: e643b869c2bd158e219684eb7bac7d5a -> 
  custom:scripting/monoscript/fileName/UsingLogWarning.cs: 70e15e610f1accc23f15dc06c7ce09b4 -> 
  custom:scripting/monoscript/fileName/SceneRawWriteOperation.cs: 5a20bbe9c2135f3c677809d25231ee39 -> 
  custom:scripting/monoscript/fileName/UsingCleanBundleCache.cs: c440bddfbad5caa9fbcae77dc72674c1 -> 
  custom:scripting/monoscript/fileName/LocalizationSettingsMenuItems.cs: 750a08d0238762ff67fff634de4448f1 -> 
  custom:scripting/monoscript/fileName/IBuildReportConsumer.cs: b4374783b4f13e8fa8a35606f65fe93e -> 
  custom:scripting/monoscript/fileName/LocalizeTextureEvent.cs: dd01af048c0b2b9cea48be62555ba36a -> 
  custom:scripting/monoscript/fileName/BuildLayout.cs: 3e449370b64b375854c1a33213daf1a7 -> 
  custom:scripting/monoscript/fileName/IResourceLocation.cs: f910c20a7ea8c8aa53f2053fca98b4ce -> 
  custom:scripting/monoscript/fileName/PrefabPackedIdentifiers.cs: 88eee9e87bb381ef74e5d164ea9612c4 -> 
  custom:scripting/monoscript/fileName/UnityConnectBridge.cs: 0d7c93bc2c5ad0d42ee2286dc5174130 -> 
  custom:scripting/monoscript/fileName/AudioClipReaderWindow.cs: 55d0bff3b1f5011587f2a61146252ee6 -> 
  custom:scripting/monoscript/fileName/LocalizationBuildPlayer.cs: 85b8e10fd0ccbccd80054f8cc140970b -> 
  custom:scripting/monoscript/fileName/AddressableAssetGroupTemplate.cs: 1d8da5f1890836d608e7d5b7f3373a2f -> 
  custom:scripting/monoscript/fileName/DefaultSource.cs: ef6d54a6cbd054b4c7f94ad925bc31ef -> 
  custom:scripting/monoscript/fileName/TMP_TextInfo.cs: d86eebf32f36b8febee06365f862b403 -> 9e4eb698c4c168829682cbe659418e8f
  custom:scripting/monoscript/fileName/EventDataPlayerSession.cs: 91bc0ee1e4ffa4506b091453a9262bec -> 
  custom:scripting/monoscript/fileName/TaskCachingUtility.cs: 2abbe35728db88bbaa201e6c478a95f2 -> 
  custom:scripting/monoscript/fileName/TextContainer.cs: 4e3c016869303ab3136387f7870e5adb -> 245c032a15fbc12850861c707e37b027
  custom:scripting/monoscript/fileName/StringTableSearchProvider.cs: a655a0bba0a42f0268616b0ffe28e827 -> 
  custom:scripting/monoscript/fileName/ParsingErrors.cs: 56ee149ccf6e61574239d504a20a01d0 -> 
  custom:scripting/monoscript/fileName/CollectionExtensionAttribute.cs: e00982c3695c3b95e3e0d6f43120d792 -> 
  custom:scripting/monoscript/fileName/CalculateSceneDependencyData.cs: 104fc632ee9eb1eac0995150ef581054 -> 
  custom:scripting/precompiled-assembly-types:Newtonsoft.Json: a784019f7e79cf0f65e748d41d4ceb44 -> 
  custom:scripting/monoscript/fileName/LocalizedGameObjectEvent.cs: 045b323c574665c24fc3585de9cf75b0 -> 
  custom:scripting/monoscript/fileName/BuildContent.cs: 8b98bc58cf5574343dc7ddad95d66a2a -> 
  custom:scripting/monoscript/fileName/SmartSettings.cs: 27ce6050fa5ec694fc6fafb556f326be -> 
  custom:scripting/monoscript/fileName/IPseudoLocalizationMethod.cs: af5699a14d31a7d73a4e2eee94f838df -> 
  custom:scripting/monoscript/fileName/BundlesContentView.cs: 06261d15b4a9f40f2d13bad3fd8c0d7e -> 
  custom:scripting/monoscript/fileName/DynamicResourceLocators.cs: 1034695c180ba1f11efcc8c0af8b64d6 -> 
  custom:scripting/monoscript/fileName/AddressableAssetSettings.cs: cc9347dff1588a85ad81a10cb9a60747 -> 
  custom:scripting/monoscript/fileName/UsingInstantiateAsync.cs: 65bc448eb8ce78f7211cddccb5f5ce12 -> 
  custom:scripting/monoscript/fileName/TestStub.cs: 190796d3593eba0a9210e1127da82f56 -> 
  custom:scripting/monoscript/fileName/TMP_SubMesh_Editor.cs: 6199a3bf0c204e3bdded9f5f05415a32 -> b381eb4c2ad4ef265088242d67c5b140
  custom:scripting/monoscript/fileName/TMP_TextElement.cs: fb8354965187a75f506d9a9df85f19dd -> 5dfb95666bd41ecc32948097824aba23
  custom:scripting/monoscript/fileName/TMP_Text.cs: c453c9b4dcb2bfad1083e3b49dfa3983 -> 5cba61e283281e8dbf7dadaabcd638dc
  custom:scripting/monoscript/fileName/LocalizationTablesWindowAttributes.cs: 286f0b4482e1d46362769165de5cabf6 -> 
  custom:scripting/monoscript/fileName/TrackedLocalizedPropertyDrawer.cs: 30cdc0084858da7a1c4d211dd53bf294 -> 
  custom:CustomObjectIndexerAttribute: 9a22284fe3817be447336de3de66b15e -> 
  custom:scripting/monoscript/fileName/UsingGetDownloadSizeAsync.cs: 171c6b127177e9211a1b602a37172a09 -> 
  custom:scripting/monoscript/fileName/UsingStreamingAssetsSubFolder.cs: 32807ce3347ba269c610cfe54c4cf1db -> 
  custom:scripting/monoscript/fileName/CreateMonoScriptBundle.cs: 2583ca987d667d4dd92571cf56d8871f -> 
  custom:scripting/monoscript/fileName/Selector.cs: d1b33989cbe0f6cc110abd4d8cf04c4d -> 
  custom:scripting/monoscript/fileName/UsingLoadSceneAsync.cs: e0429df12aecdd79109f424b79f61f73 -> 
  custom:scripting/monoscript/fileName/AddressableAnalytics.cs: 8d6eaaaa8879afed7791bcb8ad0a55d6 -> 
  custom:scripting/monoscript/fileName/TimeFormatterPropertyDrawer.cs: 2deeb4cac283ce23f830b75746c99908 -> 
  custom:scripting/monoscript/fileName/AtlasSpriteProvider.cs: b13170f1a8da7c93ca0f20413670befc -> 
  custom:scripting/monoscript/fileName/LocaleIdentifierPropertyDrawer.cs: e2b3612afc461bbb74df699eb387d4b7 -> 
  custom:scripting/monoscript/fileName/StripUnusedSpriteSources.cs: 8e0de493596d68c81f185a4c7e2ecc3e -> 
  custom:scripting/monoscript/fileName/LoadWithEvent.cs: 535c3da84aced96767022f1d136a065c -> 
  custom:scripting/monoscript/fileName/CSV.cs: 970c06ec8fe2254580dd226b7b217199 -> 
  custom:scripting/monoscript/fileName/ColumnMapping.cs: 3d96c8bec9fe5e67511587a77ca9426f -> 
  custom:scripting/monoscript/fileName/TMP_PostBuildProcessHandler.cs: 728d00fd9070cbfe6d8df45c08e57305 -> c69b388004562ecb0f789fc3759d9651
  custom:scripting/monoscript/fileName/LocalizeStringEvent.cs: 420593c9668ec5a80d802c3657538065 -> 
  custom:scripting/monoscript/fileName/ProgressTracker.cs: 7cf527e59ae90a5de1d1297f2cf5b5d9 -> 
  custom:scripting/monoscript/fileName/UsingResourceLocators.cs: defb8e83edcbd6b925c1a46e603b4264 -> 
  custom:scripting/monoscript/fileName/TMP_DropdownEditor.cs: 6df138b51e278f9c93bd4976e96aa952 -> 2d907ee76ef876797c15186180266847
  custom:scripting/monoscript/fileName/HostingServicesWindow.cs: aea0a90645e2ad9918bb8f7947977cbc -> 
  custom:scripting/monoscript/fileName/AsyncOperationHandle.cs: 5f193f67e9fe132700bb16490c49fe52 -> 
  custom:scripting/monoscript/fileName/QualitySettingsApi.cs: 8a81ef3b39ef7374ffa2c64379a5666c -> 
  custom:scripting/monoscript/fileName/GenerateBundleCommands.cs: df8cc1862a26a9b8b8065412bf4da3d1 -> 
  custom:scripting/monoscript/fileName/FormatItem.cs: a682aadaa489dc0a59f4f6cf2b503a72 -> 
  custom:scripting/monoscript/fileName/DetailsListItem.cs: fc00a048fdb993f628239efc8b3b3ff0 -> 
  custom:scripting/monoscript/fileName/LabelTable.cs: 2d4def09103b938e537a18b451868393 -> 
  custom:scripting/monoscript/fileName/CharacterSubstitutorPropertyDrawer.cs: 71c115a9f4a4d88dd22a2ac05b771575 -> 
  custom:scripting/monoscript/fileName/Ribbon.cs: 7520e82ba3d55750b026206f051896a1 -> 
  custom:scripting/monoscript/fileName/GlobalVariablesSource.deprecated.cs: 1038eddbfa65bd625b25430ba4a9435d -> 
  custom:scripting/monoscript/fileName/PostPackingCallback.cs: f0f64a598e599b8fee359c8bbbbb7967 -> 
  custom:scripting/monoscript/fileName/GetLocalizedStringOperation.cs: 2a8d3385529a741749983dca123ab4e1 -> 
  custom:scripting/monoscript/fileName/GameObjectLocalizerEditor.cs: 7c072273434358bcf607004716bd9350 -> 
  custom:scripting/monoscript/fileName/LocalizationProjectSettings.cs: d9be050127f95d20e34198c62e4779b1 -> 
  custom:scripting/monoscript/fileName/AssetTableTreeViewItem.cs: e3a0f0213b98219ec7145a2e7ed4c22b -> 
  custom:container-demuxer-webm: 4f35f7cbe854078d1ac9338744f61a02 -> 
  custom:scripting/monoscript/fileName/TMP_FontAsset.cs: 52c81438acb65fa444fe26964ef0345b -> 6c1db4680a96f294cf0af87a0b8099aa
  custom:scripting/monoscript/fileName/DeSerializer.cs: 42de108158a2d64cff75d55be619c3d6 -> 
  custom:scripting/monoscript/fileName/UsingLoadContentCatalogAsync.cs: 8e4b025178d4e0172aeaad56739efe1f -> 
  custom:scripting/monoscript/fileName/TableSearchProvider.cs: 9e14c655173cfc9fafc822428d591e04 -> 
  custom:scripting/monoscript/fileName/UsingRemoveResourceLocator.cs: ffa3bb99c581ff8477018bfe8198ccbe -> 
  custom:scripting/monoscript/fileName/EditorPropertyDriver.cs: 6ab6221ea31e92f727c72f18b50d56d2 -> 
  custom:scripting/monoscript/fileName/TMP_SubMeshUI_Editor.cs: 765ce633a5bfada7c5afc51aed8631bb -> 119a633ce37cc27ac209988b5de61d96
  custom:scripting/monoscript/fileName/ListWithEvents.cs: 90647cc400823b41df847a6cbfc29026 -> 
  custom:scripting/monoscript/fileName/ProgressLoggingTracker.cs: 5d288d40f7eb670174353f8188801c70 -> 
  custom:scripting/monoscript/fileName/SerializedTypeDrawer.cs: 55704df2e1fbeb280a39857e3fe8599a -> 
  custom:scripting/monoscript/fileName/GraphLayerLabel.cs: e6bbecfb657f4306f18760a66877483c -> 
  custom:scripting/monoscript/fileName/TMP_BaseEditorPanel.cs: bf7c6aff8663a36814779dfe47e82e00 -> f4b9967705e7bb57152fef4117417ba7
  custom:scripting/monoscript/fileName/IBuildResults.cs: 8b5b87d2e7d0fe52b18dffb583edf526 -> 
  custom:scripting/monoscript/fileName/BundleRuleBase.cs: e7ef640b2d0e3626500ffc1b301ab048 -> 
  custom:scripting/monoscript/fileName/DownloadStatus.cs: 54e6ecf38c97350b7185a2dbdd2736c2 -> 
  custom:scripting/monoscript/fileName/LocaleCommentColumn.cs: b9990117b1aec64849bb0bb6c783ca3d -> 
  custom:scripting/monoscript/fileName/ProfileDataSourceDropdownWindow.cs: 0c889b1a609cf40b8fe20a3ed4bbafff -> 
  custom:scripting/monoscript/fileName/UnityWebRequestUtilities.cs: 9b8466aca40de6647ee5e3ca2db084e4 -> 
  custom:scripting/monoscript/fileName/SequentialIDGenerator.cs: d83efcc667e1071af0b2df3b9b2d5c7e -> 
  custom:scripting/monoscript/fileName/AssetUtility.cs: 9fd2b0a9ba402984d9e38d454d654b92 -> 56b81e5e2578818cf6f96d864707db64
  custom:scripting/monoscript/fileName/ProfileDataSourceSettings.cs: 5e371415d0bffd9fa1566f074827ca84 -> 
  custom:scripting/monoscript/fileName/EditorGUIUtilityBridge.cs: 6c6281d5b59dbfe7f64a4390cec64cef -> 
  custom:scripting/monoscript/fileName/MainPanelSummaryTab.cs: 28ca7ae655dc332f660c132d33be2668 -> 
  custom:scripting/monoscript/fileName/FormattingException.cs: 91b461cc7c40815d8a7c339d54be2b22 -> 
  custom:scripting/monoscript/fileName/TMP_SettingsEditor.cs: aa2b5eadaadb4b54b49cd650a2246119 -> 56bf06371df7e13c5b8cc88becb89a4d
  custom:scripting/monoscript/fileName/ProjectLocalePopupField.cs: 2224bf6801a24e4e4f2dfbd481785552 -> 
  custom:scripting/monoscript/fileName/TMP_UpdateRegistery.cs: 62691e6bdb107984e7d826316a6498e1 -> 1f23864d29c3a03d22aa9b00a337cf78
  custom:scripting/monoscript/fileName/ClusterBuildLayout.cs: 5771ce961e5c856dda3162f7e7866c51 -> 
  custom:scripting/monoscript/fileName/DumpToText.cs: 2dfe9c7754fbb721de687736d394e422 -> 
  custom:scripting/monoscript/fileName/FastAction.cs: 94d6ead813247e604740a116c5fa92db -> dfbe75b66b645b53472915ad2590af11
  custom:scripting/monoscript/fileName/TMPro_TextContainerEditor.cs: a97aca5bcf1b2486a0f60b2c7a935c42 -> b2fbc5db24221a870c4de162a712cbfe
  custom:scripting/monoscript/fileName/UsingLogException.cs: 3316b26395971abd12a4bd736d7ff4cd -> 
  custom:scripting/monoscript/fileName/BuildProfileSettingsEditor.cs: 970095181710e210a9e9390c58796570 -> 
  custom:scripting/monoscript/fileName/SheetsServiceProvider.deprecated.cs: 90647cc400823b41df847a6cbfc29026 -> 
  custom:scripting/monoscript/fileName/AddressableAssetUtility.cs: 72a93ba81003bd461d6101745b676e3e -> 
  custom:scripting/monoscript/fileName/CsvColumns.cs: f40c9a0e65e110452ca351c87c16d563 -> 
  custom:scripting/monoscript/fileName/GroupsContentView.cs: 6c0af8780f1bc0c3acee464ca49bd416 -> 
  custom:scripting/monoscript/fileName/FileRegistry.cs: c2a0e90b96356fc8b397f160fccdb0e1 -> 
  custom:scripting/monoscript/fileName/ContentCatalogData.cs: 69501017901d28c7b50ababf6ecc7e6c -> 
  custom:scripting/monoscript/fileName/TMP_TextAlignmentDrawer.cs: ad15f73780bb9949f148eddcc3c3fbf7 -> 011b7908ef5eb5e9dea532c77e85c538
  custom:scripting/monoscript/fileName/TMPro_CreateObjectMenu.cs: e9e63aff764c7e7fd08e66f87103df4d -> ddee59388caa7a56693342f3a805d427
  custom:scripting/monoscript/fileName/LocalizedAsset.cs: 7f97d498ffdfe4030eafd61d575be86e -> 
  custom:scripting/monoscript/fileName/AddressableAssetGroup.cs: 0f9c4653caddd0474511f5b3f44ee076 -> 
  custom:scripting/monoscript/fileName/TrackedLocalizeStringEvent.cs: ebad6f8edd7e9eef814e258cd129cd63 -> 
  custom:scripting/monoscript/fileName/TMP_Asset.cs: dcedda1866ab6edcf1af2d4525512628 -> 7e95c8d89188057bea8fc9569c9aa309
  custom:scripting/monoscript/fileName/LocalizedStringPropertyDrawer.cs: 25afd2cc46dd2b599a199f1e04ce3822 -> 
  custom:scripting/monoscript/fileName/xliff_core_2.0.cs: fc2057a38dfab16b8512fec9773c7f76 -> 
  custom:scripting/monoscript/fileName/ISelectorInfo.cs: 6321a5056dc9a78968a9dd0ca94ba619 -> 
  custom:scripting/monoscript/fileName/ProfileGroupType.cs: c75096844ddd488c7a0178740cfcc99e -> 
  custom:scripting/monoscript/fileName/DetailsContents.cs: 897c368e5dc4cdd93f45e1ac7d556963 -> 
  custom:scripting/monoscript/fileName/ScenePropertyTracker.cs: 86f0b3ce1098ba10b1df7fcad53bd72d -> 
  custom:scripting/monoscript/fileName/AddressableAssetEntryCollectionEditor.cs: 3573c130dc7f7334299b8beed2200c30 -> 
  custom:scripting/monoscript/fileName/TMP_ColorGradientEditor.cs: 187fe88a4e95285275d1781f1da14d92 -> ed654c9d45026a5f71e6e9535130c15f
  custom:scripting/monoscript/fileName/LocalizationSettings.cs: 0e2576b46b668ab2000f26b363c67059 -> 
  custom:scripting/monoscript/fileName/LoadSynchronously.cs: c4f0669c9aa685144c4f5b796d0b70eb -> 
  custom:scripting/monoscript/fileName/NewSheetProperties.cs: e34185a962f021141e44dc1ce093e683 -> 
  custom:scripting/monoscript/fileName/Comment.cs: 1df9b6a2a4782dd3ba7e4d56cc3fc5a5 -> 
  custom:scripting/monoscript/fileName/SceneControlsWindow.cs: 0561aa4536f52631146c6ffce9e5138b -> 
  custom:scripting/monoscript/fileName/UsingCreateCatalogLocationWithHashDependencies.cs: c7c0f0abb9e7d828fb90719576b664da -> 
  custom:scripting/monoscript/fileName/TrackedPropertyDrawer.cs: 38d2061ceb2f7db18585e8737586f66e -> 
  custom:scripting/monoscript/fileName/MonoBehaviourCallbackHooks.cs: b20ea6c878896467bc06e7a880dbeda7 -> 
  custom:scripting/monoscript/fileName/HashingHelpers.cs: 0f7aeced044c9bfbe971ac41bd6b1b1e -> 
  custom:scripting/monoscript/fileName/ProfileWindow.cs: fa1c3d799675766d6e9897b9bc0b5a97 -> 
  custom:scripting/monoscript/fileName/FileCompressor.cs: 9e176c2b40f10af0783acadfcf93a0a6 -> 
  custom:scripting/monoscript/fileName/BuildCacheUtility.cs: 2743f002ee5eaa2b245807c6d3986866 -> 
  custom:scripting/monoscript/fileName/VisualElementsWrapper.cs: 7ac1a7ea79783a0dda155d9acf8e52e7 -> 
  custom:scripting/monoscript/fileName/ContentPipeline.cs: 0099978ab3154e75ec02b02af05e3647 -> 
  custom:scripting/monoscript/fileName/DistributedUIDGenerator.cs: 037da96820b6f87792ef2e0a87c9ec34 -> 
  custom:scripting/monoscript/fileName/BuildLayoutParameters.cs: eb7c3c049a39ff038d6292e8e956a04c -> 
  custom:scripting/monoscript/fileName/IBuildSpriteData.cs: 70fcaabd919c2d8ed3f211908205c540 -> 
  custom:scripting/monoscript/fileName/IInitialize.cs: 8f41f2d3082a8cfed1a9f76a15f79086 -> 
  custom:scripting/monoscript/fileName/TMP_BitmapShaderGUI.cs: ef806c32b355e8831ed4eb3f5e3400ff -> 2ce3ac811452d1d6d82e565157cac3e2
  custom:scripting/monoscript/fileName/TMP_ColorGradientAssetMenu.cs: 79ee3689ecabb3de162f43faa3b27adc -> 83563be632f8167fcdca7878d36901f9
  custom:scripting/monoscript/fileName/HostingServicesManager.cs: bf09b4c263482a04155920012d385668 -> 
  custom:scripting/monoscript/fileName/FilterIds.cs: ab0a66942136a4dd113054af7b038da8 -> 
  custom:scripting/monoscript/fileName/CollectionExtension.cs: f8a94bffaf2831e97bfadd679b0d5d09 -> 
  custom:scripting/monoscript/fileName/BuildCallbacks.cs: e372553ccc5bfd1dd2d4f86e3433b7ac -> 
  custom:scripting/monoscript/fileName/IAddressableView.cs: 8b8bd30c6ee3cc366e6b5825b18b7a08 -> 
  custom:scripting/monoscript/fileName/BuildLayoutGenerationTask.cs: ffed48cd2d09cc55f2fb49224941b889 -> 
  custom:scripting/monoscript/fileName/AssetReferenceDrawerUtilities.cs: 351cdbf359a7cb402246cc4c26ca6bbc -> 
  custom:scripting/monoscript/fileName/LocalizationPackageExtensionsProjectSettings.cs: 286067f870046c863b249ef4c5b86d35 -> 
  custom:scripting/monoscript/fileName/FormatDelegate.cs: d674e994e02c99a6bc97e93ed08ed63e -> 
  custom:scripting/monoscript/fileName/CompatibilityAssetBundleManifest.cs: 8c821441185b5b6a41b701764a9456f7 -> 
  custom:scripting/monoscript/fileName/AssetInspectorGUI.cs: 1c2fbe684b8b981136ad78cc97e442f1 -> 
  custom:scripting/monoscript/fileName/EventDataPlayerSessionCollection.cs: aa3a5824b74762d314b052196c8121f1 -> 
  custom:scripting/monoscript/fileName/ContentUpdatePreviewWindow.cs: 328cbe5138c9fb6c1c71697205eab50f -> 
  custom:scripting/monoscript/fileName/JSONAssetProvider.cs: c98e2b214b7d3e761475613a9d6fddfc -> 
  custom:scripting/monoscript/fileName/TMP_GlyphPropertyDrawer.cs: 75006bca208b32d4fc4710404c538acf -> 56b500a16a5c8f635a7bfdd702279864
  custom:scripting/monoscript/fileName/LocalizedStringTablePropertyDrawer.cs: e886a001e705cc0705e678a1dc2ed974 -> 
  custom:scripting/monoscript/fileName/UsingLoadAssetsAsync.cs: e7c712cb92cb4bc191a413f33d87ddc0 -> 
  custom:scripting/monoscript/fileName/ProfileTreeView.cs: 12e4118bc493b83e0d991a39a1318ef6 -> 
  custom:scripting/monoscript/fileName/BuildTasksRunner.cs: 6061ed342a325c9c185a4b35bbfe23f3 -> 
  custom:scripting/monoscript/fileName/BuildExtendedAssetData.cs: 646a6ec8dded2f210e51a6a26a267c53 -> 
  custom:scripting/monoscript/fileName/TMP_SpriteGlyph.cs: 52a9bbe662618c4a5697bdefcba63d59 -> cb4cdca5a4c6415e4f27ee5280164c41
  custom:scripting/monoscript/fileName/StringBuilderPool.cs: 0a7f64ee5df8d42d8e9843f99c824cec -> 
  custom:scripting/monoscript/fileName/DetailsSummaryView.cs: aeb6ef9c87f8cedf81a2a9bdf342102f -> 
  custom:scripting/monoscript/fileName/XliffDocument.cs: 9b7826fef7f21076c2ca319420ac4d7a -> 
  custom:scripting/monoscript/fileName/MetadataCollection.cs: 3d22d318aeab2bf3c6be30164c34c5b4 -> 
  custom:scripting/monoscript/fileName/MetadataReorderableList.cs: 676fe7e50832af09353bc78a1a0a90d5 -> 
  custom:scripting/monoscript/fileName/TimeSpanUtility.cs: c268248eadf7f504ee39d36f8c2dbeba -> 
  custom:scripting/monoscript/fileName/AnalyzeRule.cs: 0616b2f44595cfd6ff277c8ca73ff9fd -> 
  custom:scripting/monoscript/fileName/DeclaringReferences.cs: 4c97197881389ed54fb27eb3f0e97327 -> 
  custom:scripting/monoscript/fileName/AssetDatabaseProvider.cs: 34efb1764c9d10e1b435aca6b8f8ab50 -> 
  custom:scripting/monoscript/fileName/PersistentVariablePropertyDrawer.cs: 5986276e917b35fbcb702081d402e633 -> 
  custom:scripting/monoscript/fileName/CacheInitializationDataDrawer.cs: 306c2f8cb1fc8b44b12a3aadd3361ffe -> 
  custom:scripting/monoscript/fileName/EditorIcons.cs: 13abce0cc692c84df4251fa74fe4a840 -> a3e3ee0982e43ced03e246e0d28ff4a2
  custom:scripting/monoscript/fileName/OperationCacheKeys.cs: a875722a6684f3c9f42fc8e71fb98086 -> 
  custom:scripting/monoscript/fileName/BuildProfiler.cs: 20a6883e13cfb1c377baf8d9ad7c7108 -> 
  custom:container-muxer-webm: aa71ff27fc2769a1b78a27578f13a17b -> 
  custom:scripting/monoscript/fileName/SharedTableCollectionMetadata.cs: c1aa8393f8c05c6f5464ccde87e55a74 -> 
  custom:scripting/monoscript/fileName/LoadTableOperation.cs: 90647cc400823b41df847a6cbfc29026 -> 
  custom:scripting/monoscript/fileName/KeyMetadataColumn.cs: 90647cc400823b41df847a6cbfc29026 -> 
  custom:scripting/monoscript/fileName/ProgressBarReporter.cs: bc323853087a9acbf94a2da59afe8082 -> 
  custom:scripting/monoscript/fileName/PluralLocalizationFormatter.cs: c373c0b16dac991baf6decafddf14513 -> 
  custom:scripting/monoscript/fileName/UsingDownloadDependenciesAsync.cs: bde825d7f2c2c85a4dd6a17f43d8e399 -> 
  custom:scripting/monoscript/fileName/GroupResolver.cs: 7792efe0547fa98ec81d1ec65abbade2 -> 
  custom:scripting/monoscript/fileName/LocaleEditor.cs: 202585e1e99bed536a79868d713acf30 -> 
  custom:scripting/monoscript/fileName/TMP_UIStyleManager.cs: f54fffa86b286da3a3329c601ca8d03e -> 66d96f3fa9ea14a5a6ed3f92d3bbe0f1
  custom:scripting/monoscript/fileName/ProjectConfigData.cs: 7921ee70ddc5c6dd7a9df8ec0c0092c7 -> 
  custom:scripting/monoscript/fileName/LoadWithLabels.cs: 804b317a87fff96d59ed63aeb6e721d6 -> 
  custom:scripting/monoscript/fileName/LocaleGeneratorListView.cs: 3257dfadf57a6fd6155e4b69c68ee152 -> 
  custom:scripting/monoscript/fileName/IBuildContext.cs: 5ff9d28c8d4a4f1b753bc76a607083bf -> 
  custom:scripting/monoscript/fileName/UsingInstanceProvider.cs: e7735e2612598c8504b3d653c19306de -> 
  custom:scripting/monoscript/fileName/Smart.cs: 5cf24fe66695f9cb989dd34006965373 -> 
  custom:scripting/monoscript/fileName/GlobalVariables.deprecated.cs: 728d6fb3b3dc77e5f3d610a9946a1b81 -> 
  custom:scripting/monoscript/fileName/CsvExtensionPropertyDrawer.cs: 9208f544b458498944fb068183667b1d -> 
  custom:scripting/monoscript/fileName/IDTransformer.cs: 550588a96657730d8404618890726064 -> 
  custom:scripting/monoscript/fileName/GoogleTranslatorAPI.cs: 1d07277978156b2b680265dfeeec5f74 -> 
  custom:scripting/monoscript/fileName/AssetReferenceUIRestriction.cs: ab1a4ace83e547a82f148902e05d9451 -> 
  custom:scripting/monoscript/fileName/FallbackLocale.cs: 647370036d8284c058069deac99405db -> 
  custom:video-decoder-webm-vp8: 9c59270c3fd7afecdb556c50c9e8de78 -> 
  custom:scripting/monoscript/fileName/UsingLogErrorFormat.cs: 8e9e0801031e74a4fd32b9b7bd2bf9d9 -> 
  custom:scripting/monoscript/fileName/DuplicatedAssetsContentView.cs: 071f6b802be913317a07b2a4ef0ee772 -> 
  custom:scripting/monoscript/fileName/DetailsSummaryBuilder.cs: ba334c0298d2d1e4c9714387e3c7aae8 -> 
  custom:scripting/monoscript/fileName/AnalyzeResultData.cs: c2f44893e38a82b7544778fbc70f6623 -> 
  custom:scripting/monoscript/fileName/ColumnSelectors.cs: 6af2063438fc3fffbfd8fd38fba2eda1 -> 
  custom:scripting/monoscript/fileName/LocalizationTablesWindow.cs: cf8c97d55d9c069dca434c69b83a65a8 -> 
  custom:scripting/monoscript/fileName/IBundleExplictObjectLayout.cs: ddaeb79a7a717f820f674015296294c0 -> 
  custom:scripting/monoscript/fileName/PostDependencyCallback.cs: eb19b86cfe0872246c64c5aa303dec70 -> 
  custom:scripting/monoscript/fileName/Expander.cs: 5781679213a06dbdf87128cb159babdf -> 
  custom:scripting/monoscript/fileName/LocalizationTableCollectionCache.cs: 2e2bd79d9fcf7fcc1fc934625c3c6b19 -> 
  custom:scripting/monoscript/fileName/BuildBundleLayout.cs: 576813ef72fead3ae460d113cf17b9a7 -> 
  custom:scripting/monoscript/fileName/CollectionNameFilterBlock.cs: 0f617309fbe56974021c72e157b39665 -> 
  custom:scripting/precompiled-assembly-types:Unity.Addressables: 6e2eb23eed52ab989518c55ebe19712f -> 
  custom:scripting/monoscript/fileName/BaseHostingService.cs: 200b06cbaa68e8641c1d85f0d10bc757 -> 
  custom:scripting/monoscript/fileName/LoadAssetOperation.cs: 90647cc400823b41df847a6cbfc29026 -> 
  custom:scripting/monoscript/fileName/TMPro_EventManager.cs: 9ebed0b1e26a8c995d644c176e696d93 -> 4c7492301243f935f7a463360f91d217
  custom:scripting/monoscript/fileName/AppInfo.cs: f759b70f2c69343fe2ecccdb6b7ec2e2 -> 
  custom:scripting/monoscript/fileName/CollectionGroupFilterBlock.cs: d219032a80c70708623b8d1cd2836132 -> 
  custom:scripting/monoscript/fileName/RebuildSpriteAtlasCache.cs: 4336dcac6b167662dc27a4b8cb534249 -> 
  custom:scripting/monoscript/fileName/GlyphRectPropertyDrawer.cs: d355023434b9b8f82f7070cb40c7c036 -> bdec415148eac17379112822c8814df5
  custom:scripting/monoscript/fileName/ISceneProvider.cs: 658a51016cbab09b1ba5c1655069810e -> 
  custom:scripting/monoscript/fileName/KeyCommentColumn.cs: 8ab66a765ba52efe7fc31fb7cd1a5b1f -> 
  custom:scripting/monoscript/fileName/TMPro_UGUI_Private.cs: 8f6297df34271fdb1ce2d9607ec6261d -> 90647cc400823b41df847a6cbfc29026
  custom:scripting/monoscript/fileName/GenerateLocationListsTask.cs: 4c17cd4ff87a2e74f5b37e68beb1034f -> 
  custom:scripting/monoscript/fileName/PackedPlayModeBuildLogs.cs: 26ca3e11f45bddf9443535bcaf190309 -> 
  custom:scripting/monoscript/fileName/IFormatter.cs: 01e87d00cb790254fdb58a2e27ad38a5 -> 
  custom:scripting/monoscript/fileName/SystemLocaleSelector.cs: c5cc06fdaa353af7e2c6696acccda057 -> 
  custom:scripting/monoscript/fileName/MiscellaneousTopics.cs: 6bab07f34ac3d7d8fae769bcdad3df67 -> 
  custom:scripting/monoscript/fileName/VariablesGroupAsset.cs: d2482a85ac31478d2b674636eed50f08 -> 
  custom:scripting/monoscript/fileName/TypeUtility.cs: 92a5a87ea5be7de38d408a4236d704e2 -> 697cbcee997ea80178c464c8fd931a69
  custom:scripting/monoscript/fileName/VirtualAssetBundleProvider.cs: 014c97404d6f15b756db08d2ee4aa738 -> 
  custom:scripting/monoscript/fileName/ReorderManipulator.cs: c3cc3283d456156a32bd889da5388366 -> 
  custom:scripting/monoscript/fileName/AddressablesRuntimeProperties.cs: 4969983b02306777c6a47ce4a11cc967 -> 
  custom:scripting/monoscript/fileName/FormatDetails.cs: 3a875893fd8613cb13205b8823f4fac3 -> 
  custom:scripting/monoscript/fileName/Xliff.cs: ef6b45730c337880390347d31b2a84a7 -> 
  custom:scripting/monoscript/fileName/UsingLogFormat.cs: 08b0763998d4e405b9da95ae8aea542e -> 
  custom:scripting/monoscript/fileName/TMP_TextElement_Legacy.cs: 33cc86d4b4c35f95c6446ea70ef56fc4 -> 6e11e173cb695b15e8cce3cd1e1cb2a7
  custom:scripting/monoscript/fileName/AddressablesBuildScriptHooks.cs: 2cbbf8974b686fe2baa61afde888f688 -> 
  custom:scripting/monoscript/fileName/Encapsulator.cs: 1e1db4fea0a4e2c44b57faa1c6dd4bfa -> 
  custom:scripting/monoscript/fileName/OperationHandleTypes.cs: 160b3da87b81856ca98f6ab136ee8d94 -> 
  custom:scripting/monoscript/fileName/BundleDetails.cs: c2ce173f3479298f0c344c217d376d24 -> 
  custom:scripting/monoscript/fileName/Accenter.cs: 90ea6834cce5f6d78bd057f9238941f6 -> 
  custom:SearchIndexIgnoredProperties: e643bd26f0fe6173181afceb89e7c659 -> 
  custom:scripting/monoscript/fileName/UpdateBundleObjectLayout.cs: d3e8743e5c2de0c9b031ff5de45c2faa -> 
  custom:scripting/monoscript/fileName/GUIUtility.cs: 4f971baa0f9d48cbd293794e0740ba9f -> 
  custom:scripting/monoscript/fileName/ReflectionExtensions.cs: 18deef64260ff7f38d0791626801b560 -> 
  custom:scripting/monoscript/fileName/SharedTableData.cs: 0321dfa863ea7dc9cb5ac00e0188432f -> 
  custom:scripting/monoscript/fileName/USerialize.cs: 6f1fb90844e336a2331e02dcaf45180a -> 
  custom:scripting/monoscript/fileName/DetailsStack.cs: 1bce17e22c9932daf94954746a7de14d -> 
  custom:scripting/monoscript/fileName/CacheInitialization.cs: 231ea051a2a92e5ba6df4a940124813d -> 
  custom:scripting/monoscript/fileName/TMP_Settings.cs: 957f1889ca66b295dca8f725cc81558d -> 68d1204aae2aa6d0a54c151b7af443e7
  custom:scripting/monoscript/fileName/TableTreeView.cs: 78ce28c6b954a09dd71f4c11ab7bbaae -> 
  custom:scripting/monoscript/fileName/LocalesProvider.cs: f7bf849209e180db8054724ee686358f -> 
  custom:scripting/monoscript/fileName/TMPro_SortingLayerHelper.cs: e3aabd077ed12370ac46dda129ef572e -> 8b86ad735987eff6a1277352e9e8d9b6
  custom:scripting/monoscript/fileName/EventDataSet.cs: 219643b14b32f828cebbb2d2ae9fdc7d -> 
  custom:scripting/monoscript/fileName/UsingUnloadSceneAsync.cs: 0bc46c9a1a51d2f8fb2486ce957ad990 -> 
  custom:scripting/monoscript/fileName/UnityEvents.cs: b0e2675a6c0568ce9542790c6e41312b -> 93e3e01e1fc330c62462aa41b286117b
  custom:AudioImporter_EditorPlatform: d09bf68614088b80899f8185d706f6e7 -> 
  custom:scripting/monoscript/fileName/ResourceManagerRuntimeData.cs: 1b7a8a6c7dd023adb09d5675c09d77d6 -> 
  custom:scripting/monoscript/fileName/GoogleSheets.cs: 7f0f9fdedc2ed9e03c1e8497270d9e4a -> 
  custom:scripting/monoscript/fileName/BuildScriptPackedMode.cs: 407a5958a595f4becac3b0cc930fc7a2 -> 
  custom:scripting/monoscript/fileName/PreloadAssetTableMetadata.cs: c595287f8069eb3ccd0af10de5541d79 -> 
  custom:scripting/monoscript/fileName/TaskTimerReporter.cs: 1092576eede58a2418e17f1357b78f6a -> 
  custom:scripting/monoscript/fileName/CommandLineLocaleSelector.cs: c4841077c37069c678d9d656dc0d9455 -> 
  custom:scripting/monoscript/fileName/SystemTime.cs: 989b75921b4f0db5d1aa4f8edabc4363 -> 
  custom:scripting/monoscript/fileName/IGraphLayer.cs: a76f5bd30e23aa5de9f5dc8a7b4efcf0 -> 
  custom:scripting/monoscript/fileName/TypeVersionCheck.cs: 47108c4bb576b50bf383edcb36a61cb6 -> 
  custom:scripting/monoscript/fileName/TreeBuilder.cs: 36b82ae8a43ef47082a423bad7e418ea -> 
  custom:scripting/monoscript/fileName/ISource.cs: c65c24084d429f67ca8753d1e0381364 -> 
  custom:scripting/monoscript/fileName/VariableInterfaces.cs: 10b8c0228a4fe29f9029171fd54f9576 -> 
  custom:scripting/monoscript/fileName/LocalizedAssetDatabase.cs: 3c0f7009033bdd415fc479957937b721 -> 
  custom:scripting/monoscript/fileName/AddressHelper.cs: b53c1a445f5afb9fc6dd620741d0a126 -> 
  custom:scripting/monoscript/fileName/TMP_ResourcesManager.cs: 0d972ba50c38c5b25fe15fb0c61ada2b -> 64252a073d41e9c6f4e95b5f68ac966c
  custom:scripting/monoscript/fileName/TMPro_TexturePostProcessor.cs: d21743efde4e74198703a65b965619ea -> 0750ad2b775120fa59f760172dc340ad
  custom:scripting/monoscript/fileName/UsingLoadResourceLocationsAsync.cs: 740c22efc58708343ed3593e99a08437 -> 
  custom:scripting/monoscript/fileName/BinaryStorageBuffer.cs: aea5e9a2d05029c76f9f73a17b287e21 -> 
  custom:scripting/monoscript/fileName/ResourceManagerCacheWindow.cs: e6140759c281f8efb60128561ae796f5 -> 
  custom:scripting/monoscript/fileName/PropertyDrawerExtended.cs: 54be72df0da399fe9a9cb381ccabf367 -> 
  custom:scripting/monoscript/fileName/TMP_PackageResourceImporter.cs: 5335f4ee7041812300af31a777e4f584 -> 949b6e7fa2132b400d5c4aaf9c34421a
  custom:scripting/monoscript/fileName/TimeFormatter.cs: 21db6b05cfeb66cb0e0b65e44585475d -> 
  custom:scripting/monoscript/fileName/IBuildContent.cs: 985433c3d816b7fe3356ac6fdd88a9c1 -> 
  custom:scripting/monoscript/fileName/MetadataTypeFilterBlock.cs: 1bff0ccf759564feaa35b99a044dc6fc -> 
  custom:scripting/monoscript/fileName/ExportCharacterSetWindow.cs: 706a16bf0fdb4ea73952c05b012a340b -> 
  custom:scripting/monoscript/fileName/AddressableReadOnlyAttribute.cs: 914c40d4b7e39c112d1393ac0c92b23a -> 
  custom:scripting/monoscript/fileName/PlatformUtilities.cs: 235a1dc9d5a05ec2d866fa311b4cb464 -> 
  custom:scripting/monoscript/fileName/AudioPairTableEditor.cs: 5491ca35bb6d1d629a8478693b9a5df0 -> 
  custom:scripting/monoscript/fileName/UnityWebRequestOperation.cs: 48ce9539f5ab38dbacd1aa0c1352711a -> 
  custom:scripting/monoscript/fileName/AudioPairTable.cs: 1bc6fd0b97b7c9be79518bc0a2fe2b11 -> 
  custom:scripting/monoscript/fileName/ITaskReporter.cs: 222334d27bb058e41592f4c2006132eb -> 
  custom:scripting/monoscript/fileName/TMP_Style.cs: 22d5739edd705d10f980250dcfd7fde0 -> ecc9948baa78373f3076151d1a0642d9
  custom:scripting/monoscript/fileName/xliff-core-1.2-strict.cs: 8f8a4b34cd31e442f3d19a26c24a463a -> 
  custom:scripting/monoscript/fileName/BuildScriptFastMode.cs: 256d014c225478a7ec3003a9ee45d090 -> 
  custom:scripting/monoscript/fileName/StringTableAnalyzeRule.cs: cd9668db3501f87c8d1ec3d7a16e492a -> 
  custom:scripting/monoscript/fileName/UsingGetLocatorInfo.cs: cc431c9ece90188d6cf534e6d841e634 -> 
  custom:scripting/monoscript/fileName/IStartupLocaleSelector.cs: 1c3b752196ad5a776a2ef5b5042697d8 -> 
  custom:scripting/monoscript/fileName/IBuildParameters.cs: 5444d4b7b91f8f230014e0b0f1d671dc -> 
  custom:scripting/monoscript/fileName/SharedTableEntryMetadata.cs: ab49a003f9af305c9b3d04a6d04dc314 -> 
  custom:scripting/monoscript/fileName/TMP_EditorPanelUI.cs: 6242af713a75147e6e5820bfce936424 -> 0c3fb43855adf1da22258c211d01a47d
  custom:scripting/monoscript/fileName/TableCreatorWindow.cs: f8c90f1bf06a3d3de09d0a7e3859c7e7 -> 
  custom:scripting/monoscript/fileName/GameViewLanguageMenu.cs: a7160950e4f733f1fe6340f3228ae820 -> 
  custom:scripting/monoscript/fileName/CacheEntry.cs: 184ec4582c6a111a6d76b26e9882d8ac -> 
  custom:scripting/monoscript/fileName/CalculateCustomDependencyData.cs: 60157e862b4f285cab819b205d1dcc68 -> 
  custom:scripting/monoscript/fileName/RawWriteOperation.cs: 0c25d4a5522f2e528b1c316a8854d37d -> 
  custom:scripting/monoscript/fileName/ManagedReferenceReorderableList.cs: 41ad29151b9c5ce20ec75e81245fce8d -> 
  custom:scripting/monoscript/fileName/TMP_InputField.cs: 8fed3480abb5543168012b207b39349b -> f7712ab842984f124274656d749eca3d
  custom:scripting/monoscript/fileName/TMP_Sprite.cs: e9945527ea1584af23f8f41ce4b844b4 -> 0ee3c386846aa132dd254421fac18cd1
  custom:scripting/monoscript/fileName/IKeyColumn.cs: 79b90bf87dc0f5620ceddf74ee199492 -> 
  custom:scripting/monoscript/fileName/IObjectDependencyData.cs: dab6b9b0a9d3dcde7acff38a7870ced5 -> 
  custom:scripting/monoscript/fileName/MetadataEditorWindow.cs: cad4bf49e0b8fe49b1c0aa5bc922ea2e -> 
  custom:scripting/monoscript/fileName/TMP_StyleSheet.cs: b6deb5f646a1f5ad7b696d32618ba797 -> de73099b6bd4b9281c92feedf1315618
  custom:scripting/monoscript/fileName/HostingServicesAddServiceWindow.cs: fd26c6703e93923a6040252fecaaecbe -> 
  custom:scripting/monoscript/fileName/PostScriptsCallback.cs: 1cec4066ff38f9052245bd85d91b727c -> 
  custom:scripting/monoscript/fileName/LocalizationEditorSettings.cs: fd3346c7d0ae3496cbe7d6a7d180b00c -> 
  custom:scripting/monoscript/fileName/TypicalCharacterSets.cs: 158b906e5ccaddc8b9ac8690d853b22c -> 
  custom:scripting/monoscript/fileName/AddressableAssetsSettingsGroupTreeView.cs: e5fe57585b0651fd01ff393bdf3e4f20 -> 
  custom:scripting/monoscript/fileName/HelpBoxFactory.cs: 8007e8c2f011b397a306593d77e7fd78 -> 
  custom:scripting/monoscript/fileName/LocalesProviderPropertyDrawer.cs: 410e8623c05c065334f8cc6b2bac7fa2 -> 
  custom:scripting/monoscript/fileName/AnalyzeSystem.cs: 128a795ef9670825919b4f5f7818fe78 -> 
  custom:scripting/monoscript/fileName/IResourceProvider.cs: 4e1072087895f7cf2b9fc9e8f681e3cf -> 4b4333faac1f035dca79aa7cb63380b6
  custom:scripting/monoscript/fileName/LocalizationTableCollectionEditor.cs: 01365640e81e8681ffc9814ec8dd8195 -> 
  custom:scripting/monoscript/fileName/IDeterministicIdentifiers.cs: 9fdfcaea74e444a0ad0fcc5b015d955f -> 
  custom:scripting/monoscript/fileName/HostingServicesListTreeView.cs: fafbbca9718fb186abd5a1dc67d1b847 -> 
  custom:scripting/monoscript/fileName/DataBuilderInterfaces.cs: f6426747b57e0f131c6179da6223d701 -> 
  custom:scripting/monoscript/fileName/TMP_PackageUtilities.cs: 029634ff6f667ebc9454d70fde4def50 -> 89e6e95503dd36070edf73e7aaab4557
  custom:scripting/monoscript/fileName/xliff 2.0.cs: 30fa30c8e08fe9ef4314fb2fc5848498 -> 
  custom:scripting/monoscript/fileName/Preferences.cs: fba8ce962f5e3675d075778c4ebed9d6 -> cf725cfda81f82351c3aee08fa8d5584
  custom:scripting/monoscript/fileName/RibbonButton.cs: cc35a659d75241a4e5c50fbc2cece8eb -> 
  custom:scripting/monoscript/fileName/TrackedProperty.cs: 508ed3c5178ba76c746242bd2b5c1dc4 -> 
  custom:scripting/monoscript/fileName/TrackedRectTransform.cs: 65c684135cad645572386a557a068ac4 -> 
  custom:scripting/monoscript/fileName/TMP_GlyphPairAdjustmentRecordPropertyDrawer.cs: 6f07d27e8ea91e29d6bd5f39dd8deb23 -> 1a07941369755af9e0a102a45e9058c5
  custom:scripting/monoscript/fileName/BuildUtility.cs: d01ca5585045ab5318364299e9827882 -> 
  custom:scripting/monoscript/fileName/BuildLauncher.cs: cd7a196a81bca174893f01effa5aecb0 -> 
  custom:scripting/monoscript/fileName/GroupResolverPropertyDrawer.cs: 0b84353927d25e3b6e72076ffc57bce9 -> 
  custom:scripting/monoscript/fileName/TupleExtensions.cs: 0d0a32df9be1ebf54d307c2e175b88e2 -> 
  custom:scripting/monoscript/fileName/VariantsPropertyDriver.cs: ff6aea2deb08c94e58b6323ef3d34b77 -> 
  custom:scripting/monoscript/fileName/AddressableAssetGroupInspector.cs: 3e935212b2fe26486c64b69f39071ac1 -> 
  custom:scripting/monoscript/fileName/CustomLocaleUIWindow.cs: 65a011f1fdcba5bf5771440fddc532e8 -> 
  custom:scripting/monoscript/fileName/IProgressTracker.cs: 59e48e9e64fc66dccd13c436990f26d1 -> 
  custom:scripting/monoscript/fileName/AddressableAssetsWindow.cs: 0ae5a5fe93f233918ab0953c3f43b6da -> 
  custom:scripting/monoscript/fileName/TMP_TextUtilities.cs: f68f97869f24792bf3a3694d69de955c -> aab2855e68416a0a1f2f8904059662aa
  custom:scripting/monoscript/fileName/ConditionalFormatter.cs: 895bd49ad724385e40df5d6f9aabba65 -> 
  custom:scripting/monoscript/fileName/Format.cs: de08f5ed5d2e8d37c71b0489b189a365 -> 
  custom:scripting/monoscript/fileName/LocalizationAssetPostProcessor.cs: 80d768316432a39b5991aad7b0205bce -> 
  custom:scripting/precompiled-assembly-types:Unity.ResourceManager: dcae2e51a059ff7053ed772bcbf9d489 -> 
  custom:scripting/monoscript/fileName/TMP_Dropdown.cs: 39f6048c754db30f2da2ea32254db16b -> ecea2f8babcb40d207d2e73158251f60
  custom:scripting/monoscript/fileName/GraphColors.cs: b18f36856baf49a6bf6d17a60891f129 -> 
  custom:scripting/monoscript/fileName/ParsingErrorEventArgs.cs: 31da2adfcbb342c0c0ef59f997401c41 -> 
  custom:scripting/monoscript/fileName/UsingLog.cs: d5de52935d92bb442d2ef04d5e9271ed -> 
  custom:scripting/monoscript/fileName/TMP_CharacterInfo.cs: d2593478681404ce2cbd40e4e2f8a6d3 -> c840ce0b0aa6c1faafb27b3b884b2328
  custom:scripting/monoscript/fileName/AutoAudioUnloader.cs: 513f6b594b03bf8e03858d518ff7cf69 -> 
  custom:scripting/monoscript/fileName/InstantiateAsset.cs: d44163c265bd65961687c7dda9c2b771 -> 
  custom:scripting/monoscript/fileName/IInstanceProvider.cs: c17f61cab582aae12b8e4f575653001d -> 
  custom:scripting/monoscript/fileName/Placeholder.cs: 6a4eed5553844ea901ffaf78dc84c413 -> 
  custom:scripting/monoscript/fileName/UsingLoadResourceLocations.cs: 458ff006fff4b677bd0ca5eae559f67a -> 
  custom:scripting/monoscript/fileName/ContentCatalogProvider.cs: b67cced6bdcda88e8bc8bafba1751ea9 -> 
  custom:scripting/monoscript/fileName/PlayerDataGroupSchema.cs: 6e16a3fdc8daa841ada1b85209f744f7 -> 
  custom:scripting/monoscript/fileName/XliffVersionPopup.cs: 8a43694b088606d76c6fb1f0c1689872 -> 
  custom:scripting/monoscript/fileName/LocaleColumns.cs: e9f25c1e29e738b9449f417f45396960 -> 
  custom:scripting/monoscript/fileName/AddressableAssetsBuildContext.cs: 356f5b7afbbe4f9d6ac7c932081259f2 -> 
  custom:scripting/monoscript/fileName/LinearPackedIdentifiers.cs: f2ab3362c1bcc1efe300438e2ca25a9c -> 
  custom:scripting/monoscript/fileName/CommonStrings.cs: c37303b8ea4b24be7afe89e3c1f096f3 -> 
  custom:scripting/monoscript/fileName/LocaleGeneratorWindow.cs: 799b2eeb79e01d5c89a29f1931eadc0b -> 
  custom:scripting/monoscript/fileName/RevertUnchangedAssetsToPreviousAssetState.cs: 460b548d6d2a27380a55b9d51aa2a91b -> 
  custom:scripting/monoscript/fileName/TMP_ListPool.cs: 8f6297df34271fdb1ce2d9607ec6261d -> 90647cc400823b41df847a6cbfc29026
  custom:scripting/monoscript/fileName/AddressableAssetBuildSettings.cs: c644429e8088e25eab8e9c6c7473dd16 -> 
  custom:scripting/monoscript/fileName/ContentUpdateScript.cs: 15966d4e73e1ff0eeef8a7e41df54762 -> 
  custom:scripting/monoscript/fileName/UpdateCatalogsOperation.cs: 22a4d3f0567324ebd120b6c47114c414 -> 
  custom:scripting/monoscript/fileName/PreloadWithProgress.cs: ea27ff46b79180ee449915c2e16c4bde -> 
  custom:scripting/monoscript/fileName/UsingLoadContentCatalog.cs: 38bd95a6b4ed2cb3d62efb083ed7d0db -> 
  custom:scripting/monoscript/fileName/AddressableAssetProfileSettings.cs: a6f00f6a629984367397b66ab11cf3e3 -> 
  custom:scripting/monoscript/fileName/ReorderableListExtended.cs: f9dc20a256c63e7f71735f925435c80b -> 
  custom:scripting/monoscript/fileName/KeyColumn.cs: 33384a623481627b39333b7f9937771e -> 
  custom:scripting/monoscript/fileName/UsingAddResourceLocator.cs: b4d8932cd48c7c3120bb8c3c860610b2 -> 
  custom:scripting/monoscript/fileName/LocalizedAsset.deprecated.cs: 90647cc400823b41df847a6cbfc29026 -> 
  custom:scripting/monoscript/fileName/MaterialReferenceManager.cs: eaedc912311d98c6b58e199f6250c848 -> c970e86594a0f568cbda548f2d4462c1
  custom:scripting/monoscript/fileName/UsingReleaseInstance.cs: c3c16d0bb36b247436faab1f884133c7 -> 
  custom:scripting/monoscript/fileName/LocalizedAssetPropertyDrawer.cs: 0bc5cc3a2b9703285d7c19793be376fc -> 
  custom:scripting/monoscript/fileName/SearchBridge.cs: 9fb5fd48519d03f863661aeae4f73963 -> 
  custom:scripting/monoscript/fileName/AssetSettingsAnalyzeTreeView.cs: 8dce9d91b61072395655d33d05e5ffbc -> 
  custom:scripting/monoscript/fileName/ITextPreProcessor.cs: 28ed6b2ca482997555fb0291bd20c40d -> a7aa94de5d5bfce2bdd74516315faaf2
  custom:scripting/monoscript/fileName/DetailsView.cs: 0b2675f54fd32b068a74f7e2e7734c07 -> 
  custom:scripting/monoscript/fileName/LocalizedReference.cs: a4da1644d2be6fb8c401848c449fae25 -> 
  custom:scripting/monoscript/fileName/LocalizedDatabase.cs: 93d371750c467e037c3ea038199d85e7 -> 
  custom:scripting/monoscript/fileName/CcdFolder.cs: 56722f7ecef4cc8e5c97ffaca6ab3b01 -> 
  custom:scripting/monoscript/fileName/CsvExtension.cs: b6375f38b3cb7554695596b1d78363bd -> 
  custom:scripting/monoscript/fileName/EditorStylesBridge.cs: 39a26f78cf8152891f3ac69835b6c9c8 -> 
  custom:scripting/monoscript/fileName/AnalyzeRuleGUI.cs: 60c2d04e6f960fbcbfd16cc17b8c19ff -> 
  custom:scripting/monoscript/fileName/ResourceProfilerWindow.cs: ca7d053306b5efbb5532faf2f4cfbabb -> 
  custom:scripting/monoscript/fileName/InitializationOperation.cs: f766b1fa87a066b35ffd7343731b6422 -> 
  custom:scripting/monoscript/fileName/BuildPlayerScripts.cs: 0f2fc29cfe25da306bd11569a87e99c9 -> 
  custom:scripting/monoscript/fileName/LocalizedStringProperty.cs: 0dbcb3bcf93b4b40f6e44a93a74938b4 -> 
  custom:scripting/monoscript/fileName/TMPro_EditorShaderUtilities.cs: 1203fb3feabf58cb81d888055364f838 -> f4cbef9348a73d49f1efb8d10ff07bf0
  custom:scripting/precompiled-assembly-types:LocalizationPackageExtensions: 1c0ab824ff29878e15ae5ae896a374ec -> 
  custom:scripting/monoscript/fileName/DetailedLocalizationTable.cs: e69c025ad3e441f8e81e685cf7c38fee -> 
  custom:scripting/monoscript/fileName/TrackedObjectPropertyDrawer.cs: a6f38ecf4a34c8c6184c9ff9c6048b2e -> 
  custom:scripting/monoscript/fileName/BuildReportUtility.cs: 9673d408d6a745435383c0b5a61feac8 -> 
  custom:scripting/monoscript/fileName/CharacterSubstitutor.cs: a3af0b13571126405796e2f0e61ab276 -> 
  custom:scripting/monoscript/fileName/BuildWriteData.cs: 2cea0300b77fdbda33a3d90a3f600b08 -> 
  custom:scripting/monoscript/fileName/TableReferenceField.cs: 90647cc400823b41df847a6cbfc29026 -> 
  custom:scripting/monoscript/fileName/GlyphMetricsPropertyDrawer.cs: dd0833870bcea17556e6d67c750c6ffc -> 438b07e6eae795dab04c32f51ac4e752
  custom:scripting/monoscript/fileName/UsingInitializationOperation.cs: c3576808e14df573c7f940fafadca68f -> 
  custom:scripting/monoscript/fileName/AddressableAssetSettingsDefaultObject.cs: e7981c910f66dfbaf031c8ce8716e4f6 -> 
  custom:scripting/monoscript/fileName/Exceptions.cs: 412c401d1d396e1eee18cd9d9cc157b8 -> 
  custom:scripting/monoscript/fileName/LocalizeComponent_TMP.cs: e74f7f49c0b247f0cb4e02447fd7e9cc -> 
  custom:scripting/monoscript/fileName/EventGraphListView.cs: de869ea95eb3694d669a2710037bb50e -> 
  custom:scripting/monoscript/fileName/LoadSingle.cs: 880778b8117824ff44060799dd352fa2 -> 
  custom:scripting/monoscript/fileName/TableEntryData.cs: c809fff9973eeaf8b3c0d60d64b44264 -> 
  custom:scripting/monoscript/fileName/BuildLogger.cs: 43407796209bdb1c93ac5513c6439a81 -> 
  custom:scripting/monoscript/fileName/StringTableCollection.cs: 91ea2e4f7264f29a38e8e63e38c552de -> 
  custom:scripting/monoscript/fileName/AddressableAssetGroupSchemaTemplate.cs: d73ce95c2dfc9b4c0fde34851827da9b -> 
  custom:scripting/monoscript/fileName/SerializedPropertyExtensionMethods.cs: eaadf892f506a66fdf1e59610f3c67d5 -> 
  custom:scripting/monoscript/fileName/LocalizeComponent_UGUI.cs: d9dfd7c3f9441d9575953ba2de5e352e -> 
  custom:scripting/monoscript/fileName/TemplateFormatter.cs: bd24e4ce648e0cae429703c2987d84c5 -> 
  custom:scripting/monoscript/fileName/DiagnosticEvent.cs: 702c10d90db28a97fd0e8756d49db9b4 -> 
  custom:scripting/monoscript/fileName/LazyLoadExtendedExtensionMethods.cs: 34b6f5275913b9315afb87731e0bef09 -> 
  custom:scripting/monoscript/fileName/PreloadDatabaseOperation.cs: 90647cc400823b41df847a6cbfc29026 -> 
  custom:scripting/monoscript/fileName/GraphUtility.cs: 5afa00e65f4919d2ebe25a22961b605f -> 
  custom:scripting/monoscript/fileName/BuildSpriteData.cs: c829088ed78bbbb541c4780bcaac9f9e -> 
  custom:scripting/monoscript/fileName/FormattingInfo.cs: 97c0019ac7f765994c01cec0c82dd548 -> 
  custom:scripting/monoscript/fileName/Resources.cs: 806710d1bdd119505abf56504728557f -> 
  custom:scripting/monoscript/fileName/ContentUpdateGroupSchema.cs: 9e1cb9fabd3acb0df685aad9daf99311 -> 
  custom:scripting/monoscript/fileName/VirtualAssetBundle.cs: 403fdc42b77beb8d4211956d924af8e5 -> 
  custom:scripting/monoscript/fileName/SheetColumn.cs: b060370ca277620b00a8ec2a4a511a7e -> 
  custom:scripting/monoscript/fileName/IBuildCache.cs: b89b6b1c01287101de59d979a61eafa2 -> 
  custom:scripting/monoscript/fileName/DownloadError.cs: 4dad68064f707b99c6cb17716b913a42 -> 
  custom:scripting/monoscript/fileName/TMP_DefaultControls.cs: 1798ee96b3c83cf7d4cea690bb04976a -> 2673e29173eb9307fa53ee17c15332ed
  custom:scripting/monoscript/fileName/ResourceManagerConfig.cs: ba4b09dddabfb0a9908b831adcbc32da -> 
  custom:scripting/monoscript/fileName/AnalyzeWindow.cs: 789504cef1e343db279db2e1f608d50e -> 
  custom:video-encoder-webm-vp8: eb34c28f22e8b96e1ab97ce403110664 -> 
  custom:scripting/monoscript/fileName/AddressableAssetGroupSchema.cs: f12b9ab2aa4369c69d27273911963f33 -> 
  custom:scripting/monoscript/fileName/Locale.cs: de079f249b2a545788fb6d622412cf5f -> 
  custom:scripting/monoscript/fileName/ProfilerGUIUtilities.cs: 9c89115069c1afd29c613975c9a7c8eb -> 
  custom:scripting/monoscript/fileName/UsingPlayerBuildDataPath.cs: 8d88572d1e8a5540293b9d7c23c70a94 -> 
  custom:scripting/monoscript/fileName/TextWriterOutput.cs: c32c39b26b374c5d343f12e35db736e1 -> 
  custom:scripting/monoscript/fileName/DrivenPropertyManagerBridge.cs: d9cb7d8f01ffda0720c60ebedad5c7cc -> 
  custom:scripting/monoscript/fileName/SerializedTableEntryReference.cs: 311909d971b38dba9189d907c651eae6 -> 
  custom:scripting/monoscript/fileName/InstantiateReference.cs: 5403c206232c9aa90255e8ff74156031 -> 
  custom:scripting/monoscript/fileName/TMP_RichTextTagsCommon.cs: d28b21b13d6cea8fa92671f9a2a1f20d -> 5462d55f8a9ad882f9a7f2d708a6978b
  custom:scripting/monoscript/fileName/SystemLanguageConverter.cs: 4ce0159e20d0344be52acc58a00aac29 -> 
  custom:scripting/monoscript/fileName/FormatterBase.cs: ac96c2e5e2c31f72cb7ad539f401004c -> 
  custom:scripting/monoscript/fileName/TMPro_ExtensionMethods.cs: 3d34decc871f763d4c9c61f1fe0f3275 -> 479bffcc157b89693ffc4c2ef2374861
  custom:scripting/monoscript/fileName/ContextInjector.cs: be93aa05045a7a9adf91118021d7b9ef -> 
  custom:scripting/monoscript/fileName/IWriteOperation.cs: f992fc85bf839520185f31965947c71e -> 
  custom:scripting/monoscript/fileName/AssetInspectorGUIGroupsPopup.cs: e9a72325a30971ea3216354ca740e9b2 -> 
  custom:scripting/monoscript/fileName/AssetTableAnalyzeRule.cs: b7d94fe7a477914ec39421bc6fba7655 -> 
  custom:scripting/monoscript/fileName/SceneManagerState.cs: e96ca7b00cc9f087dfa5c0ffb14a37cd -> 
  custom:scripting/monoscript/fileName/ChooseFormatter.cs: 2802a0dc2450f4871bf8f9a1b2dcee6d -> 
  custom:audio-decoder-ogg-vorbis: bf7c407c2cedff20999df2af8eb42d56 -> 
  custom:scripting/monoscript/fileName/AssetReference.cs: 76bfbd8e294384c1c347c42399db9e07 -> 
  custom:scripting/monoscript/fileName/SwitchToBuildPlatform.cs: 302951eb00ef533a7f8d4e2af60b1dbb -> 
  custom:scripting/monoscript/fileName/GraphLayerBarChart.cs: 9f45f25191c95d5d2d84bd14688552c7 -> 
  custom:scripting/monoscript/fileName/Addressables.cs: 97005ecac3074f5b10ed915cd71e993c -> 
  custom:scripting/monoscript/fileName/AddressableAssetsSettingsGroupEditor.cs: f02f24c2afc8e3ef10c44d1e2d8d3575 -> 
  custom:scripting/monoscript/fileName/ArchiveAndCompressBundles.cs: a4f30b836ec7f461da7b1d8eed932e91 -> 
  custom:scripting/monoscript/fileName/PersistentVariablesSource.cs: 8a70f7886f76a206427f418e50501067 -> 
  custom:scripting/monoscript/fileName/LoadSubAssetOperation.cs: 90647cc400823b41df847a6cbfc29026 -> 
  custom:scripting/monoscript/fileName/GlobalVariableGroupList.cs: 4adc0a16a89245e475f8582d24717b1b -> 
  custom:scripting/monoscript/fileName/GenericAssetTableListView.cs: 90647cc400823b41df847a6cbfc29026 -> 
  custom:scripting/monoscript/fileName/ToggleTextExpansionButton.cs: 5e3a0de12eedaf7424fcfabba9691241 -> 
  custom:scripting/monoscript/fileName/TMPro_MeshUtilities.cs: 183dd3a7e1b70c109767dd5059a390dd -> 2237d160e4d9e81a7d899dc235029cb3
  custom:scripting/monoscript/fileName/IOutput.cs: dcaf05008d78c70ba61a8639cc3b5711 -> 
  custom:scripting/monoscript/fileName/TMP_Compatibility.cs: d5209fd9c6a9aef9cccdbfb4f06bd571 -> 3ef1f12d3c823dd740c7c596ab076c61
  custom:scripting/monoscript/fileName/MD4.cs: 78155ea9dc73b12fc02ca5bf12ab1a89 -> eb4100b4258ba66e68a6a8330d8ed4cc
  custom:scripting/monoscript/fileName/UsingLogError.cs: ca406f2ea6e5002a045b82d1fc9232ac -> 
  custom:scripting/monoscript/fileName/BuildReportListView.cs: 63024c384c55ce2d78218c30fa5b3286 -> 
  custom:scripting/monoscript/fileName/PersistentVariablesSourcePropertyDrawer.cs: 46668d182d929b302b9563cdac758c5d -> 
  custom:scripting/monoscript/fileName/SceneBundleWriteOperation.cs: 32514961e31a58db7f78c6fb8757c75f -> 
  custom:scripting/monoscript/fileName/ProviderOperation.cs: 359d3d2b7bdb2b25c440e8dd34d4c52f -> 
  custom:scripting/monoscript/fileName/ExcludeEntryFromExport.cs: 93a8a763d3ee02fc66a054b5ecfa4bf3 -> 
  custom:scripting/monoscript/fileName/LocalizationUtility.cs: 77205f56ebf7b2c2c25226cea761cbe7 -> 
  custom:scripting/monoscript/fileName/UsingLoadAsset.cs: b4c715f94f7120e3a57ccf73f3acea26 -> 
  custom:scripting/monoscript/fileName/IBuildLog.cs: 543b8847c6c9094f2d90357f2bde8b30 -> 
  custom:scripting/monoscript/fileName/UsingLogWarningFormat.cs: 76e1ccaff1c5450ad15b234ead0ba335 -> 
  custom:scripting/monoscript/fileName/AddressablesFileEnumeration.cs: bfb1f2c5ec676ce8d74e0463cda8b6f5 -> 
  custom:scripting/monoscript/fileName/TrackedObject.cs: 89213e9c6163fc9594e69e0dedf28a31 -> 
  custom:scripting/monoscript/fileName/GraphLayerBase.cs: cd1b1c7dea284c43bb00c40801ef69b4 -> 
  custom:scripting/monoscript/fileName/LocaleMetadataColumn.cs: 90647cc400823b41df847a6cbfc29026 -> 
  custom:scripting/monoscript/fileName/AssetPreviewBridge.cs: 35d3a0194ac9daf6d1ce948bec112bc6 -> 
  custom:scripting/monoscript/fileName/PreloadTablesOperation.cs: 90647cc400823b41df847a6cbfc29026 -> 
  custom:scripting/monoscript/fileName/TMP_SpriteAssetImportFormats.cs: 3cc56654a2015a96112916e9636fbe6f -> 920e3140228fbd530b0080254da22d88
  custom:scripting/monoscript/fileName/TMP_StyleAssetMenu.cs: d695e815510410a6715fa00ae5e73f57 -> 60e7743122a0686d1131101c521adac6
  custom:scripting/monoscript/fileName/TreeViewPopupWindow.cs: 71d9604f98dc014c52ef050cea09ecac -> 
  custom:scripting/monoscript/fileName/TMP_MaterialManager.cs: 1382feee688fee3eebaa5e9d7b47e98d -> 441d72ec3c04a8da6a351f60fff95465
  custom:scripting/monoscript/fileName/TMP_SpriteAsset.cs: b46309090c7f7da519ff6ef3172bd077 -> 8d06882cb45c7664f8d7c3079ee8757f
  custom:scripting/monoscript/fileName/SmartFormatter.cs: f34bc06594bdee80b269e19401b8aba4 -> 
  custom:scripting/monoscript/fileName/ProjectTablesPopup.cs: 28979e04f31961051c293d0adc51f576 -> 
  custom:scripting/monoscript/fileName/LocalizationBehaviour.cs: ded1320009016dccf0810e1c4ac54017 -> 
  custom:scripting/monoscript/fileName/IAssetRepresentationData.cs: 4fd3029c6ddc21ad01839cd63f7e8552 -> 
  custom:scripting/monoscript/fileName/UsingLoadAssetAsync.cs: 4ef31e1080fb85ec99c3382efec38d20 -> 
  custom:scripting/monoscript/fileName/KeyDataStore.cs: e3ad8b8f65521a454232ae6811a3b1bc -> 
  custom:scripting/monoscript/fileName/UsingCheckForCatalogUpdates.cs: cf1b4ffef81add1b9bd84a09f743af6e -> 
  custom:scripting/monoscript/fileName/ProfileValueReferenceDrawer.cs: 55f45d707eb32511a816eb67b4ca9229 -> 
  custom:scripting/monoscript/fileName/SmartFormatFieldIMGUI.cs: 5ca4ec6f7bfd8dd8d129196f194fe833 -> 
  custom:scripting/monoscript/fileName/AppendBundleHash.cs: 4b529c191f72e41deab5ef0b8d08bb2f -> 
  custom:scripting/monoscript/fileName/StringTableTreeViewItem.cs: c2ef9e1e64fa3773990769ae8703336d -> 
  custom:scripting/monoscript/fileName/AssetTableSearchProvider.cs: 17c3a703a89bde1dba6d6fafae9f82b0 -> 
  custom:scripting/monoscript/fileName/AudioPairTableWindow.cs: 98ddd05ada109e01fa341d326004cdcb -> 
  custom:scripting/monoscript/fileName/DrivenPropertyManagerInternalBridge.cs: c95964264208278c2ccee835a9bfa282 -> 
  custom:scripting/monoscript/fileName/LoadAllTablesOperation.cs: 90647cc400823b41df847a6cbfc29026 -> 
  custom:scripting/monoscript/fileName/UsingWebRequestOverride.cs: 2570c5e52dda08ad8a88e55c106f50b0 -> 
  custom:scripting/monoscript/fileName/GoogleSheetsExtension.cs: 5ae28c2872b3af918161cc445fb051a2 -> 
  custom:scripting/monoscript/fileName/EventViewerWindow.cs: 0be55eecbc915a9e2f41a2c41614b95a -> 
  custom:scripting/monoscript/fileName/AddressablesGUIUtility.cs: 323b19d259de4b8820765598e616714a -> 
  custom:scripting/monoscript/fileName/UsingDownloadDependencies.cs: 72cd3c673f0557b6751dd905b9872c3a -> 
  custom:scripting/monoscript/fileName/BinaryDataProvider.cs: a67f6d13810a8d73b44b9863e23d9ba0 -> 
  custom:scripting/monoscript/fileName/Serializer.cs: 6c1de1ff1b6b7616ec79b8ee1445add4 -> d7df1b97d0a3bd0bb98fd4d2d5bf5d29
  custom:scripting/monoscript/fileName/CheckSceneDupeDependencies.cs: c529005c08ddbfa31e634028937294c1 -> 
  custom:scripting/monoscript/fileName/IUpdateReceiver.cs: 48a33d839dac2a0f5c36263c421e463f -> 
  custom:scripting/monoscript/fileName/PseudoLocale.cs: 89e00a147380d9660dd1acc9b2196105 -> 
  custom:scripting/monoscript/fileName/SceneProvider.cs: 9b94da4a27e1351d1df6f2660fe324dc -> 
  custom:scripting/monoscript/fileName/AddExceptionHandler.cs: 814677db171e6aa3b4f0d7ef90229201 -> 
  custom:scripting/monoscript/fileName/BuildReportWindow.cs: a4e7973ca496740ebc9c115609f390ab -> 
  custom:scripting/monoscript/fileName/ReflectionSource.cs: 2c2fec5f34edfaf76e30e5e42c4d817a -> 
  custom:scripting/monoscript/fileName/ResourceProviderBase.cs: 62af7bda013206a02f2f9452cb0f8989 -> 
  custom:scripting/monoscript/fileName/GenerateBundlePacking.cs: e605bef1aeac04a952cb03f12b7d1b74 -> 
  custom:scripting/monoscript/fileName/Message.cs: 8a00dcc181642c768fc9c0486848903e -> 671a789acb2c7a93d0b620fe02979957
  custom:scripting/monoscript/fileName/PlayerPrefLocaleSelector.cs: 57def7a4fa3fa350e1b2df42e4784a68 -> 
  custom:scripting/monoscript/fileName/IFormattingInfo.cs: eb6d66d2caa614850a46e5daee9b3fc9 -> 
  custom:scripting/monoscript/fileName/TrackedEnumPropertyDrawer.cs: 0d5b1f0b77d16341d3a3f220fa7fa80e -> 
  custom:scripting/monoscript/fileName/LocalizedMonoBehaviour.cs: b61bb657e1c1e576571aa984fb302c97 -> 
  custom:scripting/monoscript/fileName/LocaleAnalyzeRule.cs: 88d6e40d85d4012e906e1ff810d3f034 -> 
  custom:scripting/monoscript/fileName/LocalizeStringEventEditor.cs: ccc27b38b192df11d9a2e4fb41d73621 -> 
  custom:scripting/monoscript/fileName/UsingGetDownloadSize.cs: d7599184ac35f048ee27a6210da6d7b2 -> 
  custom:scripting/monoscript/fileName/PlatformOverridePropertyDrawer.cs: e15681ffcd48f420737aa7371edcb885 -> 
  custom:scripting/monoscript/fileName/AssetReferenceDrawer.cs: 56a8795a444b37848d7999c44498794e -> 
  custom:scripting/monoscript/fileName/UnityObjectProperty.cs: 138114858cc3ac5d0de2078604fa267c -> 
  custom:scripting/monoscript/fileName/AssetAddress.cs: ac3b37217f24e8586278346d04e09cd2 -> 
  custom:scripting/monoscript/fileName/TMP_ResourcesLoader.cs: f71e35ced40721d6906e578fb6e7f0e9 -> 6f1f07799f3cfe795f955033c27f98ed
  custom:scripting/monoscript/fileName/CustomTrackedObject.cs: af5778b1246d0271acd70b951188544a -> 
  custom:scripting/monoscript/fileName/JsonSerializerTrackedObject.cs: 25de30db3ebb70fea4e5431a54bc409d -> 
  custom:scripting/monoscript/fileName/GenerateBundleMaps.cs: 9a1c9e701ac353a3e9f794fda78e0a1c -> 
  custom:scripting/monoscript/fileName/SceneStateCleanup.cs: 31db7f5f98e9a1c904a3b9e4c43aa24b -> 
  custom:scripting/monoscript/fileName/ProfileValueReference.cs: 60d7ef76945b04b56b4eafa354becd13 -> 
  custom:scripting/monoscript/fileName/RectExtensionMethods.cs: 15af90487df8dce9a257f973d6071802 -> 
  custom:scripting/monoscript/fileName/IconInfo.cs: 160b44f0d2216696ea49867ccf2eee94 -> 
  custom:scripting/monoscript/fileName/WaitForCurrentOperationAsyncOperationBase.cs: 90647cc400823b41df847a6cbfc29026 -> 
  custom:scripting/monoscript/fileName/AddressableAssetsSettingsLabelMaskPopup.cs: 15c3e60ed1f77da6c3de9dac046fb5c1 -> 
  custom:scripting/monoscript/fileName/CheckBundleDupeDependencies.cs: 374cdc2cc7c535d6809152f40c9a103c -> 
  custom:scripting/monoscript/fileName/ChainOperation.cs: 0cdf409b5aa8d4c25876d72b5c6a3b60 -> 
  custom:scripting/monoscript/fileName/DictionarySource.cs: 6f2a4bb590769345849b98dce1c07d12 -> 
  custom:scripting/monoscript/fileName/ITrackedProperty.cs: d983a936c99019a5c13fe4389682bea5 -> 
  custom:scripting/monoscript/fileName/ExporterWindow.cs: c09c3c995fa1f5bf53a1d19b5bc49001 -> 
  custom:scripting/precompiled-assembly-types:Unity.Localization.Editor: 5d2eeb14fb4858f024baf04ba6fb74ee -> 
  custom:scripting/monoscript/fileName/PseudoLocaleEditor.cs: 5289cf8f68b1016d5c16283efbb5b50e -> 
  custom:scripting/monoscript/fileName/IWriteData.cs: f2a238486c9cc3a5a9e531c07d54f232 -> 
  custom:scripting/monoscript/fileName/SubStringFormatter.cs: d27127dcdcff3d6a6bf91ad24976fb03 -> 
  custom:scripting/monoscript/fileName/GetTableEntryOperation.cs: 90647cc400823b41df847a6cbfc29026 -> 
  custom:scripting/monoscript/fileName/IResourceLocator.cs: b2e0cb99edb7f8acdfb948f7c5abcc89 -> 
  custom:scripting/monoscript/fileName/TMP_FontFeaturesCommon.cs: 89ff6ee76bb6f84827488d597e70ea5a -> 7d1db71d73353e7dd97f094c509882fa
  custom:scripting/monoscript/fileName/TMP_LineInfo.cs: 22ff02e7762110d3cc1f4bc096ea014d -> bb529d63c9723788bd7143f27cd69eaf
  custom:scripting/monoscript/fileName/LoginManager.cs: 3cc846c0f24614c9b07317b57418305e -> 
  custom:scripting/monoscript/fileName/LocalizedTablePropertyDrawer.cs: 0cdf409b5aa8d4c25876d72b5c6a3b60 -> 
  custom:scripting/monoscript/fileName/DirectoryUtility.cs: 7f3417d7d989e1073b51cdd50e2a0ba7 -> 
  custom:scripting/monoscript/fileName/WriteSerializedFiles.cs: 9c94ef6dac7108c5c9e0e92e832d5652 -> 
  custom:scripting/monoscript/fileName/BuildInterfacesWrapper.cs: aeca1257cd6ce17b667e21eeaeaba2db -> 
  custom:scripting/monoscript/fileName/VirtualAssetBundleRuntimeData.cs: 0f082cd849e6c61750c94fcc2e75e117 -> 
  custom:scripting/monoscript/fileName/ExtractDataTask.cs: a844ae830f3f5df3fb6c54ab468ddace -> 
  custom:scripting/monoscript/fileName/UsingRelease.cs: fca514b803887fb50a72e60e2edc6e73 -> 
  custom:scripting/monoscript/fileName/TMP_EditorPanel.cs: 0bd13db7cdfa07805bfadd631c0ddba8 -> 0631f68be4ca0623bf3e313ec9becbc9
  custom:scripting/monoscript/fileName/GraphDefinition.cs: e09273cb36df8ae7a46262b1952f3139 -> 
  custom:scripting/monoscript/fileName/DrivenPropertyDrawer.cs: 3773c3ef1ab8d93199226a119bcb112f -> 
  custom:scripting/monoscript/fileName/BinaryAssetProvider.cs: 90647cc400823b41df847a6cbfc29026 -> 
  custom:scripting/monoscript/fileName/Parser.cs: 082be29f569b7794c0c835c3d0290420 -> 
  custom:audio-encoder-webm-vorbis: bf7c407c2cedff20999df2af8eb42d56 -> 
  custom:scripting/monoscript/fileName/AssetBundleProvider.cs: a2949b4b16d373cfbf19d37cfdd11a8e -> 
  custom:scripting/monoscript/fileName/PreloadLocaleOperation.cs: 90647cc400823b41df847a6cbfc29026 -> 
  custom:scripting/monoscript/fileName/PersistentVariables.cs: a29cf4f8582da36b7e154c7f132e1839 -> 
  custom:scripting/monoscript/fileName/GroupOperation.cs: eee591da54a0f1ae36170f745e49c05d -> 
  custom:scripting/monoscript/fileName/LocalizedTable.deprecated.cs: 90647cc400823b41df847a6cbfc29026 -> 
  custom:scripting/monoscript/fileName/SearchStringFilters.cs: 4d7d8cf372189e17e866e05056276254 -> 
  custom:scripting/monoscript/fileName/TMP_BaseShaderGUI.cs: 2c2d4519754bb0c1dd0a107014b7ac8a -> 25118693f24c47c8a4b530b8bff26574
  custom:scripting/precompiled-assembly-types:Unity.InternalAPIEditorBridge.013: 2e95a84cb14aa75935ceeef900c171f9 -> 
  custom:scripting/monoscript/fileName/ThreadingManager.cs: c9fc7fb2e109a60745bd85a84c04e0b5 -> 
  custom:scripting/monoscript/fileName/TMP_SpriteAssetImporter.cs: 06875a6ac5102e58811218e1c5dd33ca -> 675c97d72afe988872a20f51812f7cdf
  custom:scripting/precompiled-assembly-types:Unity.Addressables.Editor: aa5183db1b9e86b063a06692248915d1 -> 
  custom:scripting/monoscript/fileName/MetadataValueFilterBlock.cs: 728f7b5fd4a16a2f63dfdd883d114e84 -> 
  custom:scripting/monoscript/fileName/BatchBuild.cs: cb06cec2249dcc7ac18c058e4b636f70 -> 
  custom:scripting/monoscript/fileName/ResourceLocationBase.cs: c3b5405c2e1e395381cef3d25640b4e4 -> 
  custom:scripting/monoscript/fileName/HostingServicesProfileVarsTreeView.cs: 7040c45d43d56a2a8ef4e6bdf18397e9 -> 
  custom:scripting/monoscript/fileName/LocalizedString.deprecated.cs: 545d485f0d4cb8821426c1d8631e66cc -> 
  custom:scripting/monoscript/fileName/MyRule.cs: fb081a8469f2db0c39e3ac021d0dc386 -> 
  custom:scripting/monoscript/fileName/TMP_SpriteAssetEditor.cs: 7dcaf47692799a91aa4e5cd439bc54d0 -> 8a42af05e85c0eed4128787976375b45
  custom:scripting/monoscript/fileName/SmartFormatTag.cs: 49a58b809bfff90c1dbbe4e12f7694dd -> 
  custom:scripting/monoscript/fileName/SerializationUtilities.cs: 8523441720eefd3a9494773eae726d9f -> 
  custom:scripting/monoscript/fileName/UsingClearResourceLocators.cs: 1faddf31e673301b425e2bd25a50715e -> 
  custom:scripting/monoscript/fileName/CustomDataBuilder.cs: d4b12c0fd8df55a189b353b991138263 -> 
  custom:scripting/monoscript/fileName/AssetLabelReferenceDrawer.cs: 62d02ad89b50d7ddfa94ad44619ed980 -> 
  custom:scripting/monoscript/fileName/AssetTableCollection.cs: 200f3008c9a542f1c46cce8de2b79cd9 -> 
  custom:scripting/monoscript/fileName/LocalizationSettingsEditor.cs: ac806a0ff0f97756d81f4b98267cefa6 -> 
  custom:scripting/monoscript/fileName/AddressableAssetsSettingsGroupEditorBuildMenu.cs: 130a166dfa91c0f499acbf93389ff033 -> 
  custom:scripting/precompiled-assembly-types:Unity.Localization: 4e068a755772d41f32e96febce1f3552 -> 
  custom:scripting/monoscript/fileName/IKeyGenerator.cs: 04122a5aea0cd6145cf09059544820d6 -> 
  custom:scripting/monoscript/fileName/StringOutput.cs: 64b5890aa803dd45d41b02c6ac0b392e -> 
  custom:scripting/monoscript/fileName/LoadWithIEnumerator.cs: 6b5b2bfd5ab0c2df9042f945ab9629fb -> 
  custom:scripting/monoscript/fileName/PathHelper.cs: cca02ea342dcb7479a5c2bbb3155289d -> 
  custom:scripting/monoscript/fileName/TMP_Character.cs: 2bff3626198e4d2228876f1e687078e0 -> 015720458ea991fbf07357eae19532db
  custom:scripting/monoscript/fileName/ExpanderPropertyDrawer.cs: 7d57d078f9777aae981799ba11cb1e11 -> 
  custom:scripting/monoscript/fileName/LiteralText.cs: 238c4ad82942ff5223bb3f444aca907f -> 
  custom:scripting/monoscript/fileName/PluralRules.cs: ecd3e05bf1b0b0dbb1bc5e1c512d3cd8 -> 
  custom:scripting/monoscript/fileName/VirtualBundledAssetProvider.cs: 1ca7323a85935ccecc1db16d28a14120 -> 
  custom:scripting/monoscript/fileName/TMP_SubMesh.cs: ff760a824537d48706351b95c8d4be21 -> 9fd75270af40187985e5c14cc85ebe42
  custom:scripting/monoscript/fileName/DataNotReadyException.cs: af9f2b47c960fba1b52f58b39c3a3a06 -> 
  custom:scripting/monoscript/fileName/EditorApplicationBridge.cs: 4838f56bab35576c09073dc719618c40 -> 
  custom:scripting/monoscript/fileName/IHostingService.cs: 6c8a878c5b16abcf226c43968fb38da8 -> 
  custom:scripting/monoscript/fileName/MainToolbar.cs: 8739d65579e16d3b3d50df04262a997b -> 162e661b90bc0601e328b0d9c9a85d04
  custom:scripting/monoscript/fileName/BuildDependencyData.cs: e86421eb6cd5a56c2f29fe865b6f6634 -> 
  custom:scripting/monoscript/fileName/AddressableAssetPostProcessor.cs: 65b31ffd1109616e5262d25a0e44e378 -> 
  custom:scripting/monoscript/fileName/UpgradeNotifications.cs: 8eb227a30469cc47fdcd13ad04b25121 -> 
  custom:scripting/monoscript/fileName/CompatibilityBuildPipeline.cs: facf82cb07a5c10c38b56a00da8757a5 -> 
  custom:scripting/monoscript/fileName/ResourceLocationMap.cs: eab26fa0984b2b8a6831e68cfc17f3ba -> 
  custom:scripting/monoscript/fileName/CheckCatalogsOperation.cs: b8f50d313d9537eebcb562d1a1693d53 -> 
  custom:scripting/precompiled-assembly-types:Assembly-CSharp: 2cbfae8b666d71ad3616fa756119a2ed -> 23d2d55aeb5a6b7315fcf0fa9120d6a2
  custom:scripting/monoscript/fileName/LoadLocation.cs: 943ae4c59d7798dc2bd5ffe4030f1aed -> 
  custom:scripting/monoscript/fileName/ReorderableList.cs: f23c68ce60a5ee883b1eed9588e9f992 -> 
  custom:scripting/monoscript/fileName/IKeyEvaluator.cs: 15673ccb00d128582325262f9311b111 -> 
  custom:scripting/monoscript/fileName/AddressablesPlayerBuildProcessor.cs: 339cbfdfac0ee359959e3c1a4e5d66bc -> 
  custom:scripting/monoscript/fileName/LegacyResourcesLocator.cs: 1678ad496fbbc5650c83b00a5a066deb -> 
  custom:scripting/monoscript/fileName/SmartFormatPools.cs: 0fb1c53ee68649c64d53ebdc9d790b71 -> 
  custom:scripting/monoscript/fileName/TMP_CoroutineTween.cs: d4d869f6662b40274a62453f83c8a425 -> 76849b8d6d4ce499ad8ffee762e4a4af
  custom:scripting/monoscript/fileName/PropertyDriver.cs: 90647cc400823b41df847a6cbfc29026 -> 
  custom:scripting/monoscript/fileName/SummaryRowBuilder.cs: ae93d6fed5d1ace44616875d65c4ce3c -> 
  custom:scripting/monoscript/fileName/TextDataProvider.cs: 43da5cf6551caea5e5114202822256d1 -> 
  custom:scripting/monoscript/fileName/ContentView.cs: c5b21a5d97cadc9ebbc0786a1877a5f2 -> 
  custom:scripting/monoscript/fileName/PrefColorBridge.cs: 4b8a7315c32333dcad0ab9f3a80ef3e3 -> 
  custom:scripting/monoscript/fileName/TMP_SpriteAnimator.cs: 126f1482d1430ed8648c2a6d8d693c6d -> bf3a797c3a059d3698e93e0031d7f11c
  custom:scripting/monoscript/fileName/TrackedTMP.cs: 3592e536161fa52aa0cba484edfc962e -> 
  custom:scripting/monoscript/fileName/IHostingServiceConfigurationProvider.cs: 37331473e3b10d53f8c2add9b2dc2b74 -> 
  custom:scripting/monoscript/fileName/LocalizedAssetTablePropertyDrawer.cs: 6694eed7cf606fe0cc7a863fc35764fb -> 
  custom:scripting/monoscript/fileName/DetailsUtility.cs: e1ed09368c21eefa172da4935add5590 -> 
  custom:scripting/monoscript/fileName/ILocationSizeData.cs: 9c09ebefcc2fd90fa5c432a2f1587b32 -> 
  custom:scripting/monoscript/fileName/CalculateAssetDependencyData.cs: 3543034cff244684ebe2b35b7e56cabb -> 
  custom:scripting/monoscript/fileName/Unity5PackedIdentifiers.cs: 2fef534b6f5a3f203548e50e8ca6fb59 -> 
  custom:scripting/monoscript/fileName/TMP_TextProcessingStack.cs: ef8795fce16f80562f220a2f8bcb6bd2 -> 6146dd1b7f9b90aa342ef9794e387c23
  custom:scripting/monoscript/fileName/GenericAssetTableTreeViewItem.cs: 90647cc400823b41df847a6cbfc29026 -> 
  custom:scripting/monoscript/fileName/StringExtensionMethods.cs: ec17f54a0baf43b7c074b0b35d3c40cb -> 
  custom:scripting/monoscript/fileName/ListExtensions.cs: 2566c9ffe9b9ebef9fddcc01c241e5f5 -> 
  custom:scripting/monoscript/fileName/UndoScope.cs: 22d6187a56d2bb6c10b344c07086931e -> edd459ea79c55637022a87b73545d8bd
  custom:scripting/monoscript/fileName/GlobalInitialization.cs: 046d98a1828b7f01ca857827b787db79 -> 
  custom:scripting/monoscript/fileName/TMP_InputValidator.cs: e99335724872b7fcd0e5352c682debe0 -> 5e0d679d98dae60baa87977011e0ed51
  custom:scripting/monoscript/fileName/DocumentationButton.cs: f4751b253ed0c3ae139c749a6af03e34 -> 
  custom:scripting/monoscript/fileName/EditorAddressablesInterface.cs: fb76fcddd9fcb861ef7e652fc11e047a -> 
  custom:scripting/monoscript/fileName/LabeledLabel.cs: 959706a9c53386f4c2ee27b4a2a0ba56 -> 
  custom:scripting/monoscript/fileName/TMP_SelectionCaret.cs: ed141b1915a10b9c7ff9136666b54ee9 -> d2a06fefe973175bffa10d62f788c481
  custom:scripting/monoscript/fileName/BuildLayoutPrinter.cs: 4318a3b2efdd745a52f83fe7236e7651 -> 
  custom:scripting/monoscript/fileName/LoadWithAddress.cs: f4fac7b896ac829ea2afe53028d9c65e -> 
  custom:scripting/monoscript/fileName/UsingInternalIdTransformFunc.cs: e63346d65e0e7f2f71398f7aa2f7468a -> 
  custom:scripting/monoscript/fileName/Preload.cs: 93368eba8de2f7459546ec623b443886 -> 
========================================================================
Received Import Request.
  Time since last request: 1072.838509 seconds.
  path: Assets/Localization Package Extensions/Runtime/Scripts/LocalizeTMP_Font.cs
  artifactKey: Guid(16abaa571c5743f296c85ede21e9e3c5) Importer(815301076,1909f56bfc062723c751e8b465ee728b)
Start importing Assets/Localization Package Extensions/Runtime/Scripts/LocalizeTMP_Font.cs using Guid(16abaa571c5743f296c85ede21e9e3c5) Importer(815301076,1909f56bfc062723c751e8b465ee728b) [PhysX] Initialized MultithreadedTaskDispatcher with 16 workers.
 -> (artifact id: 'bfb044ed769fd1aafdb654240f6489c3') in 0.003294 seconds
Number of updated asset objects reloaded before import = 0
Number of asset objects unloaded after import = 0
========================================================================
Received Import Request.
  Time since last request: 6.196717 seconds.
  path: Assets/Localization Package Extensions/Runtime/Scripts/LocalizeLegacyFont.cs
  artifactKey: Guid(482ca50b666b45b08b96a904e1d78566) Importer(815301076,1909f56bfc062723c751e8b465ee728b)
Start importing Assets/Localization Package Extensions/Runtime/Scripts/LocalizeLegacyFont.cs using Guid(482ca50b666b45b08b96a904e1d78566) Importer(815301076,1909f56bfc062723c751e8b465ee728b) [PhysX] Initialized MultithreadedTaskDispatcher with 16 workers.
 -> (artifact id: '3472aae4d60c93f0dce67b426f660425') in 0.000391 seconds
Number of updated asset objects reloaded before import = 0
Number of asset objects unloaded after import = 0
========================================================================
Received Import Request.
  Time since last request: 13.382433 seconds.
  path: Assets/Localization Package Extensions/Runtime/Scripts/LocalizationUtility.cs
  artifactKey: Guid(8dc35b33267a4daaba6532d28875919b) Importer(815301076,1909f56bfc062723c751e8b465ee728b)
Start importing Assets/Localization Package Extensions/Runtime/Scripts/LocalizationUtility.cs using Guid(8dc35b33267a4daaba6532d28875919b) Importer(815301076,1909f56bfc062723c751e8b465ee728b) [PhysX] Initialized MultithreadedTaskDispatcher with 16 workers.
 -> (artifact id: '1ce1f50722e0f84b9c5cbf9460c0b2db') in 0.000384 seconds
Number of updated asset objects reloaded before import = 0
Number of asset objects unloaded after import = 0
========================================================================
Received Import Request.
  Time since last request: 0.874416 seconds.
  path: Assets/Localization Package Extensions/Runtime/Scripts/LocalizationPackageExtensions.asmdef
  artifactKey: Guid(8cacd2a46eca2ea4da6658e41c4dc1a5) Importer(815301076,1909f56bfc062723c751e8b465ee728b)
Start importing Assets/Localization Package Extensions/Runtime/Scripts/LocalizationPackageExtensions.asmdef using Guid(8cacd2a46eca2ea4da6658e41c4dc1a5) Importer(815301076,1909f56bfc062723c751e8b465ee728b) [PhysX] Initialized MultithreadedTaskDispatcher with 16 workers.
 -> (artifact id: 'c6b7ac5da75a6d8387b24b0639deb822') in 0.000409 seconds
Number of updated asset objects reloaded before import = 0
Number of asset objects unloaded after import = 0
========================================================================
Received Import Request.
  Time since last request: 1.163718 seconds.
  path: Assets/Localization Package Extensions/Runtime/Scripts/AutoAudioUnloader.cs
  artifactKey: Guid(718b6adc09a445838d61e4780979864d) Importer(815301076,1909f56bfc062723c751e8b465ee728b)
Start importing Assets/Localization Package Extensions/Runtime/Scripts/AutoAudioUnloader.cs using Guid(718b6adc09a445838d61e4780979864d) Importer(815301076,1909f56bfc062723c751e8b465ee728b) [PhysX] Initialized MultithreadedTaskDispatcher with 16 workers.
 -> (artifact id: 'ffe2d4785f9a6df3bfe1d5e381ed8ea4') in 0.000383 seconds
Number of updated asset objects reloaded before import = 0
Number of asset objects unloaded after import = 0
========================================================================
Received Import Request.
  Time since last request: 0.709315 seconds.
  path: Assets/Localization Package Extensions/Runtime/Scripts
  artifactKey: Guid(da0c3d868cecd654a8bc6bbc884cdd0f) Importer(815301076,1909f56bfc062723c751e8b465ee728b)
Start importing Assets/Localization Package Extensions/Runtime/Scripts using Guid(da0c3d868cecd654a8bc6bbc884cdd0f) Importer(815301076,1909f56bfc062723c751e8b465ee728b) [PhysX] Initialized MultithreadedTaskDispatcher with 16 workers.
 -> (artifact id: '1f521c8e21e4bd710eb548a921ddffe9') in 0.000389 seconds
Number of updated asset objects reloaded before import = 0
Number of asset objects unloaded after import = 0
========================================================================
Received Import Request.
  Time since last request: 0.439899 seconds.
  path: Assets/Localization Package Extensions/Runtime/Scripts/AudioPairTable.cs
  artifactKey: Guid(bc5a53fcd4b3473c8034b7e751438aad) Importer(815301076,1909f56bfc062723c751e8b465ee728b)
Start importing Assets/Localization Package Extensions/Runtime/Scripts/AudioPairTable.cs using Guid(bc5a53fcd4b3473c8034b7e751438aad) Importer(815301076,1909f56bfc062723c751e8b465ee728b) [PhysX] Initialized MultithreadedTaskDispatcher with 16 workers.
 -> (artifact id: '48bc5d80397b6b2bec79de1270a55e14') in 0.000386 seconds
Number of updated asset objects reloaded before import = 0
Number of asset objects unloaded after import = 0
========================================================================
Received Import Request.
  Time since last request: 0.599101 seconds.
  path: Assets/Localization Package Extensions/package.json
  artifactKey: Guid(0d9568a19b73457390f9e30fe394080a) Importer(815301076,1909f56bfc062723c751e8b465ee728b)
Start importing Assets/Localization Package Extensions/package.json using Guid(0d9568a19b73457390f9e30fe394080a) Importer(815301076,1909f56bfc062723c751e8b465ee728b) [PhysX] Initialized MultithreadedTaskDispatcher with 16 workers.
 -> (artifact id: 'ab7e2bd0ef00e939c596bc63f50d6407') in 0.008154 seconds
Number of updated asset objects reloaded before import = 0
Number of asset objects unloaded after import = 1
========================================================================
Received Import Request.
  Time since last request: 0.366632 seconds.
  path: Assets/Localization Package Extensions/README.md
  artifactKey: Guid(3bd472872efdbfb40afedf04594ef0d1) Importer(815301076,1909f56bfc062723c751e8b465ee728b)
Start importing Assets/Localization Package Extensions/README.md using Guid(3bd472872efdbfb40afedf04594ef0d1) Importer(815301076,1909f56bfc062723c751e8b465ee728b) [PhysX] Initialized MultithreadedTaskDispatcher with 16 workers.
 -> (artifact id: 'a00be6e70b2454571d7a7453b3513152') in 0.000696 seconds
Number of updated asset objects reloaded before import = 0
Number of asset objects unloaded after import = 1
========================================================================
Received Import Request.
  Time since last request: 121.269458 seconds.
  path: Assets/Localization Package Extensions
  artifactKey: Guid(c55013ef658826242ab819f365eff79e) Importer(815301076,1909f56bfc062723c751e8b465ee728b)
Start importing Assets/Localization Package Extensions using Guid(c55013ef658826242ab819f365eff79e) Importer(815301076,1909f56bfc062723c751e8b465ee728b) [PhysX] Initialized MultithreadedTaskDispatcher with 16 workers.
 -> (artifact id: '6f97ee42b46f9cae5e6723d5a07125c3') in 0.000395 seconds
Number of updated asset objects reloaded before import = 0
Number of asset objects unloaded after import = 0
========================================================================
Received Prepare
Caller must complete domain reload
Begin MonoManager ReloadAssembly
Symbol file LoadedFromMemory is not a mono symbol file
- Loaded All Assemblies, in  0.390 seconds
Native extension for WindowsStandalone target not found
Native extension for Android target not found
[Package Manager] Server::EnsureServerProcessIsRunning -- launch failed, reason: Unity was launched with the -noUpm command-line argument
[Package Manager] UpmClient::Send -- Unable to send message (not connected to UPM process).
[Package Manager] Cannot connect to Unity Package Manager local server
Mono: successfully reloaded assembly
- Finished resetting the current domain, in  0.747 seconds
Domain Reload Profiling: 1136ms
	BeginReloadAssembly (129ms)
		ExecutionOrderSort (0ms)
		DisableScriptedObjects (4ms)
		BackupInstance (0ms)
		ReleaseScriptingObjects (0ms)
		CreateAndSetChildDomain (32ms)
	RebuildCommonClasses (27ms)
	RebuildNativeTypeToScriptingClass (10ms)
	initialDomainReloadingComplete (21ms)
	LoadAllAssembliesAndSetupDomain (202ms)
		LoadAssemblies (234ms)
		RebuildTransferFunctionScriptingTraits (0ms)
		AnalyzeDomain (32ms)
			TypeCache.Refresh (12ms)
				TypeCache.ScanAssembly (1ms)
			ScanForSourceGeneratedMonoScriptInfo (13ms)
			ResolveRequiredComponents (6ms)
	FinalizeReload (747ms)
		ReleaseScriptCaches (0ms)
		RebuildScriptCaches (0ms)
		SetupLoadedEditorAssemblies (371ms)
			LogAssemblyErrors (0ms)
			InitializePlatformSupportModulesInManaged (15ms)
			SetLoadedEditorAssemblies (4ms)
			RefreshPlugins (0ms)
			BeforeProcessingInitializeOnLoad (61ms)
			ProcessInitializeOnLoadAttributes (269ms)
			ProcessInitializeOnLoadMethodAttributes (19ms)
			AfterProcessingInitializeOnLoad (3ms)
			EditorAssembliesLoaded (0ms)
		ExecutionOrderSort2 (0ms)
		AwakeInstancesAfterBackupRestoration (5ms)
Refreshing native plugins compatible for Editor in 1.57 ms, found 3 plugins.
Preloading 0 native plugins for Editor in 0.00 ms.
Unloading 4594 Unused Serialized files (Serialized files now loaded: 0)
Unloading 22 unused Assets / (79.8 KB). Loaded Objects now: 5177.
Memory consumption went from 158.2 MB to 158.1 MB.
Total: 4.917400 ms (FindLiveObjects: 0.397500 ms CreateObjectMapping: 0.452200 ms MarkObjects: 3.948100 ms  DeleteObjects: 0.119000 ms)

Prepare: number of updated asset objects reloaded= 0
AssetImportParameters requested are different than current active one (requested -> active):
  custom:scripting/precompiled-assembly-types:Unity.Localization.ThirdParty.Editor: 95178e8eadb293f4da50091893cf9d53 -> 
  custom:scripting/monoscript/fileName/LocalizationTableCollection.cs: 98c1a81c0da9a806061ff76bc326edf8 -> 
  custom:scripting/monoscript/fileName/MetadataCollectionField.cs: 21647fd6b98515ca69f67552fdd88ac5 -> 
  custom:scripting/monoscript/fileName/BuildParameters.cs: bd85c8a149ef959801dc7583c240bf8c -> 
  custom:scripting/monoscript/fileName/LocalizedReferencePicker.cs: 90647cc400823b41df847a6cbfc29026 -> 
  custom:scripting/monoscript/fileName/IStringProperty.cs: c1dbe0a52f0eca30efeca8212f01fdc1 -> 
  custom:scripting/monoscript/fileName/DetailsContentView.cs: d3794fb1987b771396a4634823d3c0bf -> 
  custom:scripting/monoscript/fileName/TMP_SDFShaderGUI.cs: 082588c068c6e819b94cdf417f8b7551 -> 1460619486eb6e8da302e26af5538aaa
  custom:scripting/monoscript/fileName/TMP_FontFeatureTable.cs: 5ff9812058e8c02a5b04eaa88778f2a5 -> cbd25d300d7ed4d969d60cb9f98f2826
  custom:scripting/monoscript/fileName/IBuildTasks.cs: ad73a7c5af5769af35e7121ce421c767 -> 
  custom:scripting/monoscript/fileName/LocalizationSettingsProvider.cs: 4100af71ab9514db903673a16d9f805a -> 
  custom:scripting/precompiled-assembly-types:Unity.ScriptableBuildPipeline: d3013a7ac4c7a8a2426d0dffcf800074 -> 
  custom:scripting/monoscript/fileName/SpecificLocaleSelector.cs: 41b692ef6051f446e3353d7b0d80cb48 -> 
  custom:scripting/monoscript/fileName/LoadMultiple.cs: 51f26c3f5b843468611ef6957e3eca96 -> 
  custom:scripting/monoscript/fileName/LocalizedTable.cs: 90647cc400823b41df847a6cbfc29026 -> 
  custom:scripting/monoscript/fileName/GameObjectLocalizer.cs: f176a5382365adf8f19966d474a6d825 -> 
  custom:scripting/monoscript/fileName/TMP_SubMeshUI.cs: 7a6337f74438df5e26b302bbbbc41105 -> 748262c65738bc5e1c553ae7a37a0c73
  custom:scripting/monoscript/fileName/XElementFormatter.cs: 8da73b8ab955a7a2083c303c1a926622 -> 
  custom:scripting/monoscript/fileName/ScriptAttributeUtilityBridge.cs: 2441d9a702e8216bc758cab94d83fd63 -> 
  custom:scripting/monoscript/fileName/TrackerExtensions.cs: 05c6facd03e82ea85ea8497944d142b2 -> 
  custom:scripting/monoscript/fileName/LocalizeTMP_Font.cs: e6540544505e55c7ad9cc366ff163225 -> 
  custom:scripting/monoscript/fileName/AssetTable.cs: 0358823f39cbde23bf110b2bb1fdb045 -> 
  custom:scripting/monoscript/fileName/TMPro_ContextMenus.cs: fbbbcbf9b4eb950e9aeda2d70529152c -> 06b3d4b27f337b8d846ca7117f3251e1
  custom:scripting/monoscript/fileName/xliff 1.2.cs: 556d06d32eea7cf5e8adf5234f523613 -> 
  custom:scripting/monoscript/fileName/LoadWithReference.cs: 5a4adba74d613807ccdb5ec95fc3cb23 -> 
  custom:scripting/monoscript/fileName/ComponentSingleton.cs: 90647cc400823b41df847a6cbfc29026 -> 
  custom:scripting/monoscript/fileName/PushColumnSheetRequest.cs: 265a0352dff87e03f715ae8a1254a7bb -> 
  custom:scripting/monoscript/fileName/SerializedTableReference.cs: 432db83938aea6150fd1c0c03988ce32 -> 
  custom:scripting/monoscript/fileName/FormattingErrorEventArgs.cs: 796b4de20705617cf344ca5f5f519618 -> 
  custom:scripting/monoscript/fileName/LocalizationTableEditor.cs: 7d7dd443d8c072897e90e6bd2e22b87a -> 
  custom:scripting/monoscript/fileName/TrackedUGUI.cs: 91860e34c594cdf0fbf0e16396d1e1bd -> 
  custom:scripting/monoscript/fileName/SceneDataWriteOperation.cs: 62fc06a44a6276d74f5ce5527ac1c0e7 -> 
  custom:scripting/monoscript/fileName/SmartFormatterPropertyField.cs: f49e24391d2318c08a36b9e68716e73b -> 
  custom:scripting/precompiled-assembly-types:Unity.InternalAPIEngineBridge.013: 48d4a748d9763243627307338e914c63 -> 
  custom:scripting/monoscript/fileName/TMPro_FontAssetCreatorWindow.cs: 9d68c1aab1c646cdf3e70083dc01df96 -> 0d0900483ed9b57d4ccc2ff58d1220b3
  custom:scripting/monoscript/fileName/TMP_EditorResourceManager.cs: 30391129c5b96f298e44c099ae0fab57 -> f56b80268a934198a76acc6f4cef503c
  custom:scripting/monoscript/fileName/EventListView.cs: 5096d1d7ed3c53b8f6583067a96b51ec -> 
  custom:scripting/monoscript/fileName/LocalizedAssetField.cs: cde74ba4693604c8e9f7f60a71c6013b -> 
  custom:scripting/monoscript/fileName/LoadReference.cs: 6a8c0a33eaaab0feb69cb4c6f21cdcaf -> 
  custom:scripting/monoscript/fileName/EventDataSample.cs: 3bc0f0708fb0d7ca628cca69e28808f6 -> 
  custom:scripting/monoscript/fileName/AddressableEditorInitialization.cs: e51e3839e2335bed77f54ab13e70dcc8 -> 
  custom:scripting/monoscript/fileName/MetadataAttribute.cs: 5a2c78a299b51d94e6b82bafff4f12e3 -> 
  custom:scripting/monoscript/fileName/BuildCache.cs: ed18a1a079f7380eac8245801a570733 -> 
  custom:scripting/monoscript/fileName/StringTable.cs: 4333f0d84e7de58e6fcc4fe9af0384d8 -> 
  custom:scripting/monoscript/fileName/TMP_InputFieldEditor.cs: 8f2095c37e5fd5ed563d60163f0c2e52 -> a6f05406e9cdb59679382b884c14216a
  custom:container-demuxer-ogg: 62fdf1f143b41e24485cea50d1cbac27 -> 
  custom:scripting/monoscript/fileName/InstanceProvider.cs: b8c751909210118e68c21f4366820c78 -> 
  custom:scripting/monoscript/fileName/LocalizationGroupOperation.cs: dcd21fc014cc4daec8fc626705d0d892 -> 
  custom:scripting/monoscript/fileName/LabelsContentView.cs: fec8a868a65de532b305bc5e095a661d -> 
  custom:scripting/monoscript/fileName/UsingLoadAssets.cs: ed5b3140affcc5a43fad4e18100a6145 -> 
  custom:scripting/monoscript/fileName/LegacyResourcesProvider.cs: 69bf867aeeb07c6645f96a3160f7b721 -> 
  custom:scripting/monoscript/fileName/PostWritingCallback.cs: 554018e4e98d586ae4dba2461cc09229 -> 
  custom:scripting/monoscript/fileName/SpookyHash.cs: ced234d9ef31626b6b07f6aab873119b -> 
  custom:scripting/monoscript/fileName/GenericAssetTableListViewColumns.cs: a0db5d318d5cee7f150f5d9521c2231e -> 
  custom:scripting/monoscript/fileName/LocalizeSpriteEvent.cs: 40a7808d35565a3882b2c1f0b5c5b118 -> 
  custom:scripting/monoscript/fileName/PreviewSceneDependencyData.cs: 0aa0e9fad79dc24aadab25b9d7a9b9a5 -> 
  custom:scripting/monoscript/fileName/CommonInterfaces.cs: c486f377c18bdfbdf396abd887a3b2ca -> 
  custom:scripting/monoscript/fileName/TMP_TextParsingUtilities.cs: 47331f425db7fa5c443a11c866530503 -> 8b3fe20641ae0dd97405135955c706a3
  custom:scripting/monoscript/fileName/AssetsContentView.cs: 6db402595431771fa25a0b8b68e9d9cb -> 
  custom:scripting/monoscript/fileName/SheetsServiceProviderEditor.cs: 1d02c0a315b859ac0771f65dea962152 -> 
  custom:scripting/monoscript/fileName/GoogleSheetsExtensionPropertyDrawer.cs: 3e704acec7f0a80b3d67629fff3bd3fd -> 
  custom:scripting/monoscript/fileName/LocalizationDeviceSimulatorPlugin.cs: ab6d2093fcb07bd57a1c2da1c0c3fc5a -> 
  custom:scripting/monoscript/fileName/AddressablesDataBuilderInput.cs: d0ceeca55ba9548a4e3f43d6790d194d -> 
  custom:scripting/monoscript/fileName/AddressableAssetEntry.cs: f469a40e3b92f4355e377d68de617fd6 -> 
  custom:scripting/monoscript/fileName/TableReference.cs: 2dd42d05f0d2e635ca3f909793cb02cb -> 
  custom:scripting/monoscript/fileName/XmlSource.cs: d59b707c60c8046fa998db0c168b7aa5 -> 
  custom:scripting/monoscript/fileName/BuildReportHelperConsumer.cs: 71faeae2d4769b479de182795aa67c48 -> 
  custom:scripting/monoscript/fileName/CacheInitializationSettings.cs: 842dffb763efae26f756885fe6b5ad3a -> 
  custom:scripting/monoscript/fileName/BuildLayoutHelpers.cs: a5f73d550385ddf73dd17b6147ee5b92 -> 
  custom:scripting/monoscript/fileName/LocalizedReferencePropertyDrawer.cs: 849ed7f5b11c9db237ef61b01c5a5104 -> 
  custom:scripting/monoscript/fileName/DiagnosticEventCollector.cs: 90b5791cc9b46fcf5a10ac5fc4c9840e -> 
  custom:scripting/monoscript/fileName/ValueTupleSource.cs: 7f729476d2dc073b56e33d5ec7cf1ede -> 
  custom:scripting/monoscript/fileName/SharedTableDataEditor.cs: 328172cd974aa194d94a74274ee35036 -> 
  custom:scripting/monoscript/fileName/TMP_EditorCoroutine.cs: 01d80099920d11c11bfa87417e26164b -> 04cbf5ce6e541d98265aa7668ef82832
  custom:scripting/monoscript/fileName/ProjectCollectionsTableSelector.cs: fd165369291b728f5c65750be37acfb0 -> 
  custom:scripting/monoscript/fileName/GenerateSubAssetPathMaps.cs: c7987fa236ddbc39e6da8bcfe285d7c7 -> 
  custom:scripting/monoscript/fileName/Mirror.cs: acdb3d44dedabebf1a734d238b596a72 -> 
  custom:scripting/monoscript/fileName/WebRequestOverride.cs: dc0a13b544bd5557167b8c8e1da36cb4 -> 
  custom:scripting/monoscript/fileName/StringTableListView.cs: 3e3978d7b058ebd959c049128da9f630 -> 
  custom:scripting/monoscript/fileName/KeyIdColumns.cs: 620c2d12d967c77b8de24f0716e27b61 -> 
  custom:scripting/monoscript/fileName/TMP_StyleSheetEditor.cs: b6503d890746d6150e0f267f43ce60e4 -> 38b210a450ac855df2d81ab0242c2feb
  custom:scripting/monoscript/fileName/TrackedMonoBehaviourObject.cs: 7aafd8351098f09af483004c5238929a -> 
  custom:scripting/monoscript/fileName/SheetsServiceProvider.cs: 6f5eb9aaa6b2f2b831b7e16042a44d02 -> 
  custom:scripting/monoscript/fileName/LocaleColumn.cs: da51985e6be15e19f64780a93f0e8bc3 -> 
  custom:scripting/monoscript/fileName/ISharedMetadata.cs: 6643250a143a3d0bcb778f4f165310d7 -> 
  custom:scripting/monoscript/fileName/BuildLayoutSummary.cs: 2e9b8e01c1c8d08be7289069e134160c -> 
  custom:scripting/monoscript/fileName/Mask.cs: 4fc4bb420cd9944e18a4ad603347cdc7 -> 30def7c5b8ef23ce62910d8eb0c002c6
  custom:scripting/monoscript/fileName/LocalizeComponent.cs: d58e3f743a6e4d9f306120ce43a7cdc8 -> 
  custom:scripting/monoscript/fileName/VersionedCallbackAttribute.cs: 792d43fefe55909e52271f20ce4bd5db -> 
  custom:scripting/monoscript/fileName/AddressableAssetEntryCollection.cs: d91f7661023fb4fe0b8be2bcc642540f -> 
  custom:scripting/monoscript/fileName/AddressableIconNames.cs: d618c5158b8ddbdef90ea4ee1fbe8a9b -> 
  custom:scripting/monoscript/fileName/AnalyzeRuleBase.cs: 579fe86da2565d18b84489bd10b96592 -> 
  custom:scripting/monoscript/fileName/LocalizeAudioClipEvent.cs: 6f5b511eab8536db74662876b55672fd -> 
  custom:scripting/monoscript/fileName/BuildLog.cs: f381a35baf9bd9880d2d4023ad70717e -> 
  custom:scripting/monoscript/fileName/LabelWindow.cs: a61eaab11f136631f21b256017d41b70 -> 
  custom:scripting/monoscript/fileName/AsyncOperationBase.cs: 7219b8f403b1b38f72b48ab547d013f3 -> 
  custom:scripting/monoscript/fileName/AddressableAssetSettingsInspector.cs: cf28a396c15efef0f35f2a8f2b3918e1 -> 
  custom:scripting/monoscript/fileName/ManagedReferenceUtility.cs: 598121e31c06f90cdc395a00cebfad87 -> 
  custom:scripting/monoscript/fileName/BuiltinSceneCache.cs: df9abd90abb709166038c36e804be1f2 -> 
  custom:scripting/monoscript/fileName/CleanBundleCacheOperation.cs: 685a421cddf931120074dfa7f00eee19 -> 
  custom:scripting/monoscript/fileName/ContentFileIdentifiers.cs: 7655f22dc8e01297e0fa51cc343ac6c9 -> 
  custom:scripting/monoscript/fileName/ContextualPropertyMenu.cs: 610c65a55c71e73faaaea551c67580d3 -> 
  custom:scripting/monoscript/fileName/TMPro_Private.cs: 8f6297df34271fdb1ce2d9607ec6261d -> 90647cc400823b41df847a6cbfc29026
  custom:scripting/monoscript/fileName/TMP_MeshInfo.cs: 375ed9fada55d6bf39f9352ef1dd520b -> 89833651f7d905e51b340ec2afe531d1
  custom:scripting/monoscript/fileName/BundleExplictObjectLayout.cs: 7ebaaae109881757a2cd1a5aaeb77811 -> 
  custom:scripting/monoscript/fileName/TMP_SpriteCharacter.cs: fe232bb280dddc880a01918d3502c13a -> 81dc73ff0878d6528202f8be44877b26
  custom:scripting/monoscript/fileName/TrackedMeshFilter.cs: fb5daaf3d8b8a7728930b8103cd57f15 -> 
  custom:scripting/monoscript/fileName/AddressableGroupRules.cs: e180fc35b3afe38578b0073816e56c13 -> 
  custom:scripting/monoscript/fileName/TMP_ShaderUtilities.cs: 75ec062faab558cb3190dcd3e4820547 -> 84a261643983e306d02445da38ed662f
  custom:scripting/monoscript/fileName/IDependencyData.cs: 35a83d3a80674af5f8ca402d71bd60d0 -> 
  custom:scripting/monoscript/fileName/AssetTableListView.cs: 1ec8688249f1522ea67d7e5c74809df1 -> 
  custom:scripting/monoscript/fileName/AddressablesImpl.cs: be57218b2f6d69fa0616271ca49477c1 -> 
  custom:scripting/monoscript/fileName/LocalizedAssetBehaviour.cs: 0cdf409b5aa8d4c25876d72b5c6a3b60 -> 
  custom:scripting/monoscript/fileName/AddressableScenesManager.cs: 748e55e05bbd1a8cb78604e8cbfdcf27 -> 
  custom:scripting/monoscript/fileName/InitializationObjectsOperation.cs: 9973862fa2e4f63b15f0c93d284666bc -> 
  custom:scripting/precompiled-assembly-types:Unity.Addressables.Editor.Tests.DocExampleCode: ccd82e07692b5339e0b2c7b0b09e74e4 -> 
  custom:scripting/monoscript/fileName/EventDataStream.cs: 8c5fd7099df0bbb089a6c08a72e5b2af -> 
  custom:scripting/monoscript/fileName/AddressableGroupRulesEditor.cs: 50146c216772d5faaaedc352af941b78 -> 
  custom:scripting/monoscript/fileName/IPreloadRequired.cs: e5fdf63d2d57f09a82336b92c1c5c751 -> 
  custom:scripting/monoscript/fileName/MultiColumnHeaderBridge.cs: c7504aabe2384033dd82e83d6140f97d -> 
  custom:scripting/monoscript/fileName/UsingInitialize.cs: 5f75f8ba7c7367ac4f23e07737c9cdd1 -> 
  custom:scripting/monoscript/fileName/ResourceManager.cs: 963cf602385bdad8abe64cead0fb82cd -> 
  custom:scripting/monoscript/fileName/BuildResults.cs: ea29098741349f66a5c13be22430b91a -> 
  custom:scripting/monoscript/fileName/UsingResolveInternalId.cs: e91840107bf68677f58d30b8f1994946 -> 
  custom:video-decoder-ogg-theora: a1e56fd34408186e4bbccfd4996cb3dc -> 
  custom:scripting/monoscript/fileName/TMP_UpdateManager.cs: 2b12c9b6d4082e0390a306eceed60fc6 -> fa7e71df671c5b3088b39753e4bbc70d
  custom:scripting/monoscript/fileName/TrackedTransform.cs: 50bf72421f59fa474bf723b86b240c40 -> 
  custom:scripting/monoscript/fileName/LocalizedAssetTable.cs: b8ec72bbb40e8028edc65b2aa07ebd72 -> 
  custom:scripting/monoscript/fileName/CharacterSetMenuItems.cs: 783745eb83bfb28b1bde921025d1c7e5 -> 
  custom:scripting/monoscript/fileName/TMP_EditorUtility.cs: f68b71b7543cddf9e4cdf261d5f519e5 -> b242106620cbbc38f0411146a086b885
  custom:scripting/monoscript/fileName/TMP_SpriteGlyphPropertyDrawer.cs: 4a6f1515709a40d92e24c84ec92fc53a -> 1447c7afab82cf56bc359d5c7fba114e
  custom:scripting/monoscript/fileName/MenuItems.cs: 7512a4707007649fd24eaa879fa25ada -> 36e8964894b4a740a9cbe85327eddbf8
  custom:scripting/monoscript/fileName/AddressablesDataBuilders.cs: 69454d3f41e6a4eaa6af47f23b30c8aa -> 
  custom:scripting/monoscript/fileName/WebRequestQueue.cs: 0bd7118a4a8a55d3a5dc2e3002437989 -> 
  custom:scripting/monoscript/fileName/TMP_SpriteAssetMenu.cs: a42d2dc20ed9558b36972dc6e6d71655 -> 05ea7b84320d1b77a6d1ae49c41ee9cc
  custom:scripting/monoscript/fileName/LoadScene.cs: 5f1fcf9adcc987c56d2e1526bf8546f6 -> 
  custom:scripting/monoscript/fileName/OrgData.cs: 4824c3cc00ed531062f3c2de1ed5d4c3 -> 
  custom:scripting/monoscript/fileName/LocalizedStringDatabase.cs: f6106e910dabfc0fcbc6b29176c2e343 -> 
  custom:scripting/monoscript/fileName/IsMatchFormatter.cs: 8d447004f45ff1de76de928a89dc78bc -> 
  custom:scripting/monoscript/fileName/TrackedObjectFactory.cs: 4e7dad19c0d006c8f166ada127deb619 -> 
  custom:scripting/monoscript/fileName/HashStream.cs: 79ad716994d62b2c0cafd2bf9cc6c712 -> 
  custom:scripting/monoscript/fileName/ResourceLocationData.cs: 3a2f1e257930132c4a3021b9015d202c -> 
  custom:scripting/monoscript/fileName/TMP_ColorGradient.cs: 3baf9c6d3c50fc594e68e0c756eb8779 -> 8d91c7c4749088eca69648d37a965bf8
  custom:scripting/monoscript/fileName/TMP_PreBuildProcessor.cs: d965cd4513e689cb01c0481012a89dee -> 790c12dcd4980aa978fd28fb6f89fb37
  custom:scripting/monoscript/fileName/BundledAssetGroupSchema.cs: bcb47eaa49cf63629f7b71bf29d08a18 -> 
  custom:scripting/monoscript/fileName/GraphLayerBackground.cs: bfb8c96c78a31d797ff129ad65a43b2c -> 
  custom:scripting/monoscript/fileName/IFormatterLiteralExtractor.cs: c7b177b295c5839f6f032f6fe79745d4 -> 
  custom:scripting/monoscript/fileName/HttpHostingService.cs: 6f60c8eb1b51ad3699dfa367eefd8baa -> 
  custom:scripting/monoscript/fileName/UsingInitializeAsync.cs: 08a89191ec7bc2462a7f2bca91e91546 -> 
  custom:scripting/monoscript/fileName/UsingLoadScene.cs: 4aac6ffdfbecf6cbb38e5b8a52837723 -> 
  custom:scripting/monoscript/fileName/LocalizedStringTable.cs: 5020daa86966c4938256347e73439f7d -> 
  custom:scripting/monoscript/fileName/FormatCache.cs: 73f492423593447b189ec3f09ec1d1f1 -> 
  custom:scripting/monoscript/fileName/TMP_SerializedPropertyHolder.cs: 9860586610cb3d91ae7f4ce33ab22d0b -> 99e5dbc1fa1abe750acc8166e4243be8
  custom:scripting/monoscript/fileName/AddHashToBundleNameTask.cs: ffec87a59eb17f0bbea1f4556204c4f2 -> 
  custom:scripting/monoscript/fileName/DelegateList.cs: 90647cc400823b41df847a6cbfc29026 -> 
  custom:scripting/monoscript/fileName/BuildContext.cs: 34a222ebebd3606fff156033d4c23266 -> 
  custom:scripting/monoscript/fileName/LocalizedString.cs: f2d1b488f0666bbf2e335b6af3d3d530 -> 
  custom:scripting/monoscript/fileName/DefaultBuildTasks.cs: b93cbe91f00034105b24705dc67fc837 -> 
  custom:scripting/monoscript/fileName/TMP_SpriteCharacterPropertyDrawer.cs: 63186d320ccdf4dfa06fbce4e897d3f3 -> 14565b4e4f9266584dc3194fd967d252
  custom:scripting/monoscript/fileName/IMetadata.cs: c1ff4e10770094d48a4081e88ac055f8 -> 
  custom:scripting/monoscript/fileName/TableEntryTreeView.cs: 32cd87b3a3f2fa537e014d38fc7df08c -> 
  custom:scripting/monoscript/fileName/AddressableAssetGroupTemplateInspector.cs: bc145acbf2b0f8f4239d5d21e87802ed -> 
  custom:framework-win-MediaFoundation: 216162199b28c13a410421893ffa2e32 -> 
  custom:scripting/monoscript/fileName/DelayedActionManager.cs: b215f0cc28e5b39d62597ab173ced320 -> 
  custom:scripting/monoscript/fileName/LocalizationPreferencesProvider.cs: 8b051d5b65fcafa43e1fb1663f6be25d -> 
  custom:scripting/monoscript/fileName/DropdownOptionListDrawer.cs: 342ee3f9c806e60b189c02609042c492 -> 4362475bc384312c771d88865ee2f40d
  custom:scripting/monoscript/fileName/CreateBuiltInShadersBundle.cs: e4f12aa9a6b849b3a7861bf492376679 -> 
  custom:scripting/monoscript/fileName/AsynchronousLoading.cs: 7c2e5286b3cf89ac8785f97867da5700 -> 
  custom:scripting/monoscript/fileName/AddressableAssetsBundleBuildParameters.cs: 8b3e1e658c9efb352f02ffdd7c175a3b -> 
  custom:scripting/monoscript/fileName/AssetPublishEditor.cs: 5e6fcb209f4275e87027d569b903a801 -> 
  custom:scripting/monoscript/fileName/PlayerSettingsApi.cs: e8704eb198d8f61f68729b362e34f254 -> 
  custom:scripting/monoscript/fileName/ValidationMethods.cs: 0ca38beb753f491a65475578d824a594 -> 
  custom:scripting/monoscript/fileName/GenerateLinkXml.cs: 438676c0a3ae847305e5461d0d0dfb13 -> 
  custom:scripting/monoscript/fileName/UsingInstantiate.cs: 56dbca48a54aeadd30337a75a3c60632 -> 
  custom:scripting/monoscript/fileName/ListFormatter.cs: fdf331394edd6dc75abedfc51a296d47 -> 
  custom:scripting/monoscript/fileName/UsingBuildPath.cs: 0a5d366ab7b7e113ab87035def21d7b2 -> 
  custom:scripting/monoscript/fileName/PlatformMappingService.cs: 112fe80ee263d9422a7570d41ca95c90 -> 
  custom:scripting/monoscript/fileName/LocalizationEditorEvents.cs: 773232287225044e60c0f1bae549e6a1 -> 
  custom:scripting/monoscript/fileName/FallbackLocaleHelper.cs: 7afa418648871dbd6a4c517ebdd0ed83 -> 
  custom:scripting/monoscript/fileName/TMP_CharacterPropertyDrawer.cs: 0fc1d1caf2f580e74b2224e6797250e4 -> ddc6f8909fdac3de9238e9b86e411c3e
  custom:scripting/monoscript/fileName/AssetBundleWriteOperation.cs: db3d146633bcf83272b8d8ec27708373 -> 
  custom:scripting/monoscript/fileName/SmartExtensions.cs: ffc58e2362cb7e1d23bdeab5ea32b2dc -> 
  custom:scripting/monoscript/fileName/ILocalesProvider.cs: 323d2e51541df5db5c4ae0bf2dcf0516 -> 
  custom:scripting/monoscript/fileName/TMP_FontAssetEditor.cs: ff94a59ea0ba0aa81aa8a7f307f2efd3 -> e359b61135381f6b1d7b8c7e97a930f3
  custom:scripting/monoscript/fileName/LocalizeLegacyFont.cs: 25ae0ee2d21ccbdcfd7e7513dcb29017 -> 
  custom:scripting/monoscript/fileName/BundledAssetProvider.cs: 7b2acd0dc4b920c1447f4e405e758da9 -> 
  custom:scripting/monoscript/fileName/TMP_FontAsset_CreationMenu.cs: 18345b423cea91a35f20f73f48aee7e1 -> 1c5caeb31a0df734411a201aca87cb03
  custom:scripting/monoscript/fileName/SmartFormatterLiteralCharacterExtractor.cs: 5187b1f8f9f2b2b603a778e5ed774814 -> 
  custom:scripting/monoscript/fileName/DefaultFormatter.cs: 2f641fca3cf8e52ec2e4250469e9021e -> 
  custom:scripting/monoscript/fileName/BuildScriptVirtualMode.cs: ecfa9317a4325be6ea7efafabf202d84 -> 
  custom:scripting/monoscript/fileName/DisplayNameAttribute.cs: 91e6b527b667ccefdd531618f2cc58b4 -> 
  custom:scripting/monoscript/fileName/TMP_ScrollbarEventHandler.cs: 55de10d862075cd935d8381c309f39e0 -> c015e39b5a3f1a14518ce039f30e10af
  custom:scripting/monoscript/fileName/TMP_ObjectPool.cs: 8f6297df34271fdb1ce2d9607ec6261d -> 90647cc400823b41df847a6cbfc29026
  custom:scripting/monoscript/fileName/AssetLabelReference.cs: 535c57f3a3bd81b3adc86b02034e7fda -> 
  custom:scripting/monoscript/fileName/ExtensionMethods.cs: 4642d9c802c70c033ea67f5c9fc06bdb -> 
  custom:scripting/monoscript/fileName/ResourceManagerEventCollector.cs: cf8765b1ba0f714abe2ca54744783dea -> 
  custom:scripting/monoscript/fileName/BuildScriptBase.cs: adfd9e3e356b350272d27b9a6c93a55a -> 
  custom:scripting/monoscript/fileName/TMP_FontAssetUtilities.cs: d84a52975d941e769af4ae15b3aaa211 -> 5b7a9bc9c5c56e3cb5ccc808a2bdd9e4
  custom:scripting/monoscript/fileName/UsingRuntimePath.cs: 5727713a0389a62bd6518d1b19214f2c -> 
  custom:scripting/precompiled-assembly-types:Unity.ScriptableBuildPipeline.Editor: 3ca390981bea823edbc5c52067fa8d07 -> 
  custom:scripting/monoscript/fileName/UnityEventBridge.cs: 5b44a70c8e78b8fb569a49e177c247c4 -> 
  custom:scripting/monoscript/fileName/CallbackArray.cs: 90647cc400823b41df847a6cbfc29026 -> 
  custom:scripting/monoscript/fileName/BuildScriptPackedPlayMode.cs: 376414de220a9f2aaee2505d1d67ddda -> 
  custom:scripting/monoscript/fileName/AddressableAssetSettingsLocator.cs: f52d919be3c487a83fcb39a65ed0c368 -> 
  custom:scripting/monoscript/fileName/AddressableAssetGroupTemplateInterface.cs: c6c784d5ce4db43651308dbc5a340915 -> 
  custom:scripting/monoscript/fileName/LoadWithTask.cs: fbf9e2952ed24d5098424080eefa8e8d -> 
  custom:scripting/monoscript/fileName/LocalizationTable.cs: aac3efc050d0cdb450940741052a3ea7 -> 
  custom:scripting/monoscript/fileName/AddressablesInterface.cs: 288c9154aa913af4054b6c3693e74037 -> 
  custom:scripting/monoscript/fileName/IReset.cs: 501ab81f9a42800b74fa922343b391de -> 
  custom:scripting/monoscript/fileName/AssetTypeMetadata.cs: 29d579a76583fbd1638bb7faafd49823 -> 
  custom:scripting/monoscript/fileName/AddressableAssetGroupSchemaSet.cs: 8cb8eb885b2e86eafd9d731360a75ad6 -> 
  custom:scripting/monoscript/fileName/ProgressReporter.cs: d2c61132addb533aa20f9839136801ab -> 
  custom:scripting/monoscript/fileName/CustomBuildScript.cs: ceb098f106352018dfb7471e078b2b99 -> 
  custom:scripting/monoscript/fileName/GraphLayerEventMarker.cs: 973da78a8787db14c083d53cf7575fbc -> 
  custom:scripting/monoscript/fileName/LocalizedAssetProperty.cs: 949847d1f379a93be8d09e1a779f7308 -> 
  custom:scripting/monoscript/fileName/AddressableEntryNotFoundException.cs: cbde87c12a97a247b362dfc7073c3067 -> 
  custom:scripting/monoscript/fileName/UsingResourceManager.cs: 904ba6bbe59e92b87ad14016defdb49e -> 
  custom:scripting/monoscript/fileName/PlatformOverride.cs: dffa63491a95e8ca43dc2e254731c453 -> 
  custom:scripting/monoscript/fileName/TMP_FontAssetCommon.cs: 4a5ab4d4426385ab38edd57c118cd485 -> 2b5f11ccf8aacaf9b5ea6564bf2b0d57
  custom:scripting/monoscript/fileName/AssetNotPersistentException.cs: cddacf4c8b1d93a2650d87448a19c7fd -> 
  custom:scripting/monoscript/fileName/CheckResourcesDupeDependencies.cs: 9a7363d2118556b9a749e5c87a9abb28 -> 
  custom:scripting/monoscript/fileName/FastModeInitializationOperation.cs: 3969bd66bfd96ce4f1b25d29127c7d0d -> 
  custom:scripting/monoscript/fileName/GoogleTranslationWindow.cs: 88518423a12e1fad4d87be2a62bc4438 -> 
  custom:scripting/monoscript/fileName/LinkXMLGenerator.cs: a12ef316d0e18f4f3cc0d1c12f9a8995 -> 
  custom:scripting/monoscript/fileName/PreserveTags.cs: 1c2a7fcb1fa71a6e962a345cfbb29e23 -> 
  custom:scripting/monoscript/fileName/UsingClearDependencyCacheAsync.cs: 660e6750ac312260d665d449a0194ad8 -> 
  custom:scripting/monoscript/fileName/HashingMethods.cs: 715cdfdde81dd1627a447579d5c1a2a8 -> 
  custom:scripting/monoscript/fileName/GlobalVariableGroupEditor.cs: 6e132f0f82545f49da3ad5870afe14bd -> 
  custom:scripting/monoscript/fileName/GraphicsSettingsApi.cs: e643b869c2bd158e219684eb7bac7d5a -> 
  custom:scripting/monoscript/fileName/UsingLogWarning.cs: 70e15e610f1accc23f15dc06c7ce09b4 -> 
  custom:scripting/monoscript/fileName/SceneRawWriteOperation.cs: 5a20bbe9c2135f3c677809d25231ee39 -> 
  custom:scripting/monoscript/fileName/UsingCleanBundleCache.cs: c440bddfbad5caa9fbcae77dc72674c1 -> 
  custom:scripting/monoscript/fileName/LocalizationSettingsMenuItems.cs: 750a08d0238762ff67fff634de4448f1 -> 
  custom:scripting/monoscript/fileName/IBuildReportConsumer.cs: b4374783b4f13e8fa8a35606f65fe93e -> 
  custom:scripting/monoscript/fileName/LocalizeTextureEvent.cs: dd01af048c0b2b9cea48be62555ba36a -> 
  custom:scripting/monoscript/fileName/BuildLayout.cs: 3e449370b64b375854c1a33213daf1a7 -> 
  custom:scripting/monoscript/fileName/IResourceLocation.cs: f910c20a7ea8c8aa53f2053fca98b4ce -> 
  custom:scripting/monoscript/fileName/PrefabPackedIdentifiers.cs: 88eee9e87bb381ef74e5d164ea9612c4 -> 
  custom:scripting/monoscript/fileName/UnityConnectBridge.cs: 0d7c93bc2c5ad0d42ee2286dc5174130 -> 
  custom:scripting/monoscript/fileName/AudioClipReaderWindow.cs: 55d0bff3b1f5011587f2a61146252ee6 -> 
  custom:scripting/monoscript/fileName/LocalizationBuildPlayer.cs: 85b8e10fd0ccbccd80054f8cc140970b -> 
  custom:scripting/monoscript/fileName/AddressableAssetGroupTemplate.cs: 1d8da5f1890836d608e7d5b7f3373a2f -> 
  custom:scripting/monoscript/fileName/DefaultSource.cs: ef6d54a6cbd054b4c7f94ad925bc31ef -> 
  custom:scripting/monoscript/fileName/TMP_TextInfo.cs: d86eebf32f36b8febee06365f862b403 -> 9e4eb698c4c168829682cbe659418e8f
  custom:scripting/monoscript/fileName/EventDataPlayerSession.cs: 91bc0ee1e4ffa4506b091453a9262bec -> 
  custom:scripting/monoscript/fileName/TaskCachingUtility.cs: 2abbe35728db88bbaa201e6c478a95f2 -> 
  custom:scripting/monoscript/fileName/TextContainer.cs: 4e3c016869303ab3136387f7870e5adb -> 245c032a15fbc12850861c707e37b027
  custom:scripting/monoscript/fileName/StringTableSearchProvider.cs: a655a0bba0a42f0268616b0ffe28e827 -> 
  custom:scripting/monoscript/fileName/ParsingErrors.cs: 56ee149ccf6e61574239d504a20a01d0 -> 
  custom:scripting/monoscript/fileName/CollectionExtensionAttribute.cs: e00982c3695c3b95e3e0d6f43120d792 -> 
  custom:scripting/monoscript/fileName/CalculateSceneDependencyData.cs: 104fc632ee9eb1eac0995150ef581054 -> 
  custom:scripting/precompiled-assembly-types:Newtonsoft.Json: a784019f7e79cf0f65e748d41d4ceb44 -> 
  custom:scripting/monoscript/fileName/LocalizedGameObjectEvent.cs: 045b323c574665c24fc3585de9cf75b0 -> 
  custom:scripting/monoscript/fileName/BuildContent.cs: 8b98bc58cf5574343dc7ddad95d66a2a -> 
  custom:scripting/monoscript/fileName/SmartSettings.cs: 27ce6050fa5ec694fc6fafb556f326be -> 
  custom:scripting/monoscript/fileName/IPseudoLocalizationMethod.cs: af5699a14d31a7d73a4e2eee94f838df -> 
  custom:scripting/monoscript/fileName/BundlesContentView.cs: 06261d15b4a9f40f2d13bad3fd8c0d7e -> 
  custom:scripting/monoscript/fileName/DynamicResourceLocators.cs: 1034695c180ba1f11efcc8c0af8b64d6 -> 
  custom:scripting/monoscript/fileName/AddressableAssetSettings.cs: cc9347dff1588a85ad81a10cb9a60747 -> 
  custom:scripting/monoscript/fileName/UsingInstantiateAsync.cs: 65bc448eb8ce78f7211cddccb5f5ce12 -> 
  custom:scripting/monoscript/fileName/TestStub.cs: 190796d3593eba0a9210e1127da82f56 -> 
  custom:scripting/monoscript/fileName/TMP_SubMesh_Editor.cs: 6199a3bf0c204e3bdded9f5f05415a32 -> b381eb4c2ad4ef265088242d67c5b140
  custom:scripting/monoscript/fileName/TMP_TextElement.cs: fb8354965187a75f506d9a9df85f19dd -> 5dfb95666bd41ecc32948097824aba23
  custom:scripting/monoscript/fileName/TMP_Text.cs: c453c9b4dcb2bfad1083e3b49dfa3983 -> 5cba61e283281e8dbf7dadaabcd638dc
  custom:scripting/monoscript/fileName/LocalizationTablesWindowAttributes.cs: 286f0b4482e1d46362769165de5cabf6 -> 
  custom:scripting/monoscript/fileName/TrackedLocalizedPropertyDrawer.cs: 30cdc0084858da7a1c4d211dd53bf294 -> 
  custom:CustomObjectIndexerAttribute: 9a22284fe3817be447336de3de66b15e -> 
  custom:scripting/monoscript/fileName/UsingGetDownloadSizeAsync.cs: 171c6b127177e9211a1b602a37172a09 -> 
  custom:scripting/monoscript/fileName/UsingStreamingAssetsSubFolder.cs: 32807ce3347ba269c610cfe54c4cf1db -> 
  custom:scripting/monoscript/fileName/CreateMonoScriptBundle.cs: 2583ca987d667d4dd92571cf56d8871f -> 
  custom:scripting/monoscript/fileName/Selector.cs: d1b33989cbe0f6cc110abd4d8cf04c4d -> 
  custom:scripting/monoscript/fileName/UsingLoadSceneAsync.cs: e0429df12aecdd79109f424b79f61f73 -> 
  custom:scripting/monoscript/fileName/AddressableAnalytics.cs: 8d6eaaaa8879afed7791bcb8ad0a55d6 -> 
  custom:scripting/monoscript/fileName/TimeFormatterPropertyDrawer.cs: 2deeb4cac283ce23f830b75746c99908 -> 
  custom:scripting/monoscript/fileName/AtlasSpriteProvider.cs: b13170f1a8da7c93ca0f20413670befc -> 
  custom:scripting/monoscript/fileName/LocaleIdentifierPropertyDrawer.cs: e2b3612afc461bbb74df699eb387d4b7 -> 
  custom:scripting/monoscript/fileName/StripUnusedSpriteSources.cs: 8e0de493596d68c81f185a4c7e2ecc3e -> 
  custom:scripting/monoscript/fileName/LoadWithEvent.cs: 535c3da84aced96767022f1d136a065c -> 
  custom:scripting/monoscript/fileName/CSV.cs: 970c06ec8fe2254580dd226b7b217199 -> 
  custom:scripting/monoscript/fileName/ColumnMapping.cs: 3d96c8bec9fe5e67511587a77ca9426f -> 
  custom:scripting/monoscript/fileName/TMP_PostBuildProcessHandler.cs: 728d00fd9070cbfe6d8df45c08e57305 -> c69b388004562ecb0f789fc3759d9651
  custom:scripting/monoscript/fileName/LocalizeStringEvent.cs: 420593c9668ec5a80d802c3657538065 -> 
  custom:scripting/monoscript/fileName/ProgressTracker.cs: 7cf527e59ae90a5de1d1297f2cf5b5d9 -> 
  custom:scripting/monoscript/fileName/UsingResourceLocators.cs: defb8e83edcbd6b925c1a46e603b4264 -> 
  custom:scripting/monoscript/fileName/TMP_DropdownEditor.cs: 6df138b51e278f9c93bd4976e96aa952 -> 2d907ee76ef876797c15186180266847
  custom:scripting/monoscript/fileName/HostingServicesWindow.cs: aea0a90645e2ad9918bb8f7947977cbc -> 
  custom:scripting/monoscript/fileName/AsyncOperationHandle.cs: 5f193f67e9fe132700bb16490c49fe52 -> 
  custom:scripting/monoscript/fileName/QualitySettingsApi.cs: 8a81ef3b39ef7374ffa2c64379a5666c -> 
  custom:scripting/monoscript/fileName/GenerateBundleCommands.cs: df8cc1862a26a9b8b8065412bf4da3d1 -> 
  custom:scripting/monoscript/fileName/FormatItem.cs: a682aadaa489dc0a59f4f6cf2b503a72 -> 
  custom:scripting/monoscript/fileName/DetailsListItem.cs: fc00a048fdb993f628239efc8b3b3ff0 -> 
  custom:scripting/monoscript/fileName/LabelTable.cs: 2d4def09103b938e537a18b451868393 -> 
  custom:scripting/monoscript/fileName/CharacterSubstitutorPropertyDrawer.cs: 71c115a9f4a4d88dd22a2ac05b771575 -> 
  custom:scripting/monoscript/fileName/Ribbon.cs: 7520e82ba3d55750b026206f051896a1 -> 
  custom:scripting/monoscript/fileName/GlobalVariablesSource.deprecated.cs: 1038eddbfa65bd625b25430ba4a9435d -> 
  custom:scripting/monoscript/fileName/PostPackingCallback.cs: f0f64a598e599b8fee359c8bbbbb7967 -> 
  custom:scripting/monoscript/fileName/GetLocalizedStringOperation.cs: 2a8d3385529a741749983dca123ab4e1 -> 
  custom:scripting/monoscript/fileName/GameObjectLocalizerEditor.cs: 7c072273434358bcf607004716bd9350 -> 
  custom:scripting/monoscript/fileName/LocalizationProjectSettings.cs: d9be050127f95d20e34198c62e4779b1 -> 
  custom:scripting/monoscript/fileName/AssetTableTreeViewItem.cs: e3a0f0213b98219ec7145a2e7ed4c22b -> 
  custom:container-demuxer-webm: 4f35f7cbe854078d1ac9338744f61a02 -> 
  custom:scripting/monoscript/fileName/TMP_FontAsset.cs: 52c81438acb65fa444fe26964ef0345b -> 6c1db4680a96f294cf0af87a0b8099aa
  custom:scripting/monoscript/fileName/DeSerializer.cs: 42de108158a2d64cff75d55be619c3d6 -> 
  custom:scripting/monoscript/fileName/UsingLoadContentCatalogAsync.cs: 8e4b025178d4e0172aeaad56739efe1f -> 
  custom:scripting/monoscript/fileName/TableSearchProvider.cs: 9e14c655173cfc9fafc822428d591e04 -> 
  custom:scripting/monoscript/fileName/UsingRemoveResourceLocator.cs: ffa3bb99c581ff8477018bfe8198ccbe -> 
  custom:scripting/monoscript/fileName/EditorPropertyDriver.cs: 6ab6221ea31e92f727c72f18b50d56d2 -> 
  custom:scripting/monoscript/fileName/TMP_SubMeshUI_Editor.cs: 765ce633a5bfada7c5afc51aed8631bb -> 119a633ce37cc27ac209988b5de61d96
  custom:scripting/monoscript/fileName/ListWithEvents.cs: 90647cc400823b41df847a6cbfc29026 -> 
  custom:scripting/monoscript/fileName/ProgressLoggingTracker.cs: 5d288d40f7eb670174353f8188801c70 -> 
  custom:scripting/monoscript/fileName/SerializedTypeDrawer.cs: 55704df2e1fbeb280a39857e3fe8599a -> 
  custom:scripting/monoscript/fileName/GraphLayerLabel.cs: e6bbecfb657f4306f18760a66877483c -> 
  custom:scripting/monoscript/fileName/TMP_BaseEditorPanel.cs: bf7c6aff8663a36814779dfe47e82e00 -> f4b9967705e7bb57152fef4117417ba7
  custom:scripting/monoscript/fileName/IBuildResults.cs: 8b5b87d2e7d0fe52b18dffb583edf526 -> 
  custom:scripting/monoscript/fileName/BundleRuleBase.cs: e7ef640b2d0e3626500ffc1b301ab048 -> 
  custom:scripting/monoscript/fileName/DownloadStatus.cs: 54e6ecf38c97350b7185a2dbdd2736c2 -> 
  custom:scripting/monoscript/fileName/LocaleCommentColumn.cs: b9990117b1aec64849bb0bb6c783ca3d -> 
  custom:scripting/monoscript/fileName/ProfileDataSourceDropdownWindow.cs: 0c889b1a609cf40b8fe20a3ed4bbafff -> 
  custom:scripting/monoscript/fileName/UnityWebRequestUtilities.cs: 9b8466aca40de6647ee5e3ca2db084e4 -> 
  custom:scripting/monoscript/fileName/SequentialIDGenerator.cs: d83efcc667e1071af0b2df3b9b2d5c7e -> 
  custom:scripting/monoscript/fileName/AssetUtility.cs: 9fd2b0a9ba402984d9e38d454d654b92 -> 56b81e5e2578818cf6f96d864707db64
  custom:scripting/monoscript/fileName/ProfileDataSourceSettings.cs: 5e371415d0bffd9fa1566f074827ca84 -> 
  custom:scripting/monoscript/fileName/EditorGUIUtilityBridge.cs: 6c6281d5b59dbfe7f64a4390cec64cef -> 
  custom:scripting/monoscript/fileName/MainPanelSummaryTab.cs: 28ca7ae655dc332f660c132d33be2668 -> 
  custom:scripting/monoscript/fileName/FormattingException.cs: 91b461cc7c40815d8a7c339d54be2b22 -> 
  custom:scripting/monoscript/fileName/TMP_SettingsEditor.cs: aa2b5eadaadb4b54b49cd650a2246119 -> 56bf06371df7e13c5b8cc88becb89a4d
  custom:scripting/monoscript/fileName/ProjectLocalePopupField.cs: 2224bf6801a24e4e4f2dfbd481785552 -> 
  custom:scripting/monoscript/fileName/TMP_UpdateRegistery.cs: 62691e6bdb107984e7d826316a6498e1 -> 1f23864d29c3a03d22aa9b00a337cf78
  custom:scripting/monoscript/fileName/ClusterBuildLayout.cs: 5771ce961e5c856dda3162f7e7866c51 -> 
  custom:scripting/monoscript/fileName/DumpToText.cs: 2dfe9c7754fbb721de687736d394e422 -> 
  custom:scripting/monoscript/fileName/FastAction.cs: 94d6ead813247e604740a116c5fa92db -> dfbe75b66b645b53472915ad2590af11
  custom:scripting/monoscript/fileName/TMPro_TextContainerEditor.cs: a97aca5bcf1b2486a0f60b2c7a935c42 -> b2fbc5db24221a870c4de162a712cbfe
  custom:scripting/monoscript/fileName/UsingLogException.cs: 3316b26395971abd12a4bd736d7ff4cd -> 
  custom:scripting/monoscript/fileName/BuildProfileSettingsEditor.cs: 970095181710e210a9e9390c58796570 -> 
  custom:scripting/monoscript/fileName/SheetsServiceProvider.deprecated.cs: 90647cc400823b41df847a6cbfc29026 -> 
  custom:scripting/monoscript/fileName/AddressableAssetUtility.cs: 72a93ba81003bd461d6101745b676e3e -> 
  custom:scripting/monoscript/fileName/CsvColumns.cs: f40c9a0e65e110452ca351c87c16d563 -> 
  custom:scripting/monoscript/fileName/GroupsContentView.cs: 6c0af8780f1bc0c3acee464ca49bd416 -> 
  custom:scripting/monoscript/fileName/FileRegistry.cs: c2a0e90b96356fc8b397f160fccdb0e1 -> 
  custom:scripting/monoscript/fileName/ContentCatalogData.cs: 69501017901d28c7b50ababf6ecc7e6c -> 
  custom:scripting/monoscript/fileName/TMP_TextAlignmentDrawer.cs: ad15f73780bb9949f148eddcc3c3fbf7 -> 011b7908ef5eb5e9dea532c77e85c538
  custom:scripting/monoscript/fileName/TMPro_CreateObjectMenu.cs: e9e63aff764c7e7fd08e66f87103df4d -> ddee59388caa7a56693342f3a805d427
  custom:scripting/monoscript/fileName/LocalizedAsset.cs: 7f97d498ffdfe4030eafd61d575be86e -> 
  custom:scripting/monoscript/fileName/AddressableAssetGroup.cs: 0f9c4653caddd0474511f5b3f44ee076 -> 
  custom:scripting/monoscript/fileName/TrackedLocalizeStringEvent.cs: ebad6f8edd7e9eef814e258cd129cd63 -> 
  custom:scripting/monoscript/fileName/TMP_Asset.cs: dcedda1866ab6edcf1af2d4525512628 -> 7e95c8d89188057bea8fc9569c9aa309
  custom:scripting/monoscript/fileName/LocalizedStringPropertyDrawer.cs: 25afd2cc46dd2b599a199f1e04ce3822 -> 
  custom:scripting/monoscript/fileName/xliff_core_2.0.cs: fc2057a38dfab16b8512fec9773c7f76 -> 
  custom:scripting/monoscript/fileName/ISelectorInfo.cs: 6321a5056dc9a78968a9dd0ca94ba619 -> 
  custom:scripting/monoscript/fileName/ProfileGroupType.cs: c75096844ddd488c7a0178740cfcc99e -> 
  custom:scripting/monoscript/fileName/DetailsContents.cs: 897c368e5dc4cdd93f45e1ac7d556963 -> 
  custom:scripting/monoscript/fileName/ScenePropertyTracker.cs: 86f0b3ce1098ba10b1df7fcad53bd72d -> 
  custom:scripting/monoscript/fileName/AddressableAssetEntryCollectionEditor.cs: 3573c130dc7f7334299b8beed2200c30 -> 
  custom:scripting/monoscript/fileName/TMP_ColorGradientEditor.cs: 187fe88a4e95285275d1781f1da14d92 -> ed654c9d45026a5f71e6e9535130c15f
  custom:scripting/monoscript/fileName/LocalizationSettings.cs: 0e2576b46b668ab2000f26b363c67059 -> 
  custom:scripting/monoscript/fileName/LoadSynchronously.cs: c4f0669c9aa685144c4f5b796d0b70eb -> 
  custom:scripting/monoscript/fileName/NewSheetProperties.cs: e34185a962f021141e44dc1ce093e683 -> 
  custom:scripting/monoscript/fileName/Comment.cs: 1df9b6a2a4782dd3ba7e4d56cc3fc5a5 -> 
  custom:scripting/monoscript/fileName/SceneControlsWindow.cs: 0561aa4536f52631146c6ffce9e5138b -> 
  custom:scripting/monoscript/fileName/UsingCreateCatalogLocationWithHashDependencies.cs: c7c0f0abb9e7d828fb90719576b664da -> 
  custom:scripting/monoscript/fileName/TrackedPropertyDrawer.cs: 38d2061ceb2f7db18585e8737586f66e -> 
  custom:scripting/monoscript/fileName/MonoBehaviourCallbackHooks.cs: b20ea6c878896467bc06e7a880dbeda7 -> 
  custom:scripting/monoscript/fileName/HashingHelpers.cs: 0f7aeced044c9bfbe971ac41bd6b1b1e -> 
  custom:scripting/monoscript/fileName/ProfileWindow.cs: fa1c3d799675766d6e9897b9bc0b5a97 -> 
  custom:scripting/monoscript/fileName/FileCompressor.cs: 9e176c2b40f10af0783acadfcf93a0a6 -> 
  custom:scripting/monoscript/fileName/BuildCacheUtility.cs: 2743f002ee5eaa2b245807c6d3986866 -> 
  custom:scripting/monoscript/fileName/VisualElementsWrapper.cs: 7ac1a7ea79783a0dda155d9acf8e52e7 -> 
  custom:scripting/monoscript/fileName/ContentPipeline.cs: 0099978ab3154e75ec02b02af05e3647 -> 
  custom:scripting/monoscript/fileName/DistributedUIDGenerator.cs: 037da96820b6f87792ef2e0a87c9ec34 -> 
  custom:scripting/monoscript/fileName/BuildLayoutParameters.cs: eb7c3c049a39ff038d6292e8e956a04c -> 
  custom:scripting/monoscript/fileName/IBuildSpriteData.cs: 70fcaabd919c2d8ed3f211908205c540 -> 
  custom:scripting/monoscript/fileName/IInitialize.cs: 8f41f2d3082a8cfed1a9f76a15f79086 -> 
  custom:scripting/monoscript/fileName/TMP_BitmapShaderGUI.cs: ef806c32b355e8831ed4eb3f5e3400ff -> 2ce3ac811452d1d6d82e565157cac3e2
  custom:scripting/monoscript/fileName/TMP_ColorGradientAssetMenu.cs: 79ee3689ecabb3de162f43faa3b27adc -> 83563be632f8167fcdca7878d36901f9
  custom:scripting/monoscript/fileName/HostingServicesManager.cs: bf09b4c263482a04155920012d385668 -> 
  custom:scripting/monoscript/fileName/FilterIds.cs: ab0a66942136a4dd113054af7b038da8 -> 
  custom:scripting/monoscript/fileName/CollectionExtension.cs: f8a94bffaf2831e97bfadd679b0d5d09 -> 
  custom:scripting/monoscript/fileName/BuildCallbacks.cs: e372553ccc5bfd1dd2d4f86e3433b7ac -> 
  custom:scripting/monoscript/fileName/IAddressableView.cs: 8b8bd30c6ee3cc366e6b5825b18b7a08 -> 
  custom:scripting/monoscript/fileName/BuildLayoutGenerationTask.cs: ffed48cd2d09cc55f2fb49224941b889 -> 
  custom:scripting/monoscript/fileName/AssetReferenceDrawerUtilities.cs: 351cdbf359a7cb402246cc4c26ca6bbc -> 
  custom:scripting/monoscript/fileName/LocalizationPackageExtensionsProjectSettings.cs: 286067f870046c863b249ef4c5b86d35 -> 
  custom:scripting/monoscript/fileName/FormatDelegate.cs: d674e994e02c99a6bc97e93ed08ed63e -> 
  custom:scripting/monoscript/fileName/CompatibilityAssetBundleManifest.cs: 8c821441185b5b6a41b701764a9456f7 -> 
  custom:scripting/monoscript/fileName/AssetInspectorGUI.cs: 1c2fbe684b8b981136ad78cc97e442f1 -> 
  custom:scripting/monoscript/fileName/EventDataPlayerSessionCollection.cs: aa3a5824b74762d314b052196c8121f1 -> 
  custom:scripting/monoscript/fileName/ContentUpdatePreviewWindow.cs: 328cbe5138c9fb6c1c71697205eab50f -> 
  custom:scripting/monoscript/fileName/JSONAssetProvider.cs: c98e2b214b7d3e761475613a9d6fddfc -> 
  custom:scripting/monoscript/fileName/TMP_GlyphPropertyDrawer.cs: 75006bca208b32d4fc4710404c538acf -> 56b500a16a5c8f635a7bfdd702279864
  custom:scripting/monoscript/fileName/LocalizedStringTablePropertyDrawer.cs: e886a001e705cc0705e678a1dc2ed974 -> 
  custom:scripting/monoscript/fileName/UsingLoadAssetsAsync.cs: e7c712cb92cb4bc191a413f33d87ddc0 -> 
  custom:scripting/monoscript/fileName/ProfileTreeView.cs: 12e4118bc493b83e0d991a39a1318ef6 -> 
  custom:scripting/monoscript/fileName/BuildTasksRunner.cs: 6061ed342a325c9c185a4b35bbfe23f3 -> 
  custom:scripting/monoscript/fileName/BuildExtendedAssetData.cs: 646a6ec8dded2f210e51a6a26a267c53 -> 
  custom:scripting/monoscript/fileName/TMP_SpriteGlyph.cs: 52a9bbe662618c4a5697bdefcba63d59 -> cb4cdca5a4c6415e4f27ee5280164c41
  custom:scripting/monoscript/fileName/StringBuilderPool.cs: 0a7f64ee5df8d42d8e9843f99c824cec -> 
  custom:scripting/monoscript/fileName/DetailsSummaryView.cs: aeb6ef9c87f8cedf81a2a9bdf342102f -> 
  custom:scripting/monoscript/fileName/XliffDocument.cs: 9b7826fef7f21076c2ca319420ac4d7a -> 
  custom:scripting/monoscript/fileName/MetadataCollection.cs: 3d22d318aeab2bf3c6be30164c34c5b4 -> 
  custom:scripting/monoscript/fileName/MetadataReorderableList.cs: 676fe7e50832af09353bc78a1a0a90d5 -> 
  custom:scripting/monoscript/fileName/TimeSpanUtility.cs: c268248eadf7f504ee39d36f8c2dbeba -> 
  custom:scripting/monoscript/fileName/AnalyzeRule.cs: 0616b2f44595cfd6ff277c8ca73ff9fd -> 
  custom:scripting/monoscript/fileName/DeclaringReferences.cs: 4c97197881389ed54fb27eb3f0e97327 -> 
  custom:scripting/monoscript/fileName/AssetDatabaseProvider.cs: 34efb1764c9d10e1b435aca6b8f8ab50 -> 
  custom:scripting/monoscript/fileName/PersistentVariablePropertyDrawer.cs: 5986276e917b35fbcb702081d402e633 -> 
  custom:scripting/monoscript/fileName/CacheInitializationDataDrawer.cs: 306c2f8cb1fc8b44b12a3aadd3361ffe -> 
  custom:scripting/monoscript/fileName/EditorIcons.cs: 13abce0cc692c84df4251fa74fe4a840 -> a3e3ee0982e43ced03e246e0d28ff4a2
  custom:scripting/monoscript/fileName/OperationCacheKeys.cs: a875722a6684f3c9f42fc8e71fb98086 -> 
  custom:scripting/monoscript/fileName/BuildProfiler.cs: 20a6883e13cfb1c377baf8d9ad7c7108 -> 
  custom:container-muxer-webm: aa71ff27fc2769a1b78a27578f13a17b -> 
  custom:scripting/monoscript/fileName/SharedTableCollectionMetadata.cs: c1aa8393f8c05c6f5464ccde87e55a74 -> 
  custom:scripting/monoscript/fileName/LoadTableOperation.cs: 90647cc400823b41df847a6cbfc29026 -> 
  custom:scripting/monoscript/fileName/KeyMetadataColumn.cs: 90647cc400823b41df847a6cbfc29026 -> 
  custom:scripting/monoscript/fileName/ProgressBarReporter.cs: bc323853087a9acbf94a2da59afe8082 -> 
  custom:scripting/monoscript/fileName/PluralLocalizationFormatter.cs: c373c0b16dac991baf6decafddf14513 -> 
  custom:scripting/monoscript/fileName/UsingDownloadDependenciesAsync.cs: bde825d7f2c2c85a4dd6a17f43d8e399 -> 
  custom:scripting/monoscript/fileName/GroupResolver.cs: 7792efe0547fa98ec81d1ec65abbade2 -> 
  custom:scripting/monoscript/fileName/LocaleEditor.cs: 202585e1e99bed536a79868d713acf30 -> 
  custom:scripting/monoscript/fileName/TMP_UIStyleManager.cs: f54fffa86b286da3a3329c601ca8d03e -> 66d96f3fa9ea14a5a6ed3f92d3bbe0f1
  custom:scripting/monoscript/fileName/ProjectConfigData.cs: 7921ee70ddc5c6dd7a9df8ec0c0092c7 -> 
  custom:scripting/monoscript/fileName/LoadWithLabels.cs: 804b317a87fff96d59ed63aeb6e721d6 -> 
  custom:scripting/monoscript/fileName/LocaleGeneratorListView.cs: 3257dfadf57a6fd6155e4b69c68ee152 -> 
  custom:scripting/monoscript/fileName/IBuildContext.cs: 5ff9d28c8d4a4f1b753bc76a607083bf -> 
  custom:scripting/monoscript/fileName/UsingInstanceProvider.cs: e7735e2612598c8504b3d653c19306de -> 
  custom:scripting/monoscript/fileName/Smart.cs: 5cf24fe66695f9cb989dd34006965373 -> 
  custom:scripting/monoscript/fileName/GlobalVariables.deprecated.cs: 728d6fb3b3dc77e5f3d610a9946a1b81 -> 
  custom:scripting/monoscript/fileName/CsvExtensionPropertyDrawer.cs: 9208f544b458498944fb068183667b1d -> 
  custom:scripting/monoscript/fileName/IDTransformer.cs: 550588a96657730d8404618890726064 -> 
  custom:scripting/monoscript/fileName/GoogleTranslatorAPI.cs: 1d07277978156b2b680265dfeeec5f74 -> 
  custom:scripting/monoscript/fileName/AssetReferenceUIRestriction.cs: ab1a4ace83e547a82f148902e05d9451 -> 
  custom:scripting/monoscript/fileName/FallbackLocale.cs: 647370036d8284c058069deac99405db -> 
  custom:video-decoder-webm-vp8: 9c59270c3fd7afecdb556c50c9e8de78 -> 
  custom:scripting/monoscript/fileName/UsingLogErrorFormat.cs: 8e9e0801031e74a4fd32b9b7bd2bf9d9 -> 
  custom:scripting/monoscript/fileName/DuplicatedAssetsContentView.cs: 071f6b802be913317a07b2a4ef0ee772 -> 
  custom:scripting/monoscript/fileName/DetailsSummaryBuilder.cs: ba334c0298d2d1e4c9714387e3c7aae8 -> 
  custom:scripting/monoscript/fileName/AnalyzeResultData.cs: c2f44893e38a82b7544778fbc70f6623 -> 
  custom:scripting/monoscript/fileName/ColumnSelectors.cs: 6af2063438fc3fffbfd8fd38fba2eda1 -> 
  custom:scripting/monoscript/fileName/LocalizationTablesWindow.cs: cf8c97d55d9c069dca434c69b83a65a8 -> 
  custom:scripting/monoscript/fileName/IBundleExplictObjectLayout.cs: ddaeb79a7a717f820f674015296294c0 -> 
  custom:scripting/monoscript/fileName/PostDependencyCallback.cs: eb19b86cfe0872246c64c5aa303dec70 -> 
  custom:scripting/monoscript/fileName/Expander.cs: 5781679213a06dbdf87128cb159babdf -> 
  custom:scripting/monoscript/fileName/LocalizationTableCollectionCache.cs: 2e2bd79d9fcf7fcc1fc934625c3c6b19 -> 
  custom:scripting/monoscript/fileName/BuildBundleLayout.cs: 576813ef72fead3ae460d113cf17b9a7 -> 
  custom:scripting/monoscript/fileName/CollectionNameFilterBlock.cs: 0f617309fbe56974021c72e157b39665 -> 
  custom:scripting/precompiled-assembly-types:Unity.Addressables: 6e2eb23eed52ab989518c55ebe19712f -> 
  custom:scripting/monoscript/fileName/BaseHostingService.cs: 200b06cbaa68e8641c1d85f0d10bc757 -> 
  custom:scripting/monoscript/fileName/LoadAssetOperation.cs: 90647cc400823b41df847a6cbfc29026 -> 
  custom:scripting/monoscript/fileName/TMPro_EventManager.cs: 9ebed0b1e26a8c995d644c176e696d93 -> 4c7492301243f935f7a463360f91d217
  custom:scripting/monoscript/fileName/AppInfo.cs: f759b70f2c69343fe2ecccdb6b7ec2e2 -> 
  custom:scripting/monoscript/fileName/CollectionGroupFilterBlock.cs: d219032a80c70708623b8d1cd2836132 -> 
  custom:scripting/monoscript/fileName/RebuildSpriteAtlasCache.cs: 4336dcac6b167662dc27a4b8cb534249 -> 
  custom:scripting/monoscript/fileName/GlyphRectPropertyDrawer.cs: d355023434b9b8f82f7070cb40c7c036 -> bdec415148eac17379112822c8814df5
  custom:scripting/monoscript/fileName/ISceneProvider.cs: 658a51016cbab09b1ba5c1655069810e -> 
  custom:scripting/monoscript/fileName/KeyCommentColumn.cs: 8ab66a765ba52efe7fc31fb7cd1a5b1f -> 
  custom:scripting/monoscript/fileName/TMPro_UGUI_Private.cs: 8f6297df34271fdb1ce2d9607ec6261d -> 90647cc400823b41df847a6cbfc29026
  custom:scripting/monoscript/fileName/GenerateLocationListsTask.cs: 4c17cd4ff87a2e74f5b37e68beb1034f -> 
  custom:scripting/monoscript/fileName/PackedPlayModeBuildLogs.cs: 26ca3e11f45bddf9443535bcaf190309 -> 
  custom:scripting/monoscript/fileName/IFormatter.cs: 01e87d00cb790254fdb58a2e27ad38a5 -> 
  custom:scripting/monoscript/fileName/SystemLocaleSelector.cs: c5cc06fdaa353af7e2c6696acccda057 -> 
  custom:scripting/monoscript/fileName/MiscellaneousTopics.cs: 6bab07f34ac3d7d8fae769bcdad3df67 -> 
  custom:scripting/monoscript/fileName/VariablesGroupAsset.cs: d2482a85ac31478d2b674636eed50f08 -> 
  custom:scripting/monoscript/fileName/TypeUtility.cs: 92a5a87ea5be7de38d408a4236d704e2 -> 697cbcee997ea80178c464c8fd931a69
  custom:scripting/monoscript/fileName/VirtualAssetBundleProvider.cs: 014c97404d6f15b756db08d2ee4aa738 -> 
  custom:scripting/monoscript/fileName/ReorderManipulator.cs: c3cc3283d456156a32bd889da5388366 -> 
  custom:scripting/monoscript/fileName/AddressablesRuntimeProperties.cs: 4969983b02306777c6a47ce4a11cc967 -> 
  custom:scripting/monoscript/fileName/FormatDetails.cs: 3a875893fd8613cb13205b8823f4fac3 -> 
  custom:scripting/monoscript/fileName/Xliff.cs: ef6b45730c337880390347d31b2a84a7 -> 
  custom:scripting/monoscript/fileName/UsingLogFormat.cs: 08b0763998d4e405b9da95ae8aea542e -> 
  custom:scripting/monoscript/fileName/TMP_TextElement_Legacy.cs: 33cc86d4b4c35f95c6446ea70ef56fc4 -> 6e11e173cb695b15e8cce3cd1e1cb2a7
  custom:scripting/monoscript/fileName/AddressablesBuildScriptHooks.cs: 2cbbf8974b686fe2baa61afde888f688 -> 
  custom:scripting/monoscript/fileName/Encapsulator.cs: 1e1db4fea0a4e2c44b57faa1c6dd4bfa -> 
  custom:scripting/monoscript/fileName/OperationHandleTypes.cs: 160b3da87b81856ca98f6ab136ee8d94 -> 
  custom:scripting/monoscript/fileName/BundleDetails.cs: c2ce173f3479298f0c344c217d376d24 -> 
  custom:scripting/monoscript/fileName/Accenter.cs: 90ea6834cce5f6d78bd057f9238941f6 -> 
  custom:SearchIndexIgnoredProperties: e643bd26f0fe6173181afceb89e7c659 -> 
  custom:scripting/monoscript/fileName/UpdateBundleObjectLayout.cs: d3e8743e5c2de0c9b031ff5de45c2faa -> 
  custom:scripting/monoscript/fileName/GUIUtility.cs: 4f971baa0f9d48cbd293794e0740ba9f -> 
  custom:scripting/monoscript/fileName/ReflectionExtensions.cs: 18deef64260ff7f38d0791626801b560 -> 
  custom:scripting/monoscript/fileName/SharedTableData.cs: 0321dfa863ea7dc9cb5ac00e0188432f -> 
  custom:scripting/monoscript/fileName/USerialize.cs: 6f1fb90844e336a2331e02dcaf45180a -> 
  custom:scripting/monoscript/fileName/DetailsStack.cs: 1bce17e22c9932daf94954746a7de14d -> 
  custom:scripting/monoscript/fileName/CacheInitialization.cs: 231ea051a2a92e5ba6df4a940124813d -> 
  custom:scripting/monoscript/fileName/TMP_Settings.cs: 957f1889ca66b295dca8f725cc81558d -> 68d1204aae2aa6d0a54c151b7af443e7
  custom:scripting/monoscript/fileName/TableTreeView.cs: 78ce28c6b954a09dd71f4c11ab7bbaae -> 
  custom:scripting/monoscript/fileName/LocalesProvider.cs: f7bf849209e180db8054724ee686358f -> 
  custom:scripting/monoscript/fileName/TMPro_SortingLayerHelper.cs: e3aabd077ed12370ac46dda129ef572e -> 8b86ad735987eff6a1277352e9e8d9b6
  custom:scripting/monoscript/fileName/EventDataSet.cs: 219643b14b32f828cebbb2d2ae9fdc7d -> 
  custom:scripting/monoscript/fileName/UsingUnloadSceneAsync.cs: 0bc46c9a1a51d2f8fb2486ce957ad990 -> 
  custom:scripting/monoscript/fileName/UnityEvents.cs: b0e2675a6c0568ce9542790c6e41312b -> 93e3e01e1fc330c62462aa41b286117b
  custom:AudioImporter_EditorPlatform: d09bf68614088b80899f8185d706f6e7 -> 
  custom:scripting/monoscript/fileName/ResourceManagerRuntimeData.cs: 1b7a8a6c7dd023adb09d5675c09d77d6 -> 
  custom:scripting/monoscript/fileName/GoogleSheets.cs: 7f0f9fdedc2ed9e03c1e8497270d9e4a -> 
  custom:scripting/monoscript/fileName/BuildScriptPackedMode.cs: 407a5958a595f4becac3b0cc930fc7a2 -> 
  custom:scripting/monoscript/fileName/PreloadAssetTableMetadata.cs: c595287f8069eb3ccd0af10de5541d79 -> 
  custom:scripting/monoscript/fileName/TaskTimerReporter.cs: 1092576eede58a2418e17f1357b78f6a -> 
  custom:scripting/monoscript/fileName/CommandLineLocaleSelector.cs: c4841077c37069c678d9d656dc0d9455 -> 
  custom:scripting/monoscript/fileName/SystemTime.cs: 989b75921b4f0db5d1aa4f8edabc4363 -> 
  custom:scripting/monoscript/fileName/IGraphLayer.cs: a76f5bd30e23aa5de9f5dc8a7b4efcf0 -> 
  custom:scripting/monoscript/fileName/TypeVersionCheck.cs: 47108c4bb576b50bf383edcb36a61cb6 -> 
  custom:scripting/monoscript/fileName/TreeBuilder.cs: 36b82ae8a43ef47082a423bad7e418ea -> 
  custom:scripting/monoscript/fileName/ISource.cs: c65c24084d429f67ca8753d1e0381364 -> 
  custom:scripting/monoscript/fileName/VariableInterfaces.cs: 10b8c0228a4fe29f9029171fd54f9576 -> 
  custom:scripting/monoscript/fileName/LocalizedAssetDatabase.cs: 3c0f7009033bdd415fc479957937b721 -> 
  custom:scripting/monoscript/fileName/AddressHelper.cs: b53c1a445f5afb9fc6dd620741d0a126 -> 
  custom:scripting/monoscript/fileName/TMP_ResourcesManager.cs: 0d972ba50c38c5b25fe15fb0c61ada2b -> 64252a073d41e9c6f4e95b5f68ac966c
  custom:scripting/monoscript/fileName/TMPro_TexturePostProcessor.cs: d21743efde4e74198703a65b965619ea -> 0750ad2b775120fa59f760172dc340ad
  custom:scripting/monoscript/fileName/UsingLoadResourceLocationsAsync.cs: 740c22efc58708343ed3593e99a08437 -> 
  custom:scripting/monoscript/fileName/BinaryStorageBuffer.cs: aea5e9a2d05029c76f9f73a17b287e21 -> 
  custom:scripting/monoscript/fileName/ResourceManagerCacheWindow.cs: e6140759c281f8efb60128561ae796f5 -> 
  custom:scripting/monoscript/fileName/PropertyDrawerExtended.cs: 54be72df0da399fe9a9cb381ccabf367 -> 
  custom:scripting/monoscript/fileName/TMP_PackageResourceImporter.cs: 5335f4ee7041812300af31a777e4f584 -> 949b6e7fa2132b400d5c4aaf9c34421a
  custom:scripting/monoscript/fileName/TimeFormatter.cs: 21db6b05cfeb66cb0e0b65e44585475d -> 
  custom:scripting/monoscript/fileName/IBuildContent.cs: 985433c3d816b7fe3356ac6fdd88a9c1 -> 
  custom:scripting/monoscript/fileName/MetadataTypeFilterBlock.cs: 1bff0ccf759564feaa35b99a044dc6fc -> 
  custom:scripting/monoscript/fileName/ExportCharacterSetWindow.cs: 706a16bf0fdb4ea73952c05b012a340b -> 
  custom:scripting/monoscript/fileName/AddressableReadOnlyAttribute.cs: 914c40d4b7e39c112d1393ac0c92b23a -> 
  custom:scripting/monoscript/fileName/PlatformUtilities.cs: 235a1dc9d5a05ec2d866fa311b4cb464 -> 
  custom:scripting/monoscript/fileName/AudioPairTableEditor.cs: 5491ca35bb6d1d629a8478693b9a5df0 -> 
  custom:scripting/monoscript/fileName/UnityWebRequestOperation.cs: 48ce9539f5ab38dbacd1aa0c1352711a -> 
  custom:scripting/monoscript/fileName/AudioPairTable.cs: 1bc6fd0b97b7c9be79518bc0a2fe2b11 -> 
  custom:scripting/monoscript/fileName/ITaskReporter.cs: 222334d27bb058e41592f4c2006132eb -> 
  custom:scripting/monoscript/fileName/TMP_Style.cs: 22d5739edd705d10f980250dcfd7fde0 -> ecc9948baa78373f3076151d1a0642d9
  custom:scripting/monoscript/fileName/xliff-core-1.2-strict.cs: 8f8a4b34cd31e442f3d19a26c24a463a -> 
  custom:scripting/monoscript/fileName/BuildScriptFastMode.cs: 256d014c225478a7ec3003a9ee45d090 -> 
  custom:scripting/monoscript/fileName/StringTableAnalyzeRule.cs: cd9668db3501f87c8d1ec3d7a16e492a -> 
  custom:scripting/monoscript/fileName/UsingGetLocatorInfo.cs: cc431c9ece90188d6cf534e6d841e634 -> 
  custom:scripting/monoscript/fileName/IStartupLocaleSelector.cs: 1c3b752196ad5a776a2ef5b5042697d8 -> 
  custom:scripting/monoscript/fileName/IBuildParameters.cs: 5444d4b7b91f8f230014e0b0f1d671dc -> 
  custom:scripting/monoscript/fileName/SharedTableEntryMetadata.cs: ab49a003f9af305c9b3d04a6d04dc314 -> 
  custom:scripting/monoscript/fileName/TMP_EditorPanelUI.cs: 6242af713a75147e6e5820bfce936424 -> 0c3fb43855adf1da22258c211d01a47d
  custom:scripting/monoscript/fileName/TableCreatorWindow.cs: f8c90f1bf06a3d3de09d0a7e3859c7e7 -> 
  custom:scripting/monoscript/fileName/GameViewLanguageMenu.cs: a7160950e4f733f1fe6340f3228ae820 -> 
  custom:scripting/monoscript/fileName/CacheEntry.cs: 184ec4582c6a111a6d76b26e9882d8ac -> 
  custom:scripting/monoscript/fileName/CalculateCustomDependencyData.cs: 60157e862b4f285cab819b205d1dcc68 -> 
  custom:scripting/monoscript/fileName/RawWriteOperation.cs: 0c25d4a5522f2e528b1c316a8854d37d -> 
  custom:scripting/monoscript/fileName/ManagedReferenceReorderableList.cs: 41ad29151b9c5ce20ec75e81245fce8d -> 
  custom:scripting/monoscript/fileName/TMP_InputField.cs: 8fed3480abb5543168012b207b39349b -> f7712ab842984f124274656d749eca3d
  custom:scripting/monoscript/fileName/TMP_Sprite.cs: e9945527ea1584af23f8f41ce4b844b4 -> 0ee3c386846aa132dd254421fac18cd1
  custom:scripting/monoscript/fileName/IKeyColumn.cs: 79b90bf87dc0f5620ceddf74ee199492 -> 
  custom:scripting/monoscript/fileName/IObjectDependencyData.cs: dab6b9b0a9d3dcde7acff38a7870ced5 -> 
  custom:scripting/monoscript/fileName/MetadataEditorWindow.cs: cad4bf49e0b8fe49b1c0aa5bc922ea2e -> 
  custom:scripting/monoscript/fileName/TMP_StyleSheet.cs: b6deb5f646a1f5ad7b696d32618ba797 -> de73099b6bd4b9281c92feedf1315618
  custom:scripting/monoscript/fileName/HostingServicesAddServiceWindow.cs: fd26c6703e93923a6040252fecaaecbe -> 
  custom:scripting/monoscript/fileName/PostScriptsCallback.cs: 1cec4066ff38f9052245bd85d91b727c -> 
  custom:scripting/monoscript/fileName/LocalizationEditorSettings.cs: fd3346c7d0ae3496cbe7d6a7d180b00c -> 
  custom:scripting/monoscript/fileName/TypicalCharacterSets.cs: 158b906e5ccaddc8b9ac8690d853b22c -> 
  custom:scripting/monoscript/fileName/AddressableAssetsSettingsGroupTreeView.cs: e5fe57585b0651fd01ff393bdf3e4f20 -> 
  custom:scripting/monoscript/fileName/HelpBoxFactory.cs: 8007e8c2f011b397a306593d77e7fd78 -> 
  custom:scripting/monoscript/fileName/LocalesProviderPropertyDrawer.cs: 410e8623c05c065334f8cc6b2bac7fa2 -> 
  custom:scripting/monoscript/fileName/AnalyzeSystem.cs: 128a795ef9670825919b4f5f7818fe78 -> 
  custom:scripting/monoscript/fileName/IResourceProvider.cs: 4e1072087895f7cf2b9fc9e8f681e3cf -> 4b4333faac1f035dca79aa7cb63380b6
  custom:scripting/monoscript/fileName/LocalizationTableCollectionEditor.cs: 01365640e81e8681ffc9814ec8dd8195 -> 
  custom:scripting/monoscript/fileName/IDeterministicIdentifiers.cs: 9fdfcaea74e444a0ad0fcc5b015d955f -> 
  custom:scripting/monoscript/fileName/HostingServicesListTreeView.cs: fafbbca9718fb186abd5a1dc67d1b847 -> 
  custom:scripting/monoscript/fileName/DataBuilderInterfaces.cs: f6426747b57e0f131c6179da6223d701 -> 
  custom:scripting/monoscript/fileName/TMP_PackageUtilities.cs: 029634ff6f667ebc9454d70fde4def50 -> 89e6e95503dd36070edf73e7aaab4557
  custom:scripting/monoscript/fileName/xliff 2.0.cs: 30fa30c8e08fe9ef4314fb2fc5848498 -> 
  custom:scripting/monoscript/fileName/Preferences.cs: fba8ce962f5e3675d075778c4ebed9d6 -> cf725cfda81f82351c3aee08fa8d5584
  custom:scripting/monoscript/fileName/RibbonButton.cs: cc35a659d75241a4e5c50fbc2cece8eb -> 
  custom:scripting/monoscript/fileName/TrackedProperty.cs: 508ed3c5178ba76c746242bd2b5c1dc4 -> 
  custom:scripting/monoscript/fileName/TrackedRectTransform.cs: 65c684135cad645572386a557a068ac4 -> 
  custom:scripting/monoscript/fileName/TMP_GlyphPairAdjustmentRecordPropertyDrawer.cs: 6f07d27e8ea91e29d6bd5f39dd8deb23 -> 1a07941369755af9e0a102a45e9058c5
  custom:scripting/monoscript/fileName/BuildUtility.cs: d01ca5585045ab5318364299e9827882 -> 
  custom:scripting/monoscript/fileName/BuildLauncher.cs: cd7a196a81bca174893f01effa5aecb0 -> 
  custom:scripting/monoscript/fileName/GroupResolverPropertyDrawer.cs: 0b84353927d25e3b6e72076ffc57bce9 -> 
  custom:scripting/monoscript/fileName/TupleExtensions.cs: 0d0a32df9be1ebf54d307c2e175b88e2 -> 
  custom:scripting/monoscript/fileName/VariantsPropertyDriver.cs: ff6aea2deb08c94e58b6323ef3d34b77 -> 
  custom:scripting/monoscript/fileName/AddressableAssetGroupInspector.cs: 3e935212b2fe26486c64b69f39071ac1 -> 
  custom:scripting/monoscript/fileName/CustomLocaleUIWindow.cs: 65a011f1fdcba5bf5771440fddc532e8 -> 
  custom:scripting/monoscript/fileName/IProgressTracker.cs: 59e48e9e64fc66dccd13c436990f26d1 -> 
  custom:scripting/monoscript/fileName/AddressableAssetsWindow.cs: 0ae5a5fe93f233918ab0953c3f43b6da -> 
  custom:scripting/monoscript/fileName/TMP_TextUtilities.cs: f68f97869f24792bf3a3694d69de955c -> aab2855e68416a0a1f2f8904059662aa
  custom:scripting/monoscript/fileName/ConditionalFormatter.cs: 895bd49ad724385e40df5d6f9aabba65 -> 
  custom:scripting/monoscript/fileName/Format.cs: de08f5ed5d2e8d37c71b0489b189a365 -> 
  custom:scripting/monoscript/fileName/LocalizationAssetPostProcessor.cs: 80d768316432a39b5991aad7b0205bce -> 
  custom:scripting/precompiled-assembly-types:Unity.ResourceManager: dcae2e51a059ff7053ed772bcbf9d489 -> 
  custom:scripting/monoscript/fileName/TMP_Dropdown.cs: 39f6048c754db30f2da2ea32254db16b -> ecea2f8babcb40d207d2e73158251f60
  custom:scripting/monoscript/fileName/GraphColors.cs: b18f36856baf49a6bf6d17a60891f129 -> 
  custom:scripting/monoscript/fileName/ParsingErrorEventArgs.cs: 31da2adfcbb342c0c0ef59f997401c41 -> 
  custom:scripting/monoscript/fileName/UsingLog.cs: d5de52935d92bb442d2ef04d5e9271ed -> 
  custom:scripting/monoscript/fileName/TMP_CharacterInfo.cs: d2593478681404ce2cbd40e4e2f8a6d3 -> c840ce0b0aa6c1faafb27b3b884b2328
  custom:scripting/monoscript/fileName/AutoAudioUnloader.cs: 513f6b594b03bf8e03858d518ff7cf69 -> 
  custom:scripting/monoscript/fileName/InstantiateAsset.cs: d44163c265bd65961687c7dda9c2b771 -> 
  custom:scripting/monoscript/fileName/IInstanceProvider.cs: c17f61cab582aae12b8e4f575653001d -> 
  custom:scripting/monoscript/fileName/Placeholder.cs: 6a4eed5553844ea901ffaf78dc84c413 -> 
  custom:scripting/monoscript/fileName/UsingLoadResourceLocations.cs: 458ff006fff4b677bd0ca5eae559f67a -> 
  custom:scripting/monoscript/fileName/ContentCatalogProvider.cs: b67cced6bdcda88e8bc8bafba1751ea9 -> 
  custom:scripting/monoscript/fileName/PlayerDataGroupSchema.cs: 6e16a3fdc8daa841ada1b85209f744f7 -> 
  custom:scripting/monoscript/fileName/XliffVersionPopup.cs: 8a43694b088606d76c6fb1f0c1689872 -> 
  custom:scripting/monoscript/fileName/LocaleColumns.cs: e9f25c1e29e738b9449f417f45396960 -> 
  custom:scripting/monoscript/fileName/AddressableAssetsBuildContext.cs: 356f5b7afbbe4f9d6ac7c932081259f2 -> 
  custom:scripting/monoscript/fileName/LinearPackedIdentifiers.cs: f2ab3362c1bcc1efe300438e2ca25a9c -> 
  custom:scripting/monoscript/fileName/CommonStrings.cs: c37303b8ea4b24be7afe89e3c1f096f3 -> 
  custom:scripting/monoscript/fileName/LocaleGeneratorWindow.cs: 799b2eeb79e01d5c89a29f1931eadc0b -> 
  custom:scripting/monoscript/fileName/RevertUnchangedAssetsToPreviousAssetState.cs: 460b548d6d2a27380a55b9d51aa2a91b -> 
  custom:scripting/monoscript/fileName/TMP_ListPool.cs: 8f6297df34271fdb1ce2d9607ec6261d -> 90647cc400823b41df847a6cbfc29026
  custom:scripting/monoscript/fileName/AddressableAssetBuildSettings.cs: c644429e8088e25eab8e9c6c7473dd16 -> 
  custom:scripting/monoscript/fileName/ContentUpdateScript.cs: 15966d4e73e1ff0eeef8a7e41df54762 -> 
  custom:scripting/monoscript/fileName/UpdateCatalogsOperation.cs: 22a4d3f0567324ebd120b6c47114c414 -> 
  custom:scripting/monoscript/fileName/PreloadWithProgress.cs: ea27ff46b79180ee449915c2e16c4bde -> 
  custom:scripting/monoscript/fileName/UsingLoadContentCatalog.cs: 38bd95a6b4ed2cb3d62efb083ed7d0db -> 
  custom:scripting/monoscript/fileName/AddressableAssetProfileSettings.cs: a6f00f6a629984367397b66ab11cf3e3 -> 
  custom:scripting/monoscript/fileName/ReorderableListExtended.cs: f9dc20a256c63e7f71735f925435c80b -> 
  custom:scripting/monoscript/fileName/KeyColumn.cs: 33384a623481627b39333b7f9937771e -> 
  custom:scripting/monoscript/fileName/UsingAddResourceLocator.cs: b4d8932cd48c7c3120bb8c3c860610b2 -> 
  custom:scripting/monoscript/fileName/LocalizedAsset.deprecated.cs: 90647cc400823b41df847a6cbfc29026 -> 
  custom:scripting/monoscript/fileName/MaterialReferenceManager.cs: eaedc912311d98c6b58e199f6250c848 -> c970e86594a0f568cbda548f2d4462c1
  custom:scripting/monoscript/fileName/UsingReleaseInstance.cs: c3c16d0bb36b247436faab1f884133c7 -> 
  custom:scripting/monoscript/fileName/LocalizedAssetPropertyDrawer.cs: 0bc5cc3a2b9703285d7c19793be376fc -> 
  custom:scripting/monoscript/fileName/SearchBridge.cs: 9fb5fd48519d03f863661aeae4f73963 -> 
  custom:scripting/monoscript/fileName/AssetSettingsAnalyzeTreeView.cs: 8dce9d91b61072395655d33d05e5ffbc -> 
  custom:scripting/monoscript/fileName/ITextPreProcessor.cs: 28ed6b2ca482997555fb0291bd20c40d -> a7aa94de5d5bfce2bdd74516315faaf2
  custom:scripting/monoscript/fileName/DetailsView.cs: 0b2675f54fd32b068a74f7e2e7734c07 -> 
  custom:scripting/monoscript/fileName/LocalizedReference.cs: a4da1644d2be6fb8c401848c449fae25 -> 
  custom:scripting/monoscript/fileName/LocalizedDatabase.cs: 93d371750c467e037c3ea038199d85e7 -> 
  custom:scripting/monoscript/fileName/CcdFolder.cs: 56722f7ecef4cc8e5c97ffaca6ab3b01 -> 
  custom:scripting/monoscript/fileName/CsvExtension.cs: b6375f38b3cb7554695596b1d78363bd -> 
  custom:scripting/monoscript/fileName/EditorStylesBridge.cs: 39a26f78cf8152891f3ac69835b6c9c8 -> 
  custom:scripting/monoscript/fileName/AnalyzeRuleGUI.cs: 60c2d04e6f960fbcbfd16cc17b8c19ff -> 
  custom:scripting/monoscript/fileName/ResourceProfilerWindow.cs: ca7d053306b5efbb5532faf2f4cfbabb -> 
  custom:scripting/monoscript/fileName/InitializationOperation.cs: f766b1fa87a066b35ffd7343731b6422 -> 
  custom:scripting/monoscript/fileName/BuildPlayerScripts.cs: 0f2fc29cfe25da306bd11569a87e99c9 -> 
  custom:scripting/monoscript/fileName/LocalizedStringProperty.cs: 0dbcb3bcf93b4b40f6e44a93a74938b4 -> 
  custom:scripting/monoscript/fileName/TMPro_EditorShaderUtilities.cs: 1203fb3feabf58cb81d888055364f838 -> f4cbef9348a73d49f1efb8d10ff07bf0
  custom:scripting/monoscript/fileName/DetailedLocalizationTable.cs: e69c025ad3e441f8e81e685cf7c38fee -> 
  custom:scripting/monoscript/fileName/TrackedObjectPropertyDrawer.cs: a6f38ecf4a34c8c6184c9ff9c6048b2e -> 
  custom:scripting/monoscript/fileName/BuildReportUtility.cs: 9673d408d6a745435383c0b5a61feac8 -> 
  custom:scripting/monoscript/fileName/CharacterSubstitutor.cs: a3af0b13571126405796e2f0e61ab276 -> 
  custom:scripting/monoscript/fileName/BuildWriteData.cs: 2cea0300b77fdbda33a3d90a3f600b08 -> 
  custom:scripting/monoscript/fileName/TableReferenceField.cs: 90647cc400823b41df847a6cbfc29026 -> 
  custom:scripting/monoscript/fileName/GlyphMetricsPropertyDrawer.cs: dd0833870bcea17556e6d67c750c6ffc -> 438b07e6eae795dab04c32f51ac4e752
  custom:scripting/monoscript/fileName/UsingInitializationOperation.cs: c3576808e14df573c7f940fafadca68f -> 
  custom:scripting/monoscript/fileName/AddressableAssetSettingsDefaultObject.cs: e7981c910f66dfbaf031c8ce8716e4f6 -> 
  custom:scripting/monoscript/fileName/Exceptions.cs: 412c401d1d396e1eee18cd9d9cc157b8 -> 
  custom:scripting/monoscript/fileName/LocalizeComponent_TMP.cs: e74f7f49c0b247f0cb4e02447fd7e9cc -> 
  custom:scripting/monoscript/fileName/EventGraphListView.cs: de869ea95eb3694d669a2710037bb50e -> 
  custom:scripting/monoscript/fileName/LoadSingle.cs: 880778b8117824ff44060799dd352fa2 -> 
  custom:scripting/monoscript/fileName/TableEntryData.cs: c809fff9973eeaf8b3c0d60d64b44264 -> 
  custom:scripting/monoscript/fileName/BuildLogger.cs: 43407796209bdb1c93ac5513c6439a81 -> 
  custom:scripting/monoscript/fileName/StringTableCollection.cs: 91ea2e4f7264f29a38e8e63e38c552de -> 
  custom:scripting/monoscript/fileName/AddressableAssetGroupSchemaTemplate.cs: d73ce95c2dfc9b4c0fde34851827da9b -> 
  custom:scripting/monoscript/fileName/SerializedPropertyExtensionMethods.cs: eaadf892f506a66fdf1e59610f3c67d5 -> 
  custom:scripting/monoscript/fileName/LocalizeComponent_UGUI.cs: d9dfd7c3f9441d9575953ba2de5e352e -> 
  custom:scripting/monoscript/fileName/TemplateFormatter.cs: bd24e4ce648e0cae429703c2987d84c5 -> 
  custom:scripting/monoscript/fileName/DiagnosticEvent.cs: 702c10d90db28a97fd0e8756d49db9b4 -> 
  custom:scripting/monoscript/fileName/LazyLoadExtendedExtensionMethods.cs: 34b6f5275913b9315afb87731e0bef09 -> 
  custom:scripting/monoscript/fileName/PreloadDatabaseOperation.cs: 90647cc400823b41df847a6cbfc29026 -> 
  custom:scripting/monoscript/fileName/GraphUtility.cs: 5afa00e65f4919d2ebe25a22961b605f -> 
  custom:scripting/monoscript/fileName/BuildSpriteData.cs: c829088ed78bbbb541c4780bcaac9f9e -> 
  custom:scripting/monoscript/fileName/FormattingInfo.cs: 97c0019ac7f765994c01cec0c82dd548 -> 
  custom:scripting/monoscript/fileName/Resources.cs: 806710d1bdd119505abf56504728557f -> 
  custom:scripting/monoscript/fileName/ContentUpdateGroupSchema.cs: 9e1cb9fabd3acb0df685aad9daf99311 -> 
  custom:scripting/monoscript/fileName/VirtualAssetBundle.cs: 403fdc42b77beb8d4211956d924af8e5 -> 
  custom:scripting/monoscript/fileName/SheetColumn.cs: b060370ca277620b00a8ec2a4a511a7e -> 
  custom:scripting/monoscript/fileName/IBuildCache.cs: b89b6b1c01287101de59d979a61eafa2 -> 
  custom:scripting/monoscript/fileName/DownloadError.cs: 4dad68064f707b99c6cb17716b913a42 -> 
  custom:scripting/monoscript/fileName/TMP_DefaultControls.cs: 1798ee96b3c83cf7d4cea690bb04976a -> 2673e29173eb9307fa53ee17c15332ed
  custom:scripting/monoscript/fileName/ResourceManagerConfig.cs: ba4b09dddabfb0a9908b831adcbc32da -> 
  custom:scripting/monoscript/fileName/AnalyzeWindow.cs: 789504cef1e343db279db2e1f608d50e -> 
  custom:video-encoder-webm-vp8: eb34c28f22e8b96e1ab97ce403110664 -> 
  custom:scripting/monoscript/fileName/AddressableAssetGroupSchema.cs: f12b9ab2aa4369c69d27273911963f33 -> 
  custom:scripting/monoscript/fileName/Locale.cs: de079f249b2a545788fb6d622412cf5f -> 
  custom:scripting/monoscript/fileName/ProfilerGUIUtilities.cs: 9c89115069c1afd29c613975c9a7c8eb -> 
  custom:scripting/monoscript/fileName/UsingPlayerBuildDataPath.cs: 8d88572d1e8a5540293b9d7c23c70a94 -> 
  custom:scripting/monoscript/fileName/TextWriterOutput.cs: c32c39b26b374c5d343f12e35db736e1 -> 
  custom:scripting/monoscript/fileName/DrivenPropertyManagerBridge.cs: d9cb7d8f01ffda0720c60ebedad5c7cc -> 
  custom:scripting/monoscript/fileName/SerializedTableEntryReference.cs: 311909d971b38dba9189d907c651eae6 -> 
  custom:scripting/monoscript/fileName/InstantiateReference.cs: 5403c206232c9aa90255e8ff74156031 -> 
  custom:scripting/monoscript/fileName/TMP_RichTextTagsCommon.cs: d28b21b13d6cea8fa92671f9a2a1f20d -> 5462d55f8a9ad882f9a7f2d708a6978b
  custom:scripting/monoscript/fileName/SystemLanguageConverter.cs: 4ce0159e20d0344be52acc58a00aac29 -> 
  custom:scripting/monoscript/fileName/FormatterBase.cs: ac96c2e5e2c31f72cb7ad539f401004c -> 
  custom:scripting/monoscript/fileName/TMPro_ExtensionMethods.cs: 3d34decc871f763d4c9c61f1fe0f3275 -> 479bffcc157b89693ffc4c2ef2374861
  custom:scripting/monoscript/fileName/ContextInjector.cs: be93aa05045a7a9adf91118021d7b9ef -> 
  custom:scripting/monoscript/fileName/IWriteOperation.cs: f992fc85bf839520185f31965947c71e -> 
  custom:scripting/monoscript/fileName/AssetInspectorGUIGroupsPopup.cs: e9a72325a30971ea3216354ca740e9b2 -> 
  custom:scripting/monoscript/fileName/AssetTableAnalyzeRule.cs: b7d94fe7a477914ec39421bc6fba7655 -> 
  custom:scripting/monoscript/fileName/SceneManagerState.cs: e96ca7b00cc9f087dfa5c0ffb14a37cd -> 
  custom:scripting/monoscript/fileName/ChooseFormatter.cs: 2802a0dc2450f4871bf8f9a1b2dcee6d -> 
  custom:audio-decoder-ogg-vorbis: bf7c407c2cedff20999df2af8eb42d56 -> 
  custom:scripting/monoscript/fileName/AssetReference.cs: 76bfbd8e294384c1c347c42399db9e07 -> 
  custom:scripting/monoscript/fileName/SwitchToBuildPlatform.cs: 302951eb00ef533a7f8d4e2af60b1dbb -> 
  custom:scripting/monoscript/fileName/GraphLayerBarChart.cs: 9f45f25191c95d5d2d84bd14688552c7 -> 
  custom:scripting/monoscript/fileName/Addressables.cs: 97005ecac3074f5b10ed915cd71e993c -> 
  custom:scripting/monoscript/fileName/AddressableAssetsSettingsGroupEditor.cs: f02f24c2afc8e3ef10c44d1e2d8d3575 -> 
  custom:scripting/monoscript/fileName/ArchiveAndCompressBundles.cs: a4f30b836ec7f461da7b1d8eed932e91 -> 
  custom:scripting/monoscript/fileName/PersistentVariablesSource.cs: 8a70f7886f76a206427f418e50501067 -> 
  custom:scripting/monoscript/fileName/LoadSubAssetOperation.cs: 90647cc400823b41df847a6cbfc29026 -> 
  custom:scripting/monoscript/fileName/GlobalVariableGroupList.cs: 4adc0a16a89245e475f8582d24717b1b -> 
  custom:scripting/monoscript/fileName/GenericAssetTableListView.cs: 90647cc400823b41df847a6cbfc29026 -> 
  custom:scripting/monoscript/fileName/ToggleTextExpansionButton.cs: 5e3a0de12eedaf7424fcfabba9691241 -> 
  custom:scripting/monoscript/fileName/TMPro_MeshUtilities.cs: 183dd3a7e1b70c109767dd5059a390dd -> 2237d160e4d9e81a7d899dc235029cb3
  custom:scripting/monoscript/fileName/IOutput.cs: dcaf05008d78c70ba61a8639cc3b5711 -> 
  custom:scripting/monoscript/fileName/TMP_Compatibility.cs: d5209fd9c6a9aef9cccdbfb4f06bd571 -> 3ef1f12d3c823dd740c7c596ab076c61
  custom:scripting/monoscript/fileName/MD4.cs: 78155ea9dc73b12fc02ca5bf12ab1a89 -> eb4100b4258ba66e68a6a8330d8ed4cc
  custom:scripting/monoscript/fileName/UsingLogError.cs: ca406f2ea6e5002a045b82d1fc9232ac -> 
  custom:scripting/monoscript/fileName/BuildReportListView.cs: 63024c384c55ce2d78218c30fa5b3286 -> 
  custom:scripting/monoscript/fileName/PersistentVariablesSourcePropertyDrawer.cs: 46668d182d929b302b9563cdac758c5d -> 
  custom:scripting/monoscript/fileName/SceneBundleWriteOperation.cs: 32514961e31a58db7f78c6fb8757c75f -> 
  custom:scripting/monoscript/fileName/ProviderOperation.cs: 359d3d2b7bdb2b25c440e8dd34d4c52f -> 
  custom:scripting/monoscript/fileName/ExcludeEntryFromExport.cs: 93a8a763d3ee02fc66a054b5ecfa4bf3 -> 
  custom:scripting/monoscript/fileName/LocalizationUtility.cs: 77205f56ebf7b2c2c25226cea761cbe7 -> 
  custom:scripting/monoscript/fileName/UsingLoadAsset.cs: b4c715f94f7120e3a57ccf73f3acea26 -> 
  custom:scripting/monoscript/fileName/IBuildLog.cs: 543b8847c6c9094f2d90357f2bde8b30 -> 
  custom:scripting/monoscript/fileName/UsingLogWarningFormat.cs: 76e1ccaff1c5450ad15b234ead0ba335 -> 
  custom:scripting/monoscript/fileName/AddressablesFileEnumeration.cs: bfb1f2c5ec676ce8d74e0463cda8b6f5 -> 
  custom:scripting/monoscript/fileName/TrackedObject.cs: 89213e9c6163fc9594e69e0dedf28a31 -> 
  custom:scripting/monoscript/fileName/GraphLayerBase.cs: cd1b1c7dea284c43bb00c40801ef69b4 -> 
  custom:scripting/monoscript/fileName/LocaleMetadataColumn.cs: 90647cc400823b41df847a6cbfc29026 -> 
  custom:scripting/monoscript/fileName/AssetPreviewBridge.cs: 35d3a0194ac9daf6d1ce948bec112bc6 -> 
  custom:scripting/monoscript/fileName/PreloadTablesOperation.cs: 90647cc400823b41df847a6cbfc29026 -> 
  custom:scripting/monoscript/fileName/TMP_SpriteAssetImportFormats.cs: 3cc56654a2015a96112916e9636fbe6f -> 920e3140228fbd530b0080254da22d88
  custom:scripting/monoscript/fileName/TMP_StyleAssetMenu.cs: d695e815510410a6715fa00ae5e73f57 -> 60e7743122a0686d1131101c521adac6
  custom:scripting/monoscript/fileName/TreeViewPopupWindow.cs: 71d9604f98dc014c52ef050cea09ecac -> 
  custom:scripting/monoscript/fileName/TMP_MaterialManager.cs: 1382feee688fee3eebaa5e9d7b47e98d -> 441d72ec3c04a8da6a351f60fff95465
  custom:scripting/monoscript/fileName/TMP_SpriteAsset.cs: b46309090c7f7da519ff6ef3172bd077 -> 8d06882cb45c7664f8d7c3079ee8757f
  custom:scripting/monoscript/fileName/SmartFormatter.cs: f34bc06594bdee80b269e19401b8aba4 -> 
  custom:scripting/monoscript/fileName/ProjectTablesPopup.cs: 28979e04f31961051c293d0adc51f576 -> 
  custom:scripting/monoscript/fileName/LocalizationBehaviour.cs: ded1320009016dccf0810e1c4ac54017 -> 
  custom:scripting/monoscript/fileName/IAssetRepresentationData.cs: 4fd3029c6ddc21ad01839cd63f7e8552 -> 
  custom:scripting/monoscript/fileName/UsingLoadAssetAsync.cs: 4ef31e1080fb85ec99c3382efec38d20 -> 
  custom:scripting/monoscript/fileName/KeyDataStore.cs: e3ad8b8f65521a454232ae6811a3b1bc -> 
  custom:scripting/monoscript/fileName/UsingCheckForCatalogUpdates.cs: cf1b4ffef81add1b9bd84a09f743af6e -> 
  custom:scripting/monoscript/fileName/ProfileValueReferenceDrawer.cs: 55f45d707eb32511a816eb67b4ca9229 -> 
  custom:scripting/monoscript/fileName/SmartFormatFieldIMGUI.cs: 5ca4ec6f7bfd8dd8d129196f194fe833 -> 
  custom:scripting/monoscript/fileName/AppendBundleHash.cs: 4b529c191f72e41deab5ef0b8d08bb2f -> 
  custom:scripting/monoscript/fileName/StringTableTreeViewItem.cs: c2ef9e1e64fa3773990769ae8703336d -> 
  custom:scripting/monoscript/fileName/AssetTableSearchProvider.cs: 17c3a703a89bde1dba6d6fafae9f82b0 -> 
  custom:scripting/monoscript/fileName/AudioPairTableWindow.cs: 98ddd05ada109e01fa341d326004cdcb -> 
  custom:scripting/monoscript/fileName/DrivenPropertyManagerInternalBridge.cs: c95964264208278c2ccee835a9bfa282 -> 
  custom:scripting/monoscript/fileName/LoadAllTablesOperation.cs: 90647cc400823b41df847a6cbfc29026 -> 
  custom:scripting/monoscript/fileName/UsingWebRequestOverride.cs: 2570c5e52dda08ad8a88e55c106f50b0 -> 
  custom:scripting/monoscript/fileName/GoogleSheetsExtension.cs: 5ae28c2872b3af918161cc445fb051a2 -> 
  custom:scripting/monoscript/fileName/EventViewerWindow.cs: 0be55eecbc915a9e2f41a2c41614b95a -> 
  custom:scripting/monoscript/fileName/AddressablesGUIUtility.cs: 323b19d259de4b8820765598e616714a -> 
  custom:scripting/monoscript/fileName/UsingDownloadDependencies.cs: 72cd3c673f0557b6751dd905b9872c3a -> 
  custom:scripting/monoscript/fileName/BinaryDataProvider.cs: a67f6d13810a8d73b44b9863e23d9ba0 -> 
  custom:scripting/monoscript/fileName/Serializer.cs: 6c1de1ff1b6b7616ec79b8ee1445add4 -> d7df1b97d0a3bd0bb98fd4d2d5bf5d29
  custom:scripting/monoscript/fileName/CheckSceneDupeDependencies.cs: c529005c08ddbfa31e634028937294c1 -> 
  custom:scripting/monoscript/fileName/IUpdateReceiver.cs: 48a33d839dac2a0f5c36263c421e463f -> 
  custom:scripting/monoscript/fileName/PseudoLocale.cs: 89e00a147380d9660dd1acc9b2196105 -> 
  custom:scripting/monoscript/fileName/SceneProvider.cs: 9b94da4a27e1351d1df6f2660fe324dc -> 
  custom:scripting/monoscript/fileName/AddExceptionHandler.cs: 814677db171e6aa3b4f0d7ef90229201 -> 
  custom:scripting/monoscript/fileName/BuildReportWindow.cs: a4e7973ca496740ebc9c115609f390ab -> 
  custom:scripting/monoscript/fileName/ReflectionSource.cs: 2c2fec5f34edfaf76e30e5e42c4d817a -> 
  custom:scripting/monoscript/fileName/ResourceProviderBase.cs: 62af7bda013206a02f2f9452cb0f8989 -> 
  custom:scripting/monoscript/fileName/GenerateBundlePacking.cs: e605bef1aeac04a952cb03f12b7d1b74 -> 
  custom:scripting/monoscript/fileName/Message.cs: 8a00dcc181642c768fc9c0486848903e -> 671a789acb2c7a93d0b620fe02979957
  custom:scripting/monoscript/fileName/PlayerPrefLocaleSelector.cs: 57def7a4fa3fa350e1b2df42e4784a68 -> 
  custom:scripting/monoscript/fileName/IFormattingInfo.cs: eb6d66d2caa614850a46e5daee9b3fc9 -> 
  custom:scripting/monoscript/fileName/TrackedEnumPropertyDrawer.cs: 0d5b1f0b77d16341d3a3f220fa7fa80e -> 
  custom:scripting/monoscript/fileName/LocalizedMonoBehaviour.cs: b61bb657e1c1e576571aa984fb302c97 -> 
  custom:scripting/monoscript/fileName/LocaleAnalyzeRule.cs: 88d6e40d85d4012e906e1ff810d3f034 -> 
  custom:scripting/monoscript/fileName/LocalizeStringEventEditor.cs: ccc27b38b192df11d9a2e4fb41d73621 -> 
  custom:scripting/monoscript/fileName/UsingGetDownloadSize.cs: d7599184ac35f048ee27a6210da6d7b2 -> 
  custom:scripting/monoscript/fileName/PlatformOverridePropertyDrawer.cs: e15681ffcd48f420737aa7371edcb885 -> 
  custom:scripting/monoscript/fileName/AssetReferenceDrawer.cs: 56a8795a444b37848d7999c44498794e -> 
  custom:scripting/monoscript/fileName/UnityObjectProperty.cs: 138114858cc3ac5d0de2078604fa267c -> 
  custom:scripting/monoscript/fileName/AssetAddress.cs: ac3b37217f24e8586278346d04e09cd2 -> 
  custom:scripting/monoscript/fileName/TMP_ResourcesLoader.cs: f71e35ced40721d6906e578fb6e7f0e9 -> 6f1f07799f3cfe795f955033c27f98ed
  custom:scripting/monoscript/fileName/CustomTrackedObject.cs: af5778b1246d0271acd70b951188544a -> 
  custom:scripting/monoscript/fileName/JsonSerializerTrackedObject.cs: 25de30db3ebb70fea4e5431a54bc409d -> 
  custom:scripting/monoscript/fileName/GenerateBundleMaps.cs: 9a1c9e701ac353a3e9f794fda78e0a1c -> 
  custom:scripting/monoscript/fileName/SceneStateCleanup.cs: 31db7f5f98e9a1c904a3b9e4c43aa24b -> 
  custom:scripting/monoscript/fileName/ProfileValueReference.cs: 60d7ef76945b04b56b4eafa354becd13 -> 
  custom:scripting/monoscript/fileName/RectExtensionMethods.cs: 15af90487df8dce9a257f973d6071802 -> 
  custom:scripting/monoscript/fileName/IconInfo.cs: 160b44f0d2216696ea49867ccf2eee94 -> 
  custom:scripting/monoscript/fileName/WaitForCurrentOperationAsyncOperationBase.cs: 90647cc400823b41df847a6cbfc29026 -> 
  custom:scripting/monoscript/fileName/AddressableAssetsSettingsLabelMaskPopup.cs: 15c3e60ed1f77da6c3de9dac046fb5c1 -> 
  custom:scripting/monoscript/fileName/CheckBundleDupeDependencies.cs: 374cdc2cc7c535d6809152f40c9a103c -> 
  custom:scripting/monoscript/fileName/ChainOperation.cs: 0cdf409b5aa8d4c25876d72b5c6a3b60 -> 
  custom:scripting/monoscript/fileName/DictionarySource.cs: 6f2a4bb590769345849b98dce1c07d12 -> 
  custom:scripting/monoscript/fileName/ITrackedProperty.cs: d983a936c99019a5c13fe4389682bea5 -> 
  custom:scripting/monoscript/fileName/ExporterWindow.cs: c09c3c995fa1f5bf53a1d19b5bc49001 -> 
  custom:scripting/precompiled-assembly-types:Unity.Localization.Editor: 5d2eeb14fb4858f024baf04ba6fb74ee -> 
  custom:scripting/monoscript/fileName/PseudoLocaleEditor.cs: 5289cf8f68b1016d5c16283efbb5b50e -> 
  custom:scripting/monoscript/fileName/IWriteData.cs: f2a238486c9cc3a5a9e531c07d54f232 -> 
  custom:scripting/monoscript/fileName/SubStringFormatter.cs: d27127dcdcff3d6a6bf91ad24976fb03 -> 
  custom:scripting/monoscript/fileName/GetTableEntryOperation.cs: 90647cc400823b41df847a6cbfc29026 -> 
  custom:scripting/monoscript/fileName/IResourceLocator.cs: b2e0cb99edb7f8acdfb948f7c5abcc89 -> 
  custom:scripting/monoscript/fileName/TMP_FontFeaturesCommon.cs: 89ff6ee76bb6f84827488d597e70ea5a -> 7d1db71d73353e7dd97f094c509882fa
  custom:scripting/monoscript/fileName/TMP_LineInfo.cs: 22ff02e7762110d3cc1f4bc096ea014d -> bb529d63c9723788bd7143f27cd69eaf
  custom:scripting/monoscript/fileName/LoginManager.cs: 3cc846c0f24614c9b07317b57418305e -> 
  custom:scripting/monoscript/fileName/LocalizedTablePropertyDrawer.cs: 0cdf409b5aa8d4c25876d72b5c6a3b60 -> 
  custom:scripting/monoscript/fileName/DirectoryUtility.cs: 7f3417d7d989e1073b51cdd50e2a0ba7 -> 
  custom:scripting/monoscript/fileName/WriteSerializedFiles.cs: 9c94ef6dac7108c5c9e0e92e832d5652 -> 
  custom:scripting/monoscript/fileName/BuildInterfacesWrapper.cs: aeca1257cd6ce17b667e21eeaeaba2db -> 
  custom:scripting/monoscript/fileName/VirtualAssetBundleRuntimeData.cs: 0f082cd849e6c61750c94fcc2e75e117 -> 
  custom:scripting/monoscript/fileName/ExtractDataTask.cs: a844ae830f3f5df3fb6c54ab468ddace -> 
  custom:scripting/monoscript/fileName/UsingRelease.cs: fca514b803887fb50a72e60e2edc6e73 -> 
  custom:scripting/monoscript/fileName/TMP_EditorPanel.cs: 0bd13db7cdfa07805bfadd631c0ddba8 -> 0631f68be4ca0623bf3e313ec9becbc9
  custom:scripting/monoscript/fileName/GraphDefinition.cs: e09273cb36df8ae7a46262b1952f3139 -> 
  custom:scripting/monoscript/fileName/DrivenPropertyDrawer.cs: 3773c3ef1ab8d93199226a119bcb112f -> 
  custom:scripting/monoscript/fileName/BinaryAssetProvider.cs: 90647cc400823b41df847a6cbfc29026 -> 
  custom:scripting/monoscript/fileName/Parser.cs: 082be29f569b7794c0c835c3d0290420 -> 
  custom:audio-encoder-webm-vorbis: bf7c407c2cedff20999df2af8eb42d56 -> 
  custom:scripting/monoscript/fileName/AssetBundleProvider.cs: a2949b4b16d373cfbf19d37cfdd11a8e -> 
  custom:scripting/monoscript/fileName/PreloadLocaleOperation.cs: 90647cc400823b41df847a6cbfc29026 -> 
  custom:scripting/monoscript/fileName/PersistentVariables.cs: a29cf4f8582da36b7e154c7f132e1839 -> 
  custom:scripting/monoscript/fileName/GroupOperation.cs: eee591da54a0f1ae36170f745e49c05d -> 
  custom:scripting/monoscript/fileName/LocalizedTable.deprecated.cs: 90647cc400823b41df847a6cbfc29026 -> 
  custom:scripting/monoscript/fileName/SearchStringFilters.cs: 4d7d8cf372189e17e866e05056276254 -> 
  custom:scripting/monoscript/fileName/TMP_BaseShaderGUI.cs: 2c2d4519754bb0c1dd0a107014b7ac8a -> 25118693f24c47c8a4b530b8bff26574
  custom:scripting/precompiled-assembly-types:Unity.InternalAPIEditorBridge.013: 2e95a84cb14aa75935ceeef900c171f9 -> 
  custom:scripting/monoscript/fileName/ThreadingManager.cs: c9fc7fb2e109a60745bd85a84c04e0b5 -> 
  custom:scripting/monoscript/fileName/TMP_SpriteAssetImporter.cs: 06875a6ac5102e58811218e1c5dd33ca -> 675c97d72afe988872a20f51812f7cdf
  custom:scripting/precompiled-assembly-types:Unity.Addressables.Editor: aa5183db1b9e86b063a06692248915d1 -> 
  custom:scripting/monoscript/fileName/MetadataValueFilterBlock.cs: 728f7b5fd4a16a2f63dfdd883d114e84 -> 
  custom:scripting/monoscript/fileName/BatchBuild.cs: cb06cec2249dcc7ac18c058e4b636f70 -> 
  custom:scripting/monoscript/fileName/ResourceLocationBase.cs: c3b5405c2e1e395381cef3d25640b4e4 -> 
  custom:scripting/monoscript/fileName/HostingServicesProfileVarsTreeView.cs: 7040c45d43d56a2a8ef4e6bdf18397e9 -> 
  custom:scripting/monoscript/fileName/LocalizedString.deprecated.cs: 545d485f0d4cb8821426c1d8631e66cc -> 
  custom:scripting/monoscript/fileName/MyRule.cs: fb081a8469f2db0c39e3ac021d0dc386 -> 
  custom:scripting/monoscript/fileName/TMP_SpriteAssetEditor.cs: 7dcaf47692799a91aa4e5cd439bc54d0 -> 8a42af05e85c0eed4128787976375b45
  custom:scripting/monoscript/fileName/SmartFormatTag.cs: 49a58b809bfff90c1dbbe4e12f7694dd -> 
  custom:scripting/monoscript/fileName/SerializationUtilities.cs: 8523441720eefd3a9494773eae726d9f -> 
  custom:scripting/monoscript/fileName/UsingClearResourceLocators.cs: 1faddf31e673301b425e2bd25a50715e -> 
  custom:scripting/monoscript/fileName/CustomDataBuilder.cs: d4b12c0fd8df55a189b353b991138263 -> 
  custom:scripting/monoscript/fileName/AssetLabelReferenceDrawer.cs: 62d02ad89b50d7ddfa94ad44619ed980 -> 
  custom:scripting/monoscript/fileName/AssetTableCollection.cs: 200f3008c9a542f1c46cce8de2b79cd9 -> 
  custom:scripting/monoscript/fileName/LocalizationSettingsEditor.cs: ac806a0ff0f97756d81f4b98267cefa6 -> 
  custom:scripting/monoscript/fileName/AddressableAssetsSettingsGroupEditorBuildMenu.cs: 130a166dfa91c0f499acbf93389ff033 -> 
  custom:scripting/precompiled-assembly-types:Unity.Localization: 4e068a755772d41f32e96febce1f3552 -> 
  custom:scripting/monoscript/fileName/IKeyGenerator.cs: 04122a5aea0cd6145cf09059544820d6 -> 
  custom:scripting/monoscript/fileName/StringOutput.cs: 64b5890aa803dd45d41b02c6ac0b392e -> 
  custom:scripting/monoscript/fileName/LoadWithIEnumerator.cs: 6b5b2bfd5ab0c2df9042f945ab9629fb -> 
  custom:scripting/monoscript/fileName/PathHelper.cs: cca02ea342dcb7479a5c2bbb3155289d -> 
  custom:scripting/monoscript/fileName/TMP_Character.cs: 2bff3626198e4d2228876f1e687078e0 -> 015720458ea991fbf07357eae19532db
  custom:scripting/monoscript/fileName/ExpanderPropertyDrawer.cs: 7d57d078f9777aae981799ba11cb1e11 -> 
  custom:scripting/monoscript/fileName/LiteralText.cs: 238c4ad82942ff5223bb3f444aca907f -> 
  custom:scripting/monoscript/fileName/PluralRules.cs: ecd3e05bf1b0b0dbb1bc5e1c512d3cd8 -> 
  custom:scripting/monoscript/fileName/VirtualBundledAssetProvider.cs: 1ca7323a85935ccecc1db16d28a14120 -> 
  custom:scripting/monoscript/fileName/TMP_SubMesh.cs: ff760a824537d48706351b95c8d4be21 -> 9fd75270af40187985e5c14cc85ebe42
  custom:scripting/monoscript/fileName/DataNotReadyException.cs: af9f2b47c960fba1b52f58b39c3a3a06 -> 
  custom:scripting/monoscript/fileName/EditorApplicationBridge.cs: 4838f56bab35576c09073dc719618c40 -> 
  custom:scripting/monoscript/fileName/IHostingService.cs: 6c8a878c5b16abcf226c43968fb38da8 -> 
  custom:scripting/monoscript/fileName/MainToolbar.cs: 8739d65579e16d3b3d50df04262a997b -> 162e661b90bc0601e328b0d9c9a85d04
  custom:scripting/monoscript/fileName/BuildDependencyData.cs: e86421eb6cd5a56c2f29fe865b6f6634 -> 
  custom:scripting/monoscript/fileName/AddressableAssetPostProcessor.cs: 65b31ffd1109616e5262d25a0e44e378 -> 
  custom:scripting/monoscript/fileName/UpgradeNotifications.cs: 8eb227a30469cc47fdcd13ad04b25121 -> 
  custom:scripting/monoscript/fileName/CompatibilityBuildPipeline.cs: facf82cb07a5c10c38b56a00da8757a5 -> 
  custom:scripting/monoscript/fileName/ResourceLocationMap.cs: eab26fa0984b2b8a6831e68cfc17f3ba -> 
  custom:scripting/monoscript/fileName/CheckCatalogsOperation.cs: b8f50d313d9537eebcb562d1a1693d53 -> 
  custom:scripting/precompiled-assembly-types:Assembly-CSharp: 2cbfae8b666d71ad3616fa756119a2ed -> 23d2d55aeb5a6b7315fcf0fa9120d6a2
  custom:scripting/monoscript/fileName/LoadLocation.cs: 943ae4c59d7798dc2bd5ffe4030f1aed -> 
  custom:scripting/monoscript/fileName/ReorderableList.cs: f23c68ce60a5ee883b1eed9588e9f992 -> 
  custom:scripting/monoscript/fileName/IKeyEvaluator.cs: 15673ccb00d128582325262f9311b111 -> 
  custom:scripting/monoscript/fileName/AddressablesPlayerBuildProcessor.cs: 339cbfdfac0ee359959e3c1a4e5d66bc -> 
  custom:scripting/monoscript/fileName/LegacyResourcesLocator.cs: 1678ad496fbbc5650c83b00a5a066deb -> 
  custom:scripting/monoscript/fileName/SmartFormatPools.cs: 0fb1c53ee68649c64d53ebdc9d790b71 -> 
  custom:scripting/monoscript/fileName/TMP_CoroutineTween.cs: d4d869f6662b40274a62453f83c8a425 -> 76849b8d6d4ce499ad8ffee762e4a4af
  custom:scripting/monoscript/fileName/PropertyDriver.cs: 90647cc400823b41df847a6cbfc29026 -> 
  custom:scripting/monoscript/fileName/SummaryRowBuilder.cs: ae93d6fed5d1ace44616875d65c4ce3c -> 
  custom:scripting/monoscript/fileName/TextDataProvider.cs: 43da5cf6551caea5e5114202822256d1 -> 
  custom:scripting/monoscript/fileName/ContentView.cs: c5b21a5d97cadc9ebbc0786a1877a5f2 -> 
  custom:scripting/monoscript/fileName/PrefColorBridge.cs: 4b8a7315c32333dcad0ab9f3a80ef3e3 -> 
  custom:scripting/monoscript/fileName/TMP_SpriteAnimator.cs: 126f1482d1430ed8648c2a6d8d693c6d -> bf3a797c3a059d3698e93e0031d7f11c
  custom:scripting/monoscript/fileName/TrackedTMP.cs: 3592e536161fa52aa0cba484edfc962e -> 
  custom:scripting/monoscript/fileName/IHostingServiceConfigurationProvider.cs: 37331473e3b10d53f8c2add9b2dc2b74 -> 
  custom:scripting/monoscript/fileName/LocalizedAssetTablePropertyDrawer.cs: 6694eed7cf606fe0cc7a863fc35764fb -> 
  custom:scripting/monoscript/fileName/DetailsUtility.cs: e1ed09368c21eefa172da4935add5590 -> 
  custom:scripting/monoscript/fileName/ILocationSizeData.cs: 9c09ebefcc2fd90fa5c432a2f1587b32 -> 
  custom:scripting/monoscript/fileName/CalculateAssetDependencyData.cs: 3543034cff244684ebe2b35b7e56cabb -> 
  custom:scripting/monoscript/fileName/Unity5PackedIdentifiers.cs: 2fef534b6f5a3f203548e50e8ca6fb59 -> 
  custom:scripting/monoscript/fileName/TMP_TextProcessingStack.cs: ef8795fce16f80562f220a2f8bcb6bd2 -> 6146dd1b7f9b90aa342ef9794e387c23
  custom:scripting/monoscript/fileName/GenericAssetTableTreeViewItem.cs: 90647cc400823b41df847a6cbfc29026 -> 
  custom:scripting/monoscript/fileName/StringExtensionMethods.cs: ec17f54a0baf43b7c074b0b35d3c40cb -> 
  custom:scripting/monoscript/fileName/ListExtensions.cs: 2566c9ffe9b9ebef9fddcc01c241e5f5 -> 
  custom:scripting/monoscript/fileName/UndoScope.cs: 22d6187a56d2bb6c10b344c07086931e -> edd459ea79c55637022a87b73545d8bd
  custom:scripting/monoscript/fileName/GlobalInitialization.cs: 046d98a1828b7f01ca857827b787db79 -> 
  custom:scripting/monoscript/fileName/TMP_InputValidator.cs: e99335724872b7fcd0e5352c682debe0 -> 5e0d679d98dae60baa87977011e0ed51
  custom:scripting/monoscript/fileName/DocumentationButton.cs: f4751b253ed0c3ae139c749a6af03e34 -> 
  custom:scripting/monoscript/fileName/EditorAddressablesInterface.cs: fb76fcddd9fcb861ef7e652fc11e047a -> 
  custom:scripting/monoscript/fileName/LabeledLabel.cs: 959706a9c53386f4c2ee27b4a2a0ba56 -> 
  custom:scripting/monoscript/fileName/TMP_SelectionCaret.cs: ed141b1915a10b9c7ff9136666b54ee9 -> d2a06fefe973175bffa10d62f788c481
  custom:scripting/monoscript/fileName/BuildLayoutPrinter.cs: 4318a3b2efdd745a52f83fe7236e7651 -> 
  custom:scripting/monoscript/fileName/LoadWithAddress.cs: f4fac7b896ac829ea2afe53028d9c65e -> 
  custom:scripting/monoscript/fileName/UsingInternalIdTransformFunc.cs: e63346d65e0e7f2f71398f7aa2f7468a -> 
  custom:scripting/monoscript/fileName/Preload.cs: 93368eba8de2f7459546ec623b443886 -> 
========================================================================
Received Import Request.
  Time since last request: 9.379426 seconds.
  path: Assets/Font
  artifactKey: Guid(c0c9521dd82a347498479391aa170615) Importer(815301076,1909f56bfc062723c751e8b465ee728b)
Start importing Assets/Font using Guid(c0c9521dd82a347498479391aa170615) Importer(815301076,1909f56bfc062723c751e8b465ee728b) [PhysX] Initialized MultithreadedTaskDispatcher with 16 workers.
 -> (artifact id: '509340c2284444d3424486186659d30c') in 0.002025 seconds
Number of updated asset objects reloaded before import = 0
Number of asset objects unloaded after import = 0
========================================================================
Received Import Request.
  Time since last request: 11.643216 seconds.
  path: Assets/Font/NotoSansKR-Regular.ttf
  artifactKey: Guid(6ea9804a4af7e814787b3567e3c4d2ce) Importer(815301076,1909f56bfc062723c751e8b465ee728b)
Start importing Assets/Font/NotoSansKR-Regular.ttf using Guid(6ea9804a4af7e814787b3567e3c4d2ce) Importer(815301076,1909f56bfc062723c751e8b465ee728b) [PhysX] Initialized MultithreadedTaskDispatcher with 16 workers.
[PhysX] Initialized MultithreadedTaskDispatcher with 16 workers.
[PhysX] Initialized MultithreadedTaskDispatcher with 16 workers.
 -> (artifact id: '3c7b251d33efb9b828ed011341cd1788') in 0.069031 seconds
Number of updated asset objects reloaded before import = 0
Number of asset objects unloaded after import = 4
========================================================================
Received Prepare
Caller must complete domain reload
Begin MonoManager ReloadAssembly
Symbol file LoadedFromMemory is not a mono symbol file
- Loaded All Assemblies, in  0.375 seconds
Native extension for WindowsStandalone target not found
Native extension for Android target not found
[Package Manager] Server::EnsureServerProcessIsRunning -- launch failed, reason: Unity was launched with the -noUpm command-line argument
[Package Manager] UpmClient::Send -- Unable to send message (not connected to UPM process).
[Package Manager] Cannot connect to Unity Package Manager local server
Mono: successfully reloaded assembly
- Finished resetting the current domain, in  0.757 seconds
Domain Reload Profiling: 1131ms
	BeginReloadAssembly (129ms)
		ExecutionOrderSort (0ms)
		DisableScriptedObjects (3ms)
		BackupInstance (0ms)
		ReleaseScriptingObjects (0ms)
		CreateAndSetChildDomain (31ms)
	RebuildCommonClasses (28ms)
	RebuildNativeTypeToScriptingClass (10ms)
	initialDomainReloadingComplete (21ms)
	LoadAllAssembliesAndSetupDomain (186ms)
		LoadAssemblies (236ms)
		RebuildTransferFunctionScriptingTraits (0ms)
		AnalyzeDomain (17ms)
			TypeCache.Refresh (8ms)
				TypeCache.ScanAssembly (0ms)
			ScanForSourceGeneratedMonoScriptInfo (0ms)
			ResolveRequiredComponents (7ms)
	FinalizeReload (757ms)
		ReleaseScriptCaches (0ms)
		RebuildScriptCaches (0ms)
		SetupLoadedEditorAssemblies (377ms)
			LogAssemblyErrors (0ms)
			InitializePlatformSupportModulesInManaged (13ms)
			SetLoadedEditorAssemblies (4ms)
			RefreshPlugins (0ms)
			BeforeProcessingInitializeOnLoad (64ms)
			ProcessInitializeOnLoadAttributes (273ms)
			ProcessInitializeOnLoadMethodAttributes (19ms)
			AfterProcessingInitializeOnLoad (3ms)
			EditorAssembliesLoaded (0ms)
		ExecutionOrderSort2 (0ms)
		AwakeInstancesAfterBackupRestoration (6ms)
Refreshing native plugins compatible for Editor in 2.53 ms, found 3 plugins.
Preloading 0 native plugins for Editor in 0.00 ms.
Unloading 4594 Unused Serialized files (Serialized files now loaded: 0)
Unloading 17 unused Assets / (77.2 KB). Loaded Objects now: 5181.
Memory consumption went from 158.3 MB to 158.2 MB.
Total: 5.297400 ms (FindLiveObjects: 0.518800 ms CreateObjectMapping: 0.465200 ms MarkObjects: 4.178800 ms  DeleteObjects: 0.133300 ms)

Prepare: number of updated asset objects reloaded= 0
AssetImportParameters requested are different than current active one (requested -> active):
  custom:scripting/precompiled-assembly-types:Unity.Localization.ThirdParty.Editor: 95178e8eadb293f4da50091893cf9d53 -> 
  custom:scripting/monoscript/fileName/LocalizationTableCollection.cs: 98c1a81c0da9a806061ff76bc326edf8 -> 
  custom:scripting/monoscript/fileName/MetadataCollectionField.cs: 21647fd6b98515ca69f67552fdd88ac5 -> 
  custom:scripting/monoscript/fileName/BuildParameters.cs: bd85c8a149ef959801dc7583c240bf8c -> 
  custom:scripting/monoscript/fileName/LocalizedReferencePicker.cs: 90647cc400823b41df847a6cbfc29026 -> 
  custom:scripting/monoscript/fileName/IStringProperty.cs: c1dbe0a52f0eca30efeca8212f01fdc1 -> 
  custom:scripting/monoscript/fileName/DetailsContentView.cs: d3794fb1987b771396a4634823d3c0bf -> 
  custom:scripting/monoscript/fileName/TMP_SDFShaderGUI.cs: 082588c068c6e819b94cdf417f8b7551 -> 1460619486eb6e8da302e26af5538aaa
  custom:scripting/monoscript/fileName/TMP_FontFeatureTable.cs: 5ff9812058e8c02a5b04eaa88778f2a5 -> cbd25d300d7ed4d969d60cb9f98f2826
  custom:scripting/monoscript/fileName/IBuildTasks.cs: ad73a7c5af5769af35e7121ce421c767 -> 
  custom:scripting/monoscript/fileName/LocalizationSettingsProvider.cs: 4100af71ab9514db903673a16d9f805a -> 
  custom:scripting/precompiled-assembly-types:Unity.ScriptableBuildPipeline: d3013a7ac4c7a8a2426d0dffcf800074 -> 
  custom:scripting/monoscript/fileName/SpecificLocaleSelector.cs: 41b692ef6051f446e3353d7b0d80cb48 -> 
  custom:scripting/monoscript/fileName/LoadMultiple.cs: 51f26c3f5b843468611ef6957e3eca96 -> 
  custom:scripting/monoscript/fileName/LocalizedTable.cs: 90647cc400823b41df847a6cbfc29026 -> 
  custom:scripting/monoscript/fileName/GameObjectLocalizer.cs: f176a5382365adf8f19966d474a6d825 -> 
  custom:scripting/monoscript/fileName/TMP_SubMeshUI.cs: 7a6337f74438df5e26b302bbbbc41105 -> 748262c65738bc5e1c553ae7a37a0c73
  custom:scripting/monoscript/fileName/XElementFormatter.cs: 8da73b8ab955a7a2083c303c1a926622 -> 
  custom:scripting/monoscript/fileName/ScriptAttributeUtilityBridge.cs: 2441d9a702e8216bc758cab94d83fd63 -> 
  custom:scripting/monoscript/fileName/TrackerExtensions.cs: 05c6facd03e82ea85ea8497944d142b2 -> 
  custom:scripting/monoscript/fileName/LocalizeTMP_Font.cs: e6540544505e55c7ad9cc366ff163225 -> 
  custom:scripting/monoscript/fileName/AssetTable.cs: 0358823f39cbde23bf110b2bb1fdb045 -> 
  custom:scripting/monoscript/fileName/TMPro_ContextMenus.cs: fbbbcbf9b4eb950e9aeda2d70529152c -> 06b3d4b27f337b8d846ca7117f3251e1
  custom:scripting/monoscript/fileName/xliff 1.2.cs: 556d06d32eea7cf5e8adf5234f523613 -> 
  custom:scripting/monoscript/fileName/LoadWithReference.cs: 5a4adba74d613807ccdb5ec95fc3cb23 -> 
  custom:scripting/monoscript/fileName/ComponentSingleton.cs: 90647cc400823b41df847a6cbfc29026 -> 
  custom:scripting/monoscript/fileName/PushColumnSheetRequest.cs: 265a0352dff87e03f715ae8a1254a7bb -> 
  custom:scripting/monoscript/fileName/SerializedTableReference.cs: 432db83938aea6150fd1c0c03988ce32 -> 
  custom:scripting/monoscript/fileName/FormattingErrorEventArgs.cs: 796b4de20705617cf344ca5f5f519618 -> 
  custom:scripting/monoscript/fileName/LocalizationTableEditor.cs: 7d7dd443d8c072897e90e6bd2e22b87a -> 
  custom:scripting/monoscript/fileName/TrackedUGUI.cs: 91860e34c594cdf0fbf0e16396d1e1bd -> 
  custom:scripting/monoscript/fileName/SceneDataWriteOperation.cs: 62fc06a44a6276d74f5ce5527ac1c0e7 -> 
  custom:scripting/monoscript/fileName/SmartFormatterPropertyField.cs: f49e24391d2318c08a36b9e68716e73b -> 
  custom:scripting/precompiled-assembly-types:Unity.InternalAPIEngineBridge.013: 48d4a748d9763243627307338e914c63 -> 
  custom:scripting/monoscript/fileName/TMPro_FontAssetCreatorWindow.cs: 9d68c1aab1c646cdf3e70083dc01df96 -> 0d0900483ed9b57d4ccc2ff58d1220b3
  custom:scripting/monoscript/fileName/TMP_EditorResourceManager.cs: 30391129c5b96f298e44c099ae0fab57 -> f56b80268a934198a76acc6f4cef503c
  custom:scripting/monoscript/fileName/EventListView.cs: 5096d1d7ed3c53b8f6583067a96b51ec -> 
  custom:scripting/monoscript/fileName/LocalizedAssetField.cs: cde74ba4693604c8e9f7f60a71c6013b -> 
  custom:scripting/monoscript/fileName/LoadReference.cs: 6a8c0a33eaaab0feb69cb4c6f21cdcaf -> 
  custom:scripting/monoscript/fileName/EventDataSample.cs: 3bc0f0708fb0d7ca628cca69e28808f6 -> 
  custom:scripting/monoscript/fileName/AddressableEditorInitialization.cs: e51e3839e2335bed77f54ab13e70dcc8 -> 
  custom:scripting/monoscript/fileName/MetadataAttribute.cs: 5a2c78a299b51d94e6b82bafff4f12e3 -> 
  custom:scripting/monoscript/fileName/BuildCache.cs: ed18a1a079f7380eac8245801a570733 -> 
  custom:scripting/monoscript/fileName/StringTable.cs: 4333f0d84e7de58e6fcc4fe9af0384d8 -> 
  custom:scripting/monoscript/fileName/TMP_InputFieldEditor.cs: 8f2095c37e5fd5ed563d60163f0c2e52 -> a6f05406e9cdb59679382b884c14216a
  custom:container-demuxer-ogg: 62fdf1f143b41e24485cea50d1cbac27 -> 
  custom:scripting/monoscript/fileName/InstanceProvider.cs: b8c751909210118e68c21f4366820c78 -> 
  custom:scripting/monoscript/fileName/LocalizationGroupOperation.cs: dcd21fc014cc4daec8fc626705d0d892 -> 
  custom:scripting/monoscript/fileName/LabelsContentView.cs: fec8a868a65de532b305bc5e095a661d -> 
  custom:scripting/monoscript/fileName/UsingLoadAssets.cs: ed5b3140affcc5a43fad4e18100a6145 -> 
  custom:scripting/monoscript/fileName/LegacyResourcesProvider.cs: 69bf867aeeb07c6645f96a3160f7b721 -> 
  custom:scripting/monoscript/fileName/PostWritingCallback.cs: 554018e4e98d586ae4dba2461cc09229 -> 
  custom:scripting/monoscript/fileName/SpookyHash.cs: ced234d9ef31626b6b07f6aab873119b -> 
  custom:scripting/monoscript/fileName/GenericAssetTableListViewColumns.cs: a0db5d318d5cee7f150f5d9521c2231e -> 
  custom:scripting/monoscript/fileName/LocalizeSpriteEvent.cs: 40a7808d35565a3882b2c1f0b5c5b118 -> 
  custom:scripting/monoscript/fileName/PreviewSceneDependencyData.cs: 0aa0e9fad79dc24aadab25b9d7a9b9a5 -> 
  custom:scripting/monoscript/fileName/CommonInterfaces.cs: c486f377c18bdfbdf396abd887a3b2ca -> 
  custom:scripting/monoscript/fileName/TMP_TextParsingUtilities.cs: 47331f425db7fa5c443a11c866530503 -> 8b3fe20641ae0dd97405135955c706a3
  custom:scripting/monoscript/fileName/AssetsContentView.cs: 6db402595431771fa25a0b8b68e9d9cb -> 
  custom:scripting/monoscript/fileName/SheetsServiceProviderEditor.cs: 1d02c0a315b859ac0771f65dea962152 -> 
  custom:scripting/monoscript/fileName/GoogleSheetsExtensionPropertyDrawer.cs: 3e704acec7f0a80b3d67629fff3bd3fd -> 
  custom:scripting/monoscript/fileName/LocalizationDeviceSimulatorPlugin.cs: ab6d2093fcb07bd57a1c2da1c0c3fc5a -> 
  custom:scripting/monoscript/fileName/AddressablesDataBuilderInput.cs: d0ceeca55ba9548a4e3f43d6790d194d -> 
  custom:scripting/monoscript/fileName/AddressableAssetEntry.cs: f469a40e3b92f4355e377d68de617fd6 -> 
  custom:scripting/monoscript/fileName/TableReference.cs: 2dd42d05f0d2e635ca3f909793cb02cb -> 
  custom:scripting/monoscript/fileName/XmlSource.cs: d59b707c60c8046fa998db0c168b7aa5 -> 
  custom:scripting/monoscript/fileName/BuildReportHelperConsumer.cs: 71faeae2d4769b479de182795aa67c48 -> 
  custom:scripting/monoscript/fileName/CacheInitializationSettings.cs: 842dffb763efae26f756885fe6b5ad3a -> 
  custom:scripting/monoscript/fileName/BuildLayoutHelpers.cs: a5f73d550385ddf73dd17b6147ee5b92 -> 
  custom:scripting/monoscript/fileName/LocalizedReferencePropertyDrawer.cs: 849ed7f5b11c9db237ef61b01c5a5104 -> 
  custom:scripting/monoscript/fileName/DiagnosticEventCollector.cs: 90b5791cc9b46fcf5a10ac5fc4c9840e -> 
  custom:scripting/monoscript/fileName/ValueTupleSource.cs: 7f729476d2dc073b56e33d5ec7cf1ede -> 
  custom:scripting/monoscript/fileName/SharedTableDataEditor.cs: 328172cd974aa194d94a74274ee35036 -> 
  custom:scripting/monoscript/fileName/TMP_EditorCoroutine.cs: 01d80099920d11c11bfa87417e26164b -> 04cbf5ce6e541d98265aa7668ef82832
  custom:scripting/monoscript/fileName/ProjectCollectionsTableSelector.cs: fd165369291b728f5c65750be37acfb0 -> 
  custom:scripting/monoscript/fileName/GenerateSubAssetPathMaps.cs: c7987fa236ddbc39e6da8bcfe285d7c7 -> 
  custom:scripting/monoscript/fileName/Mirror.cs: acdb3d44dedabebf1a734d238b596a72 -> 
  custom:scripting/monoscript/fileName/WebRequestOverride.cs: dc0a13b544bd5557167b8c8e1da36cb4 -> 
  custom:scripting/monoscript/fileName/StringTableListView.cs: 3e3978d7b058ebd959c049128da9f630 -> 
  custom:scripting/monoscript/fileName/KeyIdColumns.cs: 620c2d12d967c77b8de24f0716e27b61 -> 
  custom:scripting/monoscript/fileName/TMP_StyleSheetEditor.cs: b6503d890746d6150e0f267f43ce60e4 -> 38b210a450ac855df2d81ab0242c2feb
  custom:scripting/monoscript/fileName/TrackedMonoBehaviourObject.cs: 7aafd8351098f09af483004c5238929a -> 
  custom:scripting/monoscript/fileName/SheetsServiceProvider.cs: 6f5eb9aaa6b2f2b831b7e16042a44d02 -> 
  custom:scripting/monoscript/fileName/LocaleColumn.cs: da51985e6be15e19f64780a93f0e8bc3 -> 
  custom:scripting/monoscript/fileName/ISharedMetadata.cs: 6643250a143a3d0bcb778f4f165310d7 -> 
  custom:scripting/monoscript/fileName/BuildLayoutSummary.cs: 2e9b8e01c1c8d08be7289069e134160c -> 
  custom:scripting/monoscript/fileName/Mask.cs: 4fc4bb420cd9944e18a4ad603347cdc7 -> 30def7c5b8ef23ce62910d8eb0c002c6
  custom:scripting/monoscript/fileName/LocalizeComponent.cs: d58e3f743a6e4d9f306120ce43a7cdc8 -> 
  custom:scripting/monoscript/fileName/VersionedCallbackAttribute.cs: 792d43fefe55909e52271f20ce4bd5db -> 
  custom:scripting/monoscript/fileName/AddressableAssetEntryCollection.cs: d91f7661023fb4fe0b8be2bcc642540f -> 
  custom:scripting/monoscript/fileName/AddressableIconNames.cs: d618c5158b8ddbdef90ea4ee1fbe8a9b -> 
  custom:scripting/monoscript/fileName/AnalyzeRuleBase.cs: 579fe86da2565d18b84489bd10b96592 -> 
  custom:scripting/monoscript/fileName/LocalizeAudioClipEvent.cs: 6f5b511eab8536db74662876b55672fd -> 
  custom:scripting/monoscript/fileName/BuildLog.cs: f381a35baf9bd9880d2d4023ad70717e -> 
  custom:scripting/monoscript/fileName/LabelWindow.cs: a61eaab11f136631f21b256017d41b70 -> 
  custom:scripting/monoscript/fileName/AsyncOperationBase.cs: 7219b8f403b1b38f72b48ab547d013f3 -> 
  custom:scripting/monoscript/fileName/AddressableAssetSettingsInspector.cs: cf28a396c15efef0f35f2a8f2b3918e1 -> 
  custom:scripting/monoscript/fileName/ManagedReferenceUtility.cs: 598121e31c06f90cdc395a00cebfad87 -> 
  custom:scripting/monoscript/fileName/BuiltinSceneCache.cs: df9abd90abb709166038c36e804be1f2 -> 
  custom:scripting/monoscript/fileName/CleanBundleCacheOperation.cs: 685a421cddf931120074dfa7f00eee19 -> 
  custom:scripting/monoscript/fileName/ContentFileIdentifiers.cs: 7655f22dc8e01297e0fa51cc343ac6c9 -> 
  custom:scripting/monoscript/fileName/ContextualPropertyMenu.cs: 610c65a55c71e73faaaea551c67580d3 -> 
  custom:scripting/monoscript/fileName/TMPro_Private.cs: 8f6297df34271fdb1ce2d9607ec6261d -> 90647cc400823b41df847a6cbfc29026
  custom:scripting/monoscript/fileName/TMP_MeshInfo.cs: 375ed9fada55d6bf39f9352ef1dd520b -> 89833651f7d905e51b340ec2afe531d1
  custom:scripting/monoscript/fileName/BundleExplictObjectLayout.cs: 7ebaaae109881757a2cd1a5aaeb77811 -> 
  custom:scripting/monoscript/fileName/TMP_SpriteCharacter.cs: fe232bb280dddc880a01918d3502c13a -> 81dc73ff0878d6528202f8be44877b26
  custom:scripting/monoscript/fileName/TrackedMeshFilter.cs: fb5daaf3d8b8a7728930b8103cd57f15 -> 
  custom:scripting/monoscript/fileName/AddressableGroupRules.cs: e180fc35b3afe38578b0073816e56c13 -> 
  custom:scripting/monoscript/fileName/TMP_ShaderUtilities.cs: 75ec062faab558cb3190dcd3e4820547 -> 84a261643983e306d02445da38ed662f
  custom:scripting/monoscript/fileName/IDependencyData.cs: 35a83d3a80674af5f8ca402d71bd60d0 -> 
  custom:scripting/monoscript/fileName/AssetTableListView.cs: 1ec8688249f1522ea67d7e5c74809df1 -> 
  custom:scripting/monoscript/fileName/AddressablesImpl.cs: be57218b2f6d69fa0616271ca49477c1 -> 
  custom:scripting/monoscript/fileName/LocalizedAssetBehaviour.cs: 0cdf409b5aa8d4c25876d72b5c6a3b60 -> 
  custom:scripting/monoscript/fileName/AddressableScenesManager.cs: 748e55e05bbd1a8cb78604e8cbfdcf27 -> 
  custom:scripting/monoscript/fileName/InitializationObjectsOperation.cs: 9973862fa2e4f63b15f0c93d284666bc -> 
  custom:scripting/precompiled-assembly-types:Unity.Addressables.Editor.Tests.DocExampleCode: ccd82e07692b5339e0b2c7b0b09e74e4 -> 
  custom:scripting/monoscript/fileName/EventDataStream.cs: 8c5fd7099df0bbb089a6c08a72e5b2af -> 
  custom:scripting/monoscript/fileName/AddressableGroupRulesEditor.cs: 50146c216772d5faaaedc352af941b78 -> 
  custom:scripting/monoscript/fileName/IPreloadRequired.cs: e5fdf63d2d57f09a82336b92c1c5c751 -> 
  custom:scripting/monoscript/fileName/MultiColumnHeaderBridge.cs: c7504aabe2384033dd82e83d6140f97d -> 
  custom:scripting/monoscript/fileName/UsingInitialize.cs: 5f75f8ba7c7367ac4f23e07737c9cdd1 -> 
  custom:scripting/monoscript/fileName/ResourceManager.cs: 963cf602385bdad8abe64cead0fb82cd -> 
  custom:scripting/monoscript/fileName/BuildResults.cs: ea29098741349f66a5c13be22430b91a -> 
  custom:scripting/monoscript/fileName/UsingResolveInternalId.cs: e91840107bf68677f58d30b8f1994946 -> 
  custom:video-decoder-ogg-theora: a1e56fd34408186e4bbccfd4996cb3dc -> 
  custom:scripting/monoscript/fileName/TMP_UpdateManager.cs: 2b12c9b6d4082e0390a306eceed60fc6 -> fa7e71df671c5b3088b39753e4bbc70d
  custom:scripting/monoscript/fileName/TrackedTransform.cs: 50bf72421f59fa474bf723b86b240c40 -> 
  custom:scripting/monoscript/fileName/LocalizedAssetTable.cs: b8ec72bbb40e8028edc65b2aa07ebd72 -> 
  custom:scripting/monoscript/fileName/CharacterSetMenuItems.cs: 783745eb83bfb28b1bde921025d1c7e5 -> 
  custom:scripting/monoscript/fileName/TMP_EditorUtility.cs: f68b71b7543cddf9e4cdf261d5f519e5 -> b242106620cbbc38f0411146a086b885
  custom:scripting/monoscript/fileName/TMP_SpriteGlyphPropertyDrawer.cs: 4a6f1515709a40d92e24c84ec92fc53a -> 1447c7afab82cf56bc359d5c7fba114e
  custom:scripting/monoscript/fileName/MenuItems.cs: 7512a4707007649fd24eaa879fa25ada -> 36e8964894b4a740a9cbe85327eddbf8
  custom:scripting/monoscript/fileName/AddressablesDataBuilders.cs: 69454d3f41e6a4eaa6af47f23b30c8aa -> 
  custom:scripting/monoscript/fileName/WebRequestQueue.cs: 0bd7118a4a8a55d3a5dc2e3002437989 -> 
  custom:scripting/monoscript/fileName/TMP_SpriteAssetMenu.cs: a42d2dc20ed9558b36972dc6e6d71655 -> 05ea7b84320d1b77a6d1ae49c41ee9cc
  custom:scripting/monoscript/fileName/LoadScene.cs: 5f1fcf9adcc987c56d2e1526bf8546f6 -> 
  custom:scripting/monoscript/fileName/OrgData.cs: 4824c3cc00ed531062f3c2de1ed5d4c3 -> 
  custom:scripting/monoscript/fileName/LocalizedStringDatabase.cs: f6106e910dabfc0fcbc6b29176c2e343 -> 
  custom:scripting/monoscript/fileName/IsMatchFormatter.cs: 8d447004f45ff1de76de928a89dc78bc -> 
  custom:scripting/monoscript/fileName/TrackedObjectFactory.cs: 4e7dad19c0d006c8f166ada127deb619 -> 
  custom:scripting/monoscript/fileName/HashStream.cs: 79ad716994d62b2c0cafd2bf9cc6c712 -> 
  custom:scripting/monoscript/fileName/ResourceLocationData.cs: 3a2f1e257930132c4a3021b9015d202c -> 
  custom:scripting/monoscript/fileName/TMP_ColorGradient.cs: 3baf9c6d3c50fc594e68e0c756eb8779 -> 8d91c7c4749088eca69648d37a965bf8
  custom:scripting/monoscript/fileName/TMP_PreBuildProcessor.cs: d965cd4513e689cb01c0481012a89dee -> 790c12dcd4980aa978fd28fb6f89fb37
  custom:scripting/monoscript/fileName/BundledAssetGroupSchema.cs: bcb47eaa49cf63629f7b71bf29d08a18 -> 
  custom:scripting/monoscript/fileName/GraphLayerBackground.cs: bfb8c96c78a31d797ff129ad65a43b2c -> 
  custom:scripting/monoscript/fileName/IFormatterLiteralExtractor.cs: c7b177b295c5839f6f032f6fe79745d4 -> 
  custom:scripting/monoscript/fileName/HttpHostingService.cs: 6f60c8eb1b51ad3699dfa367eefd8baa -> 
  custom:scripting/monoscript/fileName/UsingInitializeAsync.cs: 08a89191ec7bc2462a7f2bca91e91546 -> 
  custom:scripting/monoscript/fileName/UsingLoadScene.cs: 4aac6ffdfbecf6cbb38e5b8a52837723 -> 
  custom:scripting/monoscript/fileName/LocalizedStringTable.cs: 5020daa86966c4938256347e73439f7d -> 
  custom:scripting/monoscript/fileName/FormatCache.cs: 73f492423593447b189ec3f09ec1d1f1 -> 
  custom:scripting/monoscript/fileName/TMP_SerializedPropertyHolder.cs: 9860586610cb3d91ae7f4ce33ab22d0b -> 99e5dbc1fa1abe750acc8166e4243be8
  custom:scripting/monoscript/fileName/AddHashToBundleNameTask.cs: ffec87a59eb17f0bbea1f4556204c4f2 -> 
  custom:scripting/monoscript/fileName/DelegateList.cs: 90647cc400823b41df847a6cbfc29026 -> 
  custom:scripting/monoscript/fileName/BuildContext.cs: 34a222ebebd3606fff156033d4c23266 -> 
  custom:scripting/monoscript/fileName/LocalizedString.cs: f2d1b488f0666bbf2e335b6af3d3d530 -> 
  custom:scripting/monoscript/fileName/DefaultBuildTasks.cs: b93cbe91f00034105b24705dc67fc837 -> 
  custom:scripting/monoscript/fileName/TMP_SpriteCharacterPropertyDrawer.cs: 63186d320ccdf4dfa06fbce4e897d3f3 -> 14565b4e4f9266584dc3194fd967d252
  custom:scripting/monoscript/fileName/IMetadata.cs: c1ff4e10770094d48a4081e88ac055f8 -> 
  custom:scripting/monoscript/fileName/TableEntryTreeView.cs: 32cd87b3a3f2fa537e014d38fc7df08c -> 
  custom:scripting/monoscript/fileName/AddressableAssetGroupTemplateInspector.cs: bc145acbf2b0f8f4239d5d21e87802ed -> 
  custom:framework-win-MediaFoundation: 216162199b28c13a410421893ffa2e32 -> 
  custom:scripting/monoscript/fileName/DelayedActionManager.cs: b215f0cc28e5b39d62597ab173ced320 -> 
  custom:scripting/monoscript/fileName/LocalizationPreferencesProvider.cs: 8b051d5b65fcafa43e1fb1663f6be25d -> 
  custom:scripting/monoscript/fileName/DropdownOptionListDrawer.cs: 342ee3f9c806e60b189c02609042c492 -> 4362475bc384312c771d88865ee2f40d
  custom:scripting/monoscript/fileName/CreateBuiltInShadersBundle.cs: e4f12aa9a6b849b3a7861bf492376679 -> 
  custom:scripting/monoscript/fileName/AsynchronousLoading.cs: 7c2e5286b3cf89ac8785f97867da5700 -> 
  custom:scripting/monoscript/fileName/AddressableAssetsBundleBuildParameters.cs: 8b3e1e658c9efb352f02ffdd7c175a3b -> 
  custom:scripting/monoscript/fileName/AssetPublishEditor.cs: 5e6fcb209f4275e87027d569b903a801 -> 
  custom:scripting/monoscript/fileName/PlayerSettingsApi.cs: e8704eb198d8f61f68729b362e34f254 -> 
  custom:scripting/monoscript/fileName/ValidationMethods.cs: 0ca38beb753f491a65475578d824a594 -> 
  custom:scripting/monoscript/fileName/GenerateLinkXml.cs: 438676c0a3ae847305e5461d0d0dfb13 -> 
  custom:scripting/monoscript/fileName/UsingInstantiate.cs: 56dbca48a54aeadd30337a75a3c60632 -> 
  custom:scripting/monoscript/fileName/ListFormatter.cs: fdf331394edd6dc75abedfc51a296d47 -> 
  custom:scripting/monoscript/fileName/UsingBuildPath.cs: 0a5d366ab7b7e113ab87035def21d7b2 -> 
  custom:scripting/monoscript/fileName/PlatformMappingService.cs: 112fe80ee263d9422a7570d41ca95c90 -> 
  custom:scripting/monoscript/fileName/LocalizationEditorEvents.cs: 773232287225044e60c0f1bae549e6a1 -> 
  custom:scripting/monoscript/fileName/FallbackLocaleHelper.cs: 7afa418648871dbd6a4c517ebdd0ed83 -> 
  custom:scripting/monoscript/fileName/TMP_CharacterPropertyDrawer.cs: 0fc1d1caf2f580e74b2224e6797250e4 -> ddc6f8909fdac3de9238e9b86e411c3e
  custom:scripting/monoscript/fileName/AssetBundleWriteOperation.cs: db3d146633bcf83272b8d8ec27708373 -> 
  custom:scripting/monoscript/fileName/SmartExtensions.cs: ffc58e2362cb7e1d23bdeab5ea32b2dc -> 
  custom:scripting/monoscript/fileName/ILocalesProvider.cs: 323d2e51541df5db5c4ae0bf2dcf0516 -> 
  custom:scripting/monoscript/fileName/TMP_FontAssetEditor.cs: ff94a59ea0ba0aa81aa8a7f307f2efd3 -> e359b61135381f6b1d7b8c7e97a930f3
  custom:scripting/monoscript/fileName/LocalizeLegacyFont.cs: 25ae0ee2d21ccbdcfd7e7513dcb29017 -> 
  custom:scripting/monoscript/fileName/BundledAssetProvider.cs: 7b2acd0dc4b920c1447f4e405e758da9 -> 
  custom:scripting/monoscript/fileName/TMP_FontAsset_CreationMenu.cs: 18345b423cea91a35f20f73f48aee7e1 -> 1c5caeb31a0df734411a201aca87cb03
  custom:scripting/monoscript/fileName/SmartFormatterLiteralCharacterExtractor.cs: 5187b1f8f9f2b2b603a778e5ed774814 -> 
  custom:scripting/monoscript/fileName/DefaultFormatter.cs: 2f641fca3cf8e52ec2e4250469e9021e -> 
  custom:scripting/monoscript/fileName/BuildScriptVirtualMode.cs: ecfa9317a4325be6ea7efafabf202d84 -> 
  custom:scripting/monoscript/fileName/DisplayNameAttribute.cs: 91e6b527b667ccefdd531618f2cc58b4 -> 
  custom:scripting/monoscript/fileName/TMP_ScrollbarEventHandler.cs: 55de10d862075cd935d8381c309f39e0 -> c015e39b5a3f1a14518ce039f30e10af
  custom:scripting/monoscript/fileName/TMP_ObjectPool.cs: 8f6297df34271fdb1ce2d9607ec6261d -> 90647cc400823b41df847a6cbfc29026
  custom:scripting/monoscript/fileName/AssetLabelReference.cs: 535c57f3a3bd81b3adc86b02034e7fda -> 
  custom:scripting/monoscript/fileName/ExtensionMethods.cs: 4642d9c802c70c033ea67f5c9fc06bdb -> 
  custom:scripting/monoscript/fileName/ResourceManagerEventCollector.cs: cf8765b1ba0f714abe2ca54744783dea -> 
  custom:scripting/monoscript/fileName/BuildScriptBase.cs: adfd9e3e356b350272d27b9a6c93a55a -> 
  custom:scripting/monoscript/fileName/TMP_FontAssetUtilities.cs: d84a52975d941e769af4ae15b3aaa211 -> 5b7a9bc9c5c56e3cb5ccc808a2bdd9e4
  custom:scripting/monoscript/fileName/UsingRuntimePath.cs: 5727713a0389a62bd6518d1b19214f2c -> 
  custom:scripting/precompiled-assembly-types:Unity.ScriptableBuildPipeline.Editor: 3ca390981bea823edbc5c52067fa8d07 -> 
  custom:scripting/monoscript/fileName/UnityEventBridge.cs: 5b44a70c8e78b8fb569a49e177c247c4 -> 
  custom:scripting/monoscript/fileName/CallbackArray.cs: 90647cc400823b41df847a6cbfc29026 -> 
  custom:scripting/monoscript/fileName/BuildScriptPackedPlayMode.cs: 376414de220a9f2aaee2505d1d67ddda -> 
  custom:scripting/monoscript/fileName/AddressableAssetSettingsLocator.cs: f52d919be3c487a83fcb39a65ed0c368 -> 
  custom:scripting/monoscript/fileName/AddressableAssetGroupTemplateInterface.cs: c6c784d5ce4db43651308dbc5a340915 -> 
  custom:scripting/monoscript/fileName/LoadWithTask.cs: fbf9e2952ed24d5098424080eefa8e8d -> 
  custom:scripting/monoscript/fileName/LocalizationTable.cs: aac3efc050d0cdb450940741052a3ea7 -> 
  custom:scripting/monoscript/fileName/AddressablesInterface.cs: 288c9154aa913af4054b6c3693e74037 -> 
  custom:scripting/monoscript/fileName/IReset.cs: 501ab81f9a42800b74fa922343b391de -> 
  custom:scripting/monoscript/fileName/AssetTypeMetadata.cs: 29d579a76583fbd1638bb7faafd49823 -> 
  custom:scripting/monoscript/fileName/AddressableAssetGroupSchemaSet.cs: 8cb8eb885b2e86eafd9d731360a75ad6 -> 
  custom:scripting/monoscript/fileName/ProgressReporter.cs: d2c61132addb533aa20f9839136801ab -> 
  custom:scripting/monoscript/fileName/CustomBuildScript.cs: ceb098f106352018dfb7471e078b2b99 -> 
  custom:scripting/monoscript/fileName/GraphLayerEventMarker.cs: 973da78a8787db14c083d53cf7575fbc -> 
  custom:scripting/monoscript/fileName/LocalizedAssetProperty.cs: 949847d1f379a93be8d09e1a779f7308 -> 
  custom:scripting/monoscript/fileName/AddressableEntryNotFoundException.cs: cbde87c12a97a247b362dfc7073c3067 -> 
  custom:scripting/monoscript/fileName/UsingResourceManager.cs: 904ba6bbe59e92b87ad14016defdb49e -> 
  custom:scripting/monoscript/fileName/PlatformOverride.cs: dffa63491a95e8ca43dc2e254731c453 -> 
  custom:scripting/monoscript/fileName/TMP_FontAssetCommon.cs: 4a5ab4d4426385ab38edd57c118cd485 -> 2b5f11ccf8aacaf9b5ea6564bf2b0d57
  custom:scripting/monoscript/fileName/AssetNotPersistentException.cs: cddacf4c8b1d93a2650d87448a19c7fd -> 
  custom:scripting/monoscript/fileName/CheckResourcesDupeDependencies.cs: 9a7363d2118556b9a749e5c87a9abb28 -> 
  custom:scripting/monoscript/fileName/FastModeInitializationOperation.cs: 3969bd66bfd96ce4f1b25d29127c7d0d -> 
  custom:scripting/monoscript/fileName/GoogleTranslationWindow.cs: 88518423a12e1fad4d87be2a62bc4438 -> 
  custom:scripting/monoscript/fileName/LinkXMLGenerator.cs: a12ef316d0e18f4f3cc0d1c12f9a8995 -> 
  custom:scripting/monoscript/fileName/PreserveTags.cs: 1c2a7fcb1fa71a6e962a345cfbb29e23 -> 
  custom:scripting/monoscript/fileName/UsingClearDependencyCacheAsync.cs: 660e6750ac312260d665d449a0194ad8 -> 
  custom:scripting/monoscript/fileName/HashingMethods.cs: 715cdfdde81dd1627a447579d5c1a2a8 -> 
  custom:scripting/monoscript/fileName/GlobalVariableGroupEditor.cs: 6e132f0f82545f49da3ad5870afe14bd -> 
  custom:scripting/monoscript/fileName/GraphicsSettingsApi.cs: e643b869c2bd158e219684eb7bac7d5a -> 
  custom:scripting/monoscript/fileName/UsingLogWarning.cs: 70e15e610f1accc23f15dc06c7ce09b4 -> 
  custom:scripting/monoscript/fileName/SceneRawWriteOperation.cs: 5a20bbe9c2135f3c677809d25231ee39 -> 
  custom:scripting/monoscript/fileName/UsingCleanBundleCache.cs: c440bddfbad5caa9fbcae77dc72674c1 -> 
  custom:scripting/monoscript/fileName/LocalizationSettingsMenuItems.cs: 750a08d0238762ff67fff634de4448f1 -> 
  custom:scripting/monoscript/fileName/IBuildReportConsumer.cs: b4374783b4f13e8fa8a35606f65fe93e -> 
  custom:scripting/monoscript/fileName/LocalizeTextureEvent.cs: dd01af048c0b2b9cea48be62555ba36a -> 
  custom:scripting/monoscript/fileName/BuildLayout.cs: 3e449370b64b375854c1a33213daf1a7 -> 
  custom:scripting/monoscript/fileName/IResourceLocation.cs: f910c20a7ea8c8aa53f2053fca98b4ce -> 
  custom:scripting/monoscript/fileName/PrefabPackedIdentifiers.cs: 88eee9e87bb381ef74e5d164ea9612c4 -> 
  custom:scripting/monoscript/fileName/UnityConnectBridge.cs: 0d7c93bc2c5ad0d42ee2286dc5174130 -> 
  custom:scripting/monoscript/fileName/AudioClipReaderWindow.cs: 55d0bff3b1f5011587f2a61146252ee6 -> 
  custom:scripting/monoscript/fileName/LocalizationBuildPlayer.cs: 85b8e10fd0ccbccd80054f8cc140970b -> 
  custom:scripting/monoscript/fileName/AddressableAssetGroupTemplate.cs: 1d8da5f1890836d608e7d5b7f3373a2f -> 
  custom:scripting/monoscript/fileName/DefaultSource.cs: ef6d54a6cbd054b4c7f94ad925bc31ef -> 
  custom:scripting/monoscript/fileName/TMP_TextInfo.cs: d86eebf32f36b8febee06365f862b403 -> 9e4eb698c4c168829682cbe659418e8f
  custom:scripting/monoscript/fileName/EventDataPlayerSession.cs: 91bc0ee1e4ffa4506b091453a9262bec -> 
  custom:scripting/monoscript/fileName/TaskCachingUtility.cs: 2abbe35728db88bbaa201e6c478a95f2 -> 
  custom:scripting/monoscript/fileName/TextContainer.cs: 4e3c016869303ab3136387f7870e5adb -> 245c032a15fbc12850861c707e37b027
  custom:scripting/monoscript/fileName/StringTableSearchProvider.cs: a655a0bba0a42f0268616b0ffe28e827 -> 
  custom:scripting/monoscript/fileName/ParsingErrors.cs: 56ee149ccf6e61574239d504a20a01d0 -> 
  custom:scripting/monoscript/fileName/CollectionExtensionAttribute.cs: e00982c3695c3b95e3e0d6f43120d792 -> 
  custom:scripting/monoscript/fileName/CalculateSceneDependencyData.cs: 104fc632ee9eb1eac0995150ef581054 -> 
  custom:scripting/precompiled-assembly-types:Newtonsoft.Json: a784019f7e79cf0f65e748d41d4ceb44 -> 
  custom:scripting/monoscript/fileName/LocalizedGameObjectEvent.cs: 045b323c574665c24fc3585de9cf75b0 -> 
  custom:scripting/monoscript/fileName/BuildContent.cs: 8b98bc58cf5574343dc7ddad95d66a2a -> 
  custom:scripting/monoscript/fileName/SmartSettings.cs: 27ce6050fa5ec694fc6fafb556f326be -> 
  custom:scripting/monoscript/fileName/IPseudoLocalizationMethod.cs: af5699a14d31a7d73a4e2eee94f838df -> 
  custom:scripting/monoscript/fileName/BundlesContentView.cs: 06261d15b4a9f40f2d13bad3fd8c0d7e -> 
  custom:scripting/monoscript/fileName/DynamicResourceLocators.cs: 1034695c180ba1f11efcc8c0af8b64d6 -> 
  custom:scripting/monoscript/fileName/AddressableAssetSettings.cs: cc9347dff1588a85ad81a10cb9a60747 -> 
  custom:scripting/monoscript/fileName/UsingInstantiateAsync.cs: 65bc448eb8ce78f7211cddccb5f5ce12 -> 
  custom:scripting/monoscript/fileName/TestStub.cs: 190796d3593eba0a9210e1127da82f56 -> 
  custom:scripting/monoscript/fileName/TMP_SubMesh_Editor.cs: 6199a3bf0c204e3bdded9f5f05415a32 -> b381eb4c2ad4ef265088242d67c5b140
  custom:scripting/monoscript/fileName/TMP_TextElement.cs: fb8354965187a75f506d9a9df85f19dd -> 5dfb95666bd41ecc32948097824aba23
  custom:scripting/monoscript/fileName/TMP_Text.cs: c453c9b4dcb2bfad1083e3b49dfa3983 -> 5cba61e283281e8dbf7dadaabcd638dc
  custom:scripting/monoscript/fileName/LocalizationTablesWindowAttributes.cs: 286f0b4482e1d46362769165de5cabf6 -> 
  custom:scripting/monoscript/fileName/TrackedLocalizedPropertyDrawer.cs: 30cdc0084858da7a1c4d211dd53bf294 -> 
  custom:CustomObjectIndexerAttribute: 9a22284fe3817be447336de3de66b15e -> 
  custom:scripting/monoscript/fileName/UsingGetDownloadSizeAsync.cs: 171c6b127177e9211a1b602a37172a09 -> 
  custom:scripting/monoscript/fileName/UsingStreamingAssetsSubFolder.cs: 32807ce3347ba269c610cfe54c4cf1db -> 
  custom:scripting/monoscript/fileName/CreateMonoScriptBundle.cs: 2583ca987d667d4dd92571cf56d8871f -> 
  custom:scripting/monoscript/fileName/Selector.cs: d1b33989cbe0f6cc110abd4d8cf04c4d -> 
  custom:scripting/monoscript/fileName/UsingLoadSceneAsync.cs: e0429df12aecdd79109f424b79f61f73 -> 
  custom:scripting/monoscript/fileName/AddressableAnalytics.cs: 8d6eaaaa8879afed7791bcb8ad0a55d6 -> 
  custom:scripting/monoscript/fileName/TimeFormatterPropertyDrawer.cs: 2deeb4cac283ce23f830b75746c99908 -> 
  custom:scripting/monoscript/fileName/AtlasSpriteProvider.cs: b13170f1a8da7c93ca0f20413670befc -> 
  custom:scripting/monoscript/fileName/LocaleIdentifierPropertyDrawer.cs: e2b3612afc461bbb74df699eb387d4b7 -> 
  custom:scripting/monoscript/fileName/StripUnusedSpriteSources.cs: 8e0de493596d68c81f185a4c7e2ecc3e -> 
  custom:scripting/monoscript/fileName/LoadWithEvent.cs: 535c3da84aced96767022f1d136a065c -> 
  custom:scripting/monoscript/fileName/CSV.cs: 970c06ec8fe2254580dd226b7b217199 -> 
  custom:scripting/monoscript/fileName/ColumnMapping.cs: 3d96c8bec9fe5e67511587a77ca9426f -> 
  custom:scripting/monoscript/fileName/TMP_PostBuildProcessHandler.cs: 728d00fd9070cbfe6d8df45c08e57305 -> c69b388004562ecb0f789fc3759d9651
  custom:scripting/monoscript/fileName/LocalizeStringEvent.cs: 420593c9668ec5a80d802c3657538065 -> 
  custom:scripting/monoscript/fileName/ProgressTracker.cs: 7cf527e59ae90a5de1d1297f2cf5b5d9 -> 
  custom:scripting/monoscript/fileName/UsingResourceLocators.cs: defb8e83edcbd6b925c1a46e603b4264 -> 
  custom:scripting/monoscript/fileName/TMP_DropdownEditor.cs: 6df138b51e278f9c93bd4976e96aa952 -> 2d907ee76ef876797c15186180266847
  custom:scripting/monoscript/fileName/HostingServicesWindow.cs: aea0a90645e2ad9918bb8f7947977cbc -> 
  custom:scripting/monoscript/fileName/AsyncOperationHandle.cs: 5f193f67e9fe132700bb16490c49fe52 -> 
  custom:scripting/monoscript/fileName/QualitySettingsApi.cs: 8a81ef3b39ef7374ffa2c64379a5666c -> 
  custom:scripting/monoscript/fileName/GenerateBundleCommands.cs: df8cc1862a26a9b8b8065412bf4da3d1 -> 
  custom:scripting/monoscript/fileName/FormatItem.cs: a682aadaa489dc0a59f4f6cf2b503a72 -> 
  custom:scripting/monoscript/fileName/DetailsListItem.cs: fc00a048fdb993f628239efc8b3b3ff0 -> 
  custom:scripting/monoscript/fileName/LabelTable.cs: 2d4def09103b938e537a18b451868393 -> 
  custom:scripting/monoscript/fileName/CharacterSubstitutorPropertyDrawer.cs: 71c115a9f4a4d88dd22a2ac05b771575 -> 
  custom:scripting/monoscript/fileName/Ribbon.cs: 7520e82ba3d55750b026206f051896a1 -> 
  custom:scripting/monoscript/fileName/GlobalVariablesSource.deprecated.cs: 1038eddbfa65bd625b25430ba4a9435d -> 
  custom:scripting/monoscript/fileName/PostPackingCallback.cs: f0f64a598e599b8fee359c8bbbbb7967 -> 
  custom:scripting/monoscript/fileName/GetLocalizedStringOperation.cs: 2a8d3385529a741749983dca123ab4e1 -> 
  custom:scripting/monoscript/fileName/GameObjectLocalizerEditor.cs: 7c072273434358bcf607004716bd9350 -> 
  custom:scripting/monoscript/fileName/LocalizationProjectSettings.cs: d9be050127f95d20e34198c62e4779b1 -> 
  custom:scripting/monoscript/fileName/AssetTableTreeViewItem.cs: e3a0f0213b98219ec7145a2e7ed4c22b -> 
  custom:container-demuxer-webm: 4f35f7cbe854078d1ac9338744f61a02 -> 
  custom:scripting/monoscript/fileName/TMP_FontAsset.cs: 52c81438acb65fa444fe26964ef0345b -> 6c1db4680a96f294cf0af87a0b8099aa
  custom:scripting/monoscript/fileName/DeSerializer.cs: 42de108158a2d64cff75d55be619c3d6 -> 
  custom:scripting/monoscript/fileName/UsingLoadContentCatalogAsync.cs: 8e4b025178d4e0172aeaad56739efe1f -> 
  custom:scripting/monoscript/fileName/TableSearchProvider.cs: 9e14c655173cfc9fafc822428d591e04 -> 
  custom:scripting/monoscript/fileName/UsingRemoveResourceLocator.cs: ffa3bb99c581ff8477018bfe8198ccbe -> 
  custom:scripting/monoscript/fileName/EditorPropertyDriver.cs: 6ab6221ea31e92f727c72f18b50d56d2 -> 
  custom:scripting/monoscript/fileName/TMP_SubMeshUI_Editor.cs: 765ce633a5bfada7c5afc51aed8631bb -> 119a633ce37cc27ac209988b5de61d96
  custom:scripting/monoscript/fileName/ListWithEvents.cs: 90647cc400823b41df847a6cbfc29026 -> 
  custom:scripting/monoscript/fileName/ProgressLoggingTracker.cs: 5d288d40f7eb670174353f8188801c70 -> 
  custom:scripting/monoscript/fileName/SerializedTypeDrawer.cs: 55704df2e1fbeb280a39857e3fe8599a -> 
  custom:scripting/monoscript/fileName/GraphLayerLabel.cs: e6bbecfb657f4306f18760a66877483c -> 
  custom:scripting/monoscript/fileName/TMP_BaseEditorPanel.cs: bf7c6aff8663a36814779dfe47e82e00 -> f4b9967705e7bb57152fef4117417ba7
  custom:scripting/monoscript/fileName/IBuildResults.cs: 8b5b87d2e7d0fe52b18dffb583edf526 -> 
  custom:scripting/monoscript/fileName/BundleRuleBase.cs: e7ef640b2d0e3626500ffc1b301ab048 -> 
  custom:scripting/monoscript/fileName/DownloadStatus.cs: 54e6ecf38c97350b7185a2dbdd2736c2 -> 
  custom:scripting/monoscript/fileName/LocaleCommentColumn.cs: b9990117b1aec64849bb0bb6c783ca3d -> 
  custom:scripting/monoscript/fileName/ProfileDataSourceDropdownWindow.cs: 0c889b1a609cf40b8fe20a3ed4bbafff -> 
  custom:scripting/monoscript/fileName/UnityWebRequestUtilities.cs: 9b8466aca40de6647ee5e3ca2db084e4 -> 
  custom:scripting/monoscript/fileName/SequentialIDGenerator.cs: d83efcc667e1071af0b2df3b9b2d5c7e -> 
  custom:scripting/monoscript/fileName/AssetUtility.cs: 9fd2b0a9ba402984d9e38d454d654b92 -> 56b81e5e2578818cf6f96d864707db64
  custom:scripting/monoscript/fileName/ProfileDataSourceSettings.cs: 5e371415d0bffd9fa1566f074827ca84 -> 
  custom:scripting/monoscript/fileName/EditorGUIUtilityBridge.cs: 6c6281d5b59dbfe7f64a4390cec64cef -> 
  custom:scripting/monoscript/fileName/MainPanelSummaryTab.cs: 28ca7ae655dc332f660c132d33be2668 -> 
  custom:scripting/monoscript/fileName/FormattingException.cs: 91b461cc7c40815d8a7c339d54be2b22 -> 
  custom:scripting/monoscript/fileName/TMP_SettingsEditor.cs: aa2b5eadaadb4b54b49cd650a2246119 -> 56bf06371df7e13c5b8cc88becb89a4d
  custom:scripting/monoscript/fileName/ProjectLocalePopupField.cs: 2224bf6801a24e4e4f2dfbd481785552 -> 
  custom:scripting/monoscript/fileName/TMP_UpdateRegistery.cs: 62691e6bdb107984e7d826316a6498e1 -> 1f23864d29c3a03d22aa9b00a337cf78
  custom:scripting/monoscript/fileName/ClusterBuildLayout.cs: 5771ce961e5c856dda3162f7e7866c51 -> 
  custom:scripting/monoscript/fileName/DumpToText.cs: 2dfe9c7754fbb721de687736d394e422 -> 
  custom:scripting/monoscript/fileName/FastAction.cs: 94d6ead813247e604740a116c5fa92db -> dfbe75b66b645b53472915ad2590af11
  custom:scripting/monoscript/fileName/TMPro_TextContainerEditor.cs: a97aca5bcf1b2486a0f60b2c7a935c42 -> b2fbc5db24221a870c4de162a712cbfe
  custom:scripting/monoscript/fileName/UsingLogException.cs: 3316b26395971abd12a4bd736d7ff4cd -> 
  custom:scripting/monoscript/fileName/BuildProfileSettingsEditor.cs: 970095181710e210a9e9390c58796570 -> 
  custom:scripting/monoscript/fileName/SheetsServiceProvider.deprecated.cs: 90647cc400823b41df847a6cbfc29026 -> 
  custom:scripting/monoscript/fileName/AddressableAssetUtility.cs: 72a93ba81003bd461d6101745b676e3e -> 
  custom:scripting/monoscript/fileName/CsvColumns.cs: f40c9a0e65e110452ca351c87c16d563 -> 
  custom:scripting/monoscript/fileName/GroupsContentView.cs: 6c0af8780f1bc0c3acee464ca49bd416 -> 
  custom:scripting/monoscript/fileName/FileRegistry.cs: c2a0e90b96356fc8b397f160fccdb0e1 -> 
  custom:scripting/monoscript/fileName/ContentCatalogData.cs: 69501017901d28c7b50ababf6ecc7e6c -> 
  custom:scripting/monoscript/fileName/TMP_TextAlignmentDrawer.cs: ad15f73780bb9949f148eddcc3c3fbf7 -> 011b7908ef5eb5e9dea532c77e85c538
  custom:scripting/monoscript/fileName/TMPro_CreateObjectMenu.cs: e9e63aff764c7e7fd08e66f87103df4d -> ddee59388caa7a56693342f3a805d427
  custom:scripting/monoscript/fileName/LocalizedAsset.cs: 7f97d498ffdfe4030eafd61d575be86e -> 
  custom:scripting/monoscript/fileName/AddressableAssetGroup.cs: 0f9c4653caddd0474511f5b3f44ee076 -> 
  custom:scripting/monoscript/fileName/TrackedLocalizeStringEvent.cs: ebad6f8edd7e9eef814e258cd129cd63 -> 
  custom:scripting/monoscript/fileName/TMP_Asset.cs: dcedda1866ab6edcf1af2d4525512628 -> 7e95c8d89188057bea8fc9569c9aa309
  custom:scripting/monoscript/fileName/LocalizedStringPropertyDrawer.cs: 25afd2cc46dd2b599a199f1e04ce3822 -> 
  custom:scripting/monoscript/fileName/xliff_core_2.0.cs: fc2057a38dfab16b8512fec9773c7f76 -> 
  custom:scripting/monoscript/fileName/ISelectorInfo.cs: 6321a5056dc9a78968a9dd0ca94ba619 -> 
  custom:scripting/monoscript/fileName/ProfileGroupType.cs: c75096844ddd488c7a0178740cfcc99e -> 
  custom:scripting/monoscript/fileName/DetailsContents.cs: 897c368e5dc4cdd93f45e1ac7d556963 -> 
  custom:scripting/monoscript/fileName/ScenePropertyTracker.cs: 86f0b3ce1098ba10b1df7fcad53bd72d -> 
  custom:scripting/monoscript/fileName/AddressableAssetEntryCollectionEditor.cs: 3573c130dc7f7334299b8beed2200c30 -> 
  custom:scripting/monoscript/fileName/TMP_ColorGradientEditor.cs: 187fe88a4e95285275d1781f1da14d92 -> ed654c9d45026a5f71e6e9535130c15f
  custom:scripting/monoscript/fileName/LocalizationSettings.cs: 0e2576b46b668ab2000f26b363c67059 -> 
  custom:scripting/monoscript/fileName/LoadSynchronously.cs: c4f0669c9aa685144c4f5b796d0b70eb -> 
  custom:scripting/monoscript/fileName/NewSheetProperties.cs: e34185a962f021141e44dc1ce093e683 -> 
  custom:scripting/monoscript/fileName/Comment.cs: 1df9b6a2a4782dd3ba7e4d56cc3fc5a5 -> 
  custom:scripting/monoscript/fileName/SceneControlsWindow.cs: 0561aa4536f52631146c6ffce9e5138b -> 
  custom:scripting/monoscript/fileName/UsingCreateCatalogLocationWithHashDependencies.cs: c7c0f0abb9e7d828fb90719576b664da -> 
  custom:scripting/monoscript/fileName/TrackedPropertyDrawer.cs: 38d2061ceb2f7db18585e8737586f66e -> 
  custom:scripting/monoscript/fileName/MonoBehaviourCallbackHooks.cs: b20ea6c878896467bc06e7a880dbeda7 -> 
  custom:scripting/monoscript/fileName/HashingHelpers.cs: 0f7aeced044c9bfbe971ac41bd6b1b1e -> 
  custom:scripting/monoscript/fileName/ProfileWindow.cs: fa1c3d799675766d6e9897b9bc0b5a97 -> 
  custom:scripting/monoscript/fileName/FileCompressor.cs: 9e176c2b40f10af0783acadfcf93a0a6 -> 
  custom:scripting/monoscript/fileName/BuildCacheUtility.cs: 2743f002ee5eaa2b245807c6d3986866 -> 
  custom:scripting/monoscript/fileName/VisualElementsWrapper.cs: 7ac1a7ea79783a0dda155d9acf8e52e7 -> 
  custom:scripting/monoscript/fileName/ContentPipeline.cs: 0099978ab3154e75ec02b02af05e3647 -> 
  custom:scripting/monoscript/fileName/DistributedUIDGenerator.cs: 037da96820b6f87792ef2e0a87c9ec34 -> 
  custom:scripting/monoscript/fileName/BuildLayoutParameters.cs: eb7c3c049a39ff038d6292e8e956a04c -> 
  custom:scripting/monoscript/fileName/IBuildSpriteData.cs: 70fcaabd919c2d8ed3f211908205c540 -> 
  custom:scripting/monoscript/fileName/IInitialize.cs: 8f41f2d3082a8cfed1a9f76a15f79086 -> 
  custom:scripting/monoscript/fileName/TMP_BitmapShaderGUI.cs: ef806c32b355e8831ed4eb3f5e3400ff -> 2ce3ac811452d1d6d82e565157cac3e2
  custom:scripting/monoscript/fileName/TMP_ColorGradientAssetMenu.cs: 79ee3689ecabb3de162f43faa3b27adc -> 83563be632f8167fcdca7878d36901f9
  custom:scripting/monoscript/fileName/HostingServicesManager.cs: bf09b4c263482a04155920012d385668 -> 
  custom:scripting/monoscript/fileName/FilterIds.cs: ab0a66942136a4dd113054af7b038da8 -> 
  custom:scripting/monoscript/fileName/CollectionExtension.cs: f8a94bffaf2831e97bfadd679b0d5d09 -> 
  custom:scripting/monoscript/fileName/BuildCallbacks.cs: e372553ccc5bfd1dd2d4f86e3433b7ac -> 
  custom:scripting/monoscript/fileName/IAddressableView.cs: 8b8bd30c6ee3cc366e6b5825b18b7a08 -> 
  custom:scripting/monoscript/fileName/BuildLayoutGenerationTask.cs: ffed48cd2d09cc55f2fb49224941b889 -> 
  custom:scripting/monoscript/fileName/AssetReferenceDrawerUtilities.cs: 351cdbf359a7cb402246cc4c26ca6bbc -> 
  custom:scripting/monoscript/fileName/LocalizationPackageExtensionsProjectSettings.cs: 286067f870046c863b249ef4c5b86d35 -> 
  custom:scripting/monoscript/fileName/FormatDelegate.cs: d674e994e02c99a6bc97e93ed08ed63e -> 
  custom:scripting/monoscript/fileName/CompatibilityAssetBundleManifest.cs: 8c821441185b5b6a41b701764a9456f7 -> 
  custom:scripting/monoscript/fileName/AssetInspectorGUI.cs: 1c2fbe684b8b981136ad78cc97e442f1 -> 
  custom:scripting/monoscript/fileName/EventDataPlayerSessionCollection.cs: aa3a5824b74762d314b052196c8121f1 -> 
  custom:scripting/monoscript/fileName/ContentUpdatePreviewWindow.cs: 328cbe5138c9fb6c1c71697205eab50f -> 
  custom:scripting/monoscript/fileName/JSONAssetProvider.cs: c98e2b214b7d3e761475613a9d6fddfc -> 
  custom:scripting/monoscript/fileName/TMP_GlyphPropertyDrawer.cs: 75006bca208b32d4fc4710404c538acf -> 56b500a16a5c8f635a7bfdd702279864
  custom:scripting/monoscript/fileName/LocalizedStringTablePropertyDrawer.cs: e886a001e705cc0705e678a1dc2ed974 -> 
  custom:scripting/monoscript/fileName/UsingLoadAssetsAsync.cs: e7c712cb92cb4bc191a413f33d87ddc0 -> 
  custom:scripting/monoscript/fileName/ProfileTreeView.cs: 12e4118bc493b83e0d991a39a1318ef6 -> 
  custom:scripting/monoscript/fileName/BuildTasksRunner.cs: 6061ed342a325c9c185a4b35bbfe23f3 -> 
  custom:scripting/monoscript/fileName/BuildExtendedAssetData.cs: 646a6ec8dded2f210e51a6a26a267c53 -> 
  custom:scripting/monoscript/fileName/TMP_SpriteGlyph.cs: 52a9bbe662618c4a5697bdefcba63d59 -> cb4cdca5a4c6415e4f27ee5280164c41
  custom:scripting/monoscript/fileName/StringBuilderPool.cs: 0a7f64ee5df8d42d8e9843f99c824cec -> 
  custom:scripting/monoscript/fileName/DetailsSummaryView.cs: aeb6ef9c87f8cedf81a2a9bdf342102f -> 
  custom:scripting/monoscript/fileName/XliffDocument.cs: 9b7826fef7f21076c2ca319420ac4d7a -> 
  custom:scripting/monoscript/fileName/MetadataCollection.cs: 3d22d318aeab2bf3c6be30164c34c5b4 -> 
  custom:scripting/monoscript/fileName/MetadataReorderableList.cs: 676fe7e50832af09353bc78a1a0a90d5 -> 
  custom:scripting/monoscript/fileName/TimeSpanUtility.cs: c268248eadf7f504ee39d36f8c2dbeba -> 
  custom:scripting/monoscript/fileName/AnalyzeRule.cs: 0616b2f44595cfd6ff277c8ca73ff9fd -> 
  custom:scripting/monoscript/fileName/DeclaringReferences.cs: 4c97197881389ed54fb27eb3f0e97327 -> 
  custom:scripting/monoscript/fileName/AssetDatabaseProvider.cs: 34efb1764c9d10e1b435aca6b8f8ab50 -> 
  custom:scripting/monoscript/fileName/PersistentVariablePropertyDrawer.cs: 5986276e917b35fbcb702081d402e633 -> 
  custom:scripting/monoscript/fileName/CacheInitializationDataDrawer.cs: 306c2f8cb1fc8b44b12a3aadd3361ffe -> 
  custom:scripting/monoscript/fileName/EditorIcons.cs: 13abce0cc692c84df4251fa74fe4a840 -> a3e3ee0982e43ced03e246e0d28ff4a2
  custom:scripting/monoscript/fileName/OperationCacheKeys.cs: a875722a6684f3c9f42fc8e71fb98086 -> 
  custom:scripting/monoscript/fileName/BuildProfiler.cs: 20a6883e13cfb1c377baf8d9ad7c7108 -> 
  custom:container-muxer-webm: aa71ff27fc2769a1b78a27578f13a17b -> 
  custom:scripting/monoscript/fileName/SharedTableCollectionMetadata.cs: c1aa8393f8c05c6f5464ccde87e55a74 -> 
  custom:scripting/monoscript/fileName/LoadTableOperation.cs: 90647cc400823b41df847a6cbfc29026 -> 
  custom:scripting/monoscript/fileName/KeyMetadataColumn.cs: 90647cc400823b41df847a6cbfc29026 -> 
  custom:scripting/monoscript/fileName/ProgressBarReporter.cs: bc323853087a9acbf94a2da59afe8082 -> 
  custom:scripting/monoscript/fileName/PluralLocalizationFormatter.cs: c373c0b16dac991baf6decafddf14513 -> 
  custom:scripting/monoscript/fileName/UsingDownloadDependenciesAsync.cs: bde825d7f2c2c85a4dd6a17f43d8e399 -> 
  custom:scripting/monoscript/fileName/GroupResolver.cs: 7792efe0547fa98ec81d1ec65abbade2 -> 
  custom:scripting/monoscript/fileName/LocaleEditor.cs: 202585e1e99bed536a79868d713acf30 -> 
  custom:scripting/monoscript/fileName/TMP_UIStyleManager.cs: f54fffa86b286da3a3329c601ca8d03e -> 66d96f3fa9ea14a5a6ed3f92d3bbe0f1
  custom:scripting/monoscript/fileName/ProjectConfigData.cs: 7921ee70ddc5c6dd7a9df8ec0c0092c7 -> 
  custom:scripting/monoscript/fileName/LoadWithLabels.cs: 804b317a87fff96d59ed63aeb6e721d6 -> 
  custom:scripting/monoscript/fileName/LocaleGeneratorListView.cs: 3257dfadf57a6fd6155e4b69c68ee152 -> 
  custom:scripting/monoscript/fileName/IBuildContext.cs: 5ff9d28c8d4a4f1b753bc76a607083bf -> 
  custom:scripting/monoscript/fileName/UsingInstanceProvider.cs: e7735e2612598c8504b3d653c19306de -> 
  custom:scripting/monoscript/fileName/Smart.cs: 5cf24fe66695f9cb989dd34006965373 -> 
  custom:scripting/monoscript/fileName/GlobalVariables.deprecated.cs: 728d6fb3b3dc77e5f3d610a9946a1b81 -> 
  custom:scripting/monoscript/fileName/CsvExtensionPropertyDrawer.cs: 9208f544b458498944fb068183667b1d -> 
  custom:scripting/monoscript/fileName/IDTransformer.cs: 550588a96657730d8404618890726064 -> 
  custom:scripting/monoscript/fileName/GoogleTranslatorAPI.cs: 1d07277978156b2b680265dfeeec5f74 -> 
  custom:scripting/monoscript/fileName/AssetReferenceUIRestriction.cs: ab1a4ace83e547a82f148902e05d9451 -> 
  custom:scripting/monoscript/fileName/FallbackLocale.cs: 647370036d8284c058069deac99405db -> 
  custom:video-decoder-webm-vp8: 9c59270c3fd7afecdb556c50c9e8de78 -> 
  custom:scripting/monoscript/fileName/UsingLogErrorFormat.cs: 8e9e0801031e74a4fd32b9b7bd2bf9d9 -> 
  custom:scripting/monoscript/fileName/DuplicatedAssetsContentView.cs: 071f6b802be913317a07b2a4ef0ee772 -> 
  custom:scripting/monoscript/fileName/DetailsSummaryBuilder.cs: ba334c0298d2d1e4c9714387e3c7aae8 -> 
  custom:scripting/monoscript/fileName/AnalyzeResultData.cs: c2f44893e38a82b7544778fbc70f6623 -> 
  custom:scripting/monoscript/fileName/ColumnSelectors.cs: 6af2063438fc3fffbfd8fd38fba2eda1 -> 
  custom:scripting/monoscript/fileName/LocalizationTablesWindow.cs: cf8c97d55d9c069dca434c69b83a65a8 -> 
  custom:scripting/monoscript/fileName/IBundleExplictObjectLayout.cs: ddaeb79a7a717f820f674015296294c0 -> 
  custom:scripting/monoscript/fileName/PostDependencyCallback.cs: eb19b86cfe0872246c64c5aa303dec70 -> 
  custom:scripting/monoscript/fileName/Expander.cs: 5781679213a06dbdf87128cb159babdf -> 
  custom:scripting/monoscript/fileName/LocalizationTableCollectionCache.cs: 2e2bd79d9fcf7fcc1fc934625c3c6b19 -> 
  custom:scripting/monoscript/fileName/BuildBundleLayout.cs: 576813ef72fead3ae460d113cf17b9a7 -> 
  custom:scripting/monoscript/fileName/CollectionNameFilterBlock.cs: 0f617309fbe56974021c72e157b39665 -> 
  custom:scripting/precompiled-assembly-types:Unity.Addressables: 6e2eb23eed52ab989518c55ebe19712f -> 
  custom:scripting/monoscript/fileName/BaseHostingService.cs: 200b06cbaa68e8641c1d85f0d10bc757 -> 
  custom:scripting/monoscript/fileName/LoadAssetOperation.cs: 90647cc400823b41df847a6cbfc29026 -> 
  custom:scripting/monoscript/fileName/TMPro_EventManager.cs: 9ebed0b1e26a8c995d644c176e696d93 -> 4c7492301243f935f7a463360f91d217
  custom:scripting/monoscript/fileName/AppInfo.cs: f759b70f2c69343fe2ecccdb6b7ec2e2 -> 
  custom:scripting/monoscript/fileName/CollectionGroupFilterBlock.cs: d219032a80c70708623b8d1cd2836132 -> 
  custom:scripting/monoscript/fileName/RebuildSpriteAtlasCache.cs: 4336dcac6b167662dc27a4b8cb534249 -> 
  custom:scripting/monoscript/fileName/GlyphRectPropertyDrawer.cs: d355023434b9b8f82f7070cb40c7c036 -> bdec415148eac17379112822c8814df5
  custom:scripting/monoscript/fileName/ISceneProvider.cs: 658a51016cbab09b1ba5c1655069810e -> 
  custom:scripting/monoscript/fileName/KeyCommentColumn.cs: 8ab66a765ba52efe7fc31fb7cd1a5b1f -> 
  custom:scripting/monoscript/fileName/TMPro_UGUI_Private.cs: 8f6297df34271fdb1ce2d9607ec6261d -> 90647cc400823b41df847a6cbfc29026
  custom:scripting/monoscript/fileName/GenerateLocationListsTask.cs: 4c17cd4ff87a2e74f5b37e68beb1034f -> 
  custom:scripting/monoscript/fileName/PackedPlayModeBuildLogs.cs: 26ca3e11f45bddf9443535bcaf190309 -> 
  custom:scripting/monoscript/fileName/IFormatter.cs: 01e87d00cb790254fdb58a2e27ad38a5 -> 
  custom:scripting/monoscript/fileName/SystemLocaleSelector.cs: c5cc06fdaa353af7e2c6696acccda057 -> 
  custom:scripting/monoscript/fileName/MiscellaneousTopics.cs: 6bab07f34ac3d7d8fae769bcdad3df67 -> 
  custom:scripting/monoscript/fileName/VariablesGroupAsset.cs: d2482a85ac31478d2b674636eed50f08 -> 
  custom:scripting/monoscript/fileName/TypeUtility.cs: 92a5a87ea5be7de38d408a4236d704e2 -> 697cbcee997ea80178c464c8fd931a69
  custom:scripting/monoscript/fileName/VirtualAssetBundleProvider.cs: 014c97404d6f15b756db08d2ee4aa738 -> 
  custom:scripting/monoscript/fileName/ReorderManipulator.cs: c3cc3283d456156a32bd889da5388366 -> 
  custom:scripting/monoscript/fileName/AddressablesRuntimeProperties.cs: 4969983b02306777c6a47ce4a11cc967 -> 
  custom:scripting/monoscript/fileName/FormatDetails.cs: 3a875893fd8613cb13205b8823f4fac3 -> 
  custom:scripting/monoscript/fileName/Xliff.cs: ef6b45730c337880390347d31b2a84a7 -> 
  custom:scripting/monoscript/fileName/UsingLogFormat.cs: 08b0763998d4e405b9da95ae8aea542e -> 
  custom:scripting/monoscript/fileName/TMP_TextElement_Legacy.cs: 33cc86d4b4c35f95c6446ea70ef56fc4 -> 6e11e173cb695b15e8cce3cd1e1cb2a7
  custom:scripting/monoscript/fileName/AddressablesBuildScriptHooks.cs: 2cbbf8974b686fe2baa61afde888f688 -> 
  custom:scripting/monoscript/fileName/Encapsulator.cs: 1e1db4fea0a4e2c44b57faa1c6dd4bfa -> 
  custom:scripting/monoscript/fileName/OperationHandleTypes.cs: 160b3da87b81856ca98f6ab136ee8d94 -> 
  custom:scripting/monoscript/fileName/BundleDetails.cs: c2ce173f3479298f0c344c217d376d24 -> 
  custom:scripting/monoscript/fileName/Accenter.cs: 90ea6834cce5f6d78bd057f9238941f6 -> 
  custom:SearchIndexIgnoredProperties: e643bd26f0fe6173181afceb89e7c659 -> 
  custom:scripting/monoscript/fileName/UpdateBundleObjectLayout.cs: d3e8743e5c2de0c9b031ff5de45c2faa -> 
  custom:scripting/monoscript/fileName/GUIUtility.cs: 4f971baa0f9d48cbd293794e0740ba9f -> 
  custom:scripting/monoscript/fileName/ReflectionExtensions.cs: 18deef64260ff7f38d0791626801b560 -> 
  custom:scripting/monoscript/fileName/SharedTableData.cs: 0321dfa863ea7dc9cb5ac00e0188432f -> 
  custom:scripting/monoscript/fileName/USerialize.cs: 6f1fb90844e336a2331e02dcaf45180a -> 
  custom:scripting/monoscript/fileName/DetailsStack.cs: 1bce17e22c9932daf94954746a7de14d -> 
  custom:scripting/monoscript/fileName/CacheInitialization.cs: 231ea051a2a92e5ba6df4a940124813d -> 
  custom:scripting/monoscript/fileName/TMP_Settings.cs: 957f1889ca66b295dca8f725cc81558d -> 68d1204aae2aa6d0a54c151b7af443e7
  custom:scripting/monoscript/fileName/TableTreeView.cs: 78ce28c6b954a09dd71f4c11ab7bbaae -> 
  custom:scripting/monoscript/fileName/LocalesProvider.cs: f7bf849209e180db8054724ee686358f -> 
  custom:scripting/monoscript/fileName/TMPro_SortingLayerHelper.cs: e3aabd077ed12370ac46dda129ef572e -> 8b86ad735987eff6a1277352e9e8d9b6
  custom:scripting/monoscript/fileName/EventDataSet.cs: 219643b14b32f828cebbb2d2ae9fdc7d -> 
  custom:scripting/monoscript/fileName/UsingUnloadSceneAsync.cs: 0bc46c9a1a51d2f8fb2486ce957ad990 -> 
  custom:scripting/monoscript/fileName/UnityEvents.cs: b0e2675a6c0568ce9542790c6e41312b -> 93e3e01e1fc330c62462aa41b286117b
  custom:AudioImporter_EditorPlatform: d09bf68614088b80899f8185d706f6e7 -> 
  custom:scripting/monoscript/fileName/ResourceManagerRuntimeData.cs: 1b7a8a6c7dd023adb09d5675c09d77d6 -> 
  custom:scripting/monoscript/fileName/GoogleSheets.cs: 7f0f9fdedc2ed9e03c1e8497270d9e4a -> 
  custom:scripting/monoscript/fileName/BuildScriptPackedMode.cs: 407a5958a595f4becac3b0cc930fc7a2 -> 
  custom:scripting/monoscript/fileName/PreloadAssetTableMetadata.cs: c595287f8069eb3ccd0af10de5541d79 -> 
  custom:scripting/monoscript/fileName/TaskTimerReporter.cs: 1092576eede58a2418e17f1357b78f6a -> 
  custom:scripting/monoscript/fileName/CommandLineLocaleSelector.cs: c4841077c37069c678d9d656dc0d9455 -> 
  custom:scripting/monoscript/fileName/SystemTime.cs: 989b75921b4f0db5d1aa4f8edabc4363 -> 
  custom:scripting/monoscript/fileName/IGraphLayer.cs: a76f5bd30e23aa5de9f5dc8a7b4efcf0 -> 
  custom:scripting/monoscript/fileName/TypeVersionCheck.cs: 47108c4bb576b50bf383edcb36a61cb6 -> 
  custom:scripting/monoscript/fileName/TreeBuilder.cs: 36b82ae8a43ef47082a423bad7e418ea -> 
  custom:scripting/monoscript/fileName/ISource.cs: c65c24084d429f67ca8753d1e0381364 -> 
  custom:scripting/monoscript/fileName/VariableInterfaces.cs: 10b8c0228a4fe29f9029171fd54f9576 -> 
  custom:scripting/monoscript/fileName/LocalizedAssetDatabase.cs: 3c0f7009033bdd415fc479957937b721 -> 
  custom:scripting/monoscript/fileName/AddressHelper.cs: b53c1a445f5afb9fc6dd620741d0a126 -> 
  custom:scripting/monoscript/fileName/TMP_ResourcesManager.cs: 0d972ba50c38c5b25fe15fb0c61ada2b -> 64252a073d41e9c6f4e95b5f68ac966c
  custom:scripting/monoscript/fileName/TMPro_TexturePostProcessor.cs: d21743efde4e74198703a65b965619ea -> 0750ad2b775120fa59f760172dc340ad
  custom:scripting/monoscript/fileName/UsingLoadResourceLocationsAsync.cs: 740c22efc58708343ed3593e99a08437 -> 
  custom:scripting/monoscript/fileName/BinaryStorageBuffer.cs: aea5e9a2d05029c76f9f73a17b287e21 -> 
  custom:scripting/monoscript/fileName/ResourceManagerCacheWindow.cs: e6140759c281f8efb60128561ae796f5 -> 
  custom:scripting/monoscript/fileName/PropertyDrawerExtended.cs: 54be72df0da399fe9a9cb381ccabf367 -> 
  custom:scripting/monoscript/fileName/TMP_PackageResourceImporter.cs: 5335f4ee7041812300af31a777e4f584 -> 949b6e7fa2132b400d5c4aaf9c34421a
  custom:scripting/monoscript/fileName/TimeFormatter.cs: 21db6b05cfeb66cb0e0b65e44585475d -> 
  custom:scripting/monoscript/fileName/IBuildContent.cs: 985433c3d816b7fe3356ac6fdd88a9c1 -> 
  custom:scripting/monoscript/fileName/MetadataTypeFilterBlock.cs: 1bff0ccf759564feaa35b99a044dc6fc -> 
  custom:scripting/monoscript/fileName/ExportCharacterSetWindow.cs: 706a16bf0fdb4ea73952c05b012a340b -> 
  custom:scripting/monoscript/fileName/AddressableReadOnlyAttribute.cs: 914c40d4b7e39c112d1393ac0c92b23a -> 
  custom:scripting/monoscript/fileName/PlatformUtilities.cs: 235a1dc9d5a05ec2d866fa311b4cb464 -> 
  custom:scripting/monoscript/fileName/AudioPairTableEditor.cs: 5491ca35bb6d1d629a8478693b9a5df0 -> 
  custom:scripting/monoscript/fileName/UnityWebRequestOperation.cs: 48ce9539f5ab38dbacd1aa0c1352711a -> 
  custom:scripting/monoscript/fileName/AudioPairTable.cs: 1bc6fd0b97b7c9be79518bc0a2fe2b11 -> 
  custom:scripting/monoscript/fileName/ITaskReporter.cs: 222334d27bb058e41592f4c2006132eb -> 
  custom:scripting/monoscript/fileName/TMP_Style.cs: 22d5739edd705d10f980250dcfd7fde0 -> ecc9948baa78373f3076151d1a0642d9
  custom:scripting/monoscript/fileName/xliff-core-1.2-strict.cs: 8f8a4b34cd31e442f3d19a26c24a463a -> 
  custom:scripting/monoscript/fileName/BuildScriptFastMode.cs: 256d014c225478a7ec3003a9ee45d090 -> 
  custom:scripting/monoscript/fileName/StringTableAnalyzeRule.cs: cd9668db3501f87c8d1ec3d7a16e492a -> 
  custom:scripting/monoscript/fileName/UsingGetLocatorInfo.cs: cc431c9ece90188d6cf534e6d841e634 -> 
  custom:scripting/monoscript/fileName/IStartupLocaleSelector.cs: 1c3b752196ad5a776a2ef5b5042697d8 -> 
  custom:scripting/monoscript/fileName/IBuildParameters.cs: 5444d4b7b91f8f230014e0b0f1d671dc -> 
  custom:scripting/monoscript/fileName/SharedTableEntryMetadata.cs: ab49a003f9af305c9b3d04a6d04dc314 -> 
  custom:scripting/monoscript/fileName/TMP_EditorPanelUI.cs: 6242af713a75147e6e5820bfce936424 -> 0c3fb43855adf1da22258c211d01a47d
  custom:scripting/monoscript/fileName/TableCreatorWindow.cs: f8c90f1bf06a3d3de09d0a7e3859c7e7 -> 
  custom:scripting/monoscript/fileName/GameViewLanguageMenu.cs: a7160950e4f733f1fe6340f3228ae820 -> 
  custom:scripting/monoscript/fileName/CacheEntry.cs: 184ec4582c6a111a6d76b26e9882d8ac -> 
  custom:scripting/monoscript/fileName/CalculateCustomDependencyData.cs: 60157e862b4f285cab819b205d1dcc68 -> 
  custom:scripting/monoscript/fileName/RawWriteOperation.cs: 0c25d4a5522f2e528b1c316a8854d37d -> 
  custom:scripting/monoscript/fileName/ManagedReferenceReorderableList.cs: 41ad29151b9c5ce20ec75e81245fce8d -> 
  custom:scripting/monoscript/fileName/TMP_InputField.cs: 8fed3480abb5543168012b207b39349b -> f7712ab842984f124274656d749eca3d
  custom:scripting/monoscript/fileName/TMP_Sprite.cs: e9945527ea1584af23f8f41ce4b844b4 -> 0ee3c386846aa132dd254421fac18cd1
  custom:scripting/monoscript/fileName/IKeyColumn.cs: 79b90bf87dc0f5620ceddf74ee199492 -> 
  custom:scripting/monoscript/fileName/IObjectDependencyData.cs: dab6b9b0a9d3dcde7acff38a7870ced5 -> 
  custom:scripting/monoscript/fileName/MetadataEditorWindow.cs: cad4bf49e0b8fe49b1c0aa5bc922ea2e -> 
  custom:scripting/monoscript/fileName/TMP_StyleSheet.cs: b6deb5f646a1f5ad7b696d32618ba797 -> de73099b6bd4b9281c92feedf1315618
  custom:scripting/monoscript/fileName/HostingServicesAddServiceWindow.cs: fd26c6703e93923a6040252fecaaecbe -> 
  custom:scripting/monoscript/fileName/PostScriptsCallback.cs: 1cec4066ff38f9052245bd85d91b727c -> 
  custom:scripting/monoscript/fileName/LocalizationEditorSettings.cs: fd3346c7d0ae3496cbe7d6a7d180b00c -> 
  custom:scripting/monoscript/fileName/TypicalCharacterSets.cs: 158b906e5ccaddc8b9ac8690d853b22c -> 
  custom:scripting/monoscript/fileName/AddressableAssetsSettingsGroupTreeView.cs: e5fe57585b0651fd01ff393bdf3e4f20 -> 
  custom:scripting/monoscript/fileName/HelpBoxFactory.cs: 8007e8c2f011b397a306593d77e7fd78 -> 
  custom:scripting/monoscript/fileName/LocalesProviderPropertyDrawer.cs: 410e8623c05c065334f8cc6b2bac7fa2 -> 
  custom:scripting/monoscript/fileName/AnalyzeSystem.cs: 128a795ef9670825919b4f5f7818fe78 -> 
  custom:scripting/monoscript/fileName/IResourceProvider.cs: 4e1072087895f7cf2b9fc9e8f681e3cf -> 4b4333faac1f035dca79aa7cb63380b6
  custom:scripting/monoscript/fileName/LocalizationTableCollectionEditor.cs: 01365640e81e8681ffc9814ec8dd8195 -> 
  custom:scripting/monoscript/fileName/IDeterministicIdentifiers.cs: 9fdfcaea74e444a0ad0fcc5b015d955f -> 
  custom:scripting/monoscript/fileName/HostingServicesListTreeView.cs: fafbbca9718fb186abd5a1dc67d1b847 -> 
  custom:scripting/monoscript/fileName/DataBuilderInterfaces.cs: f6426747b57e0f131c6179da6223d701 -> 
  custom:scripting/monoscript/fileName/TMP_PackageUtilities.cs: 029634ff6f667ebc9454d70fde4def50 -> 89e6e95503dd36070edf73e7aaab4557
  custom:scripting/monoscript/fileName/xliff 2.0.cs: 30fa30c8e08fe9ef4314fb2fc5848498 -> 
  custom:scripting/monoscript/fileName/Preferences.cs: fba8ce962f5e3675d075778c4ebed9d6 -> cf725cfda81f82351c3aee08fa8d5584
  custom:scripting/monoscript/fileName/RibbonButton.cs: cc35a659d75241a4e5c50fbc2cece8eb -> 
  custom:scripting/monoscript/fileName/TrackedProperty.cs: 508ed3c5178ba76c746242bd2b5c1dc4 -> 
  custom:scripting/monoscript/fileName/TrackedRectTransform.cs: 65c684135cad645572386a557a068ac4 -> 
  custom:scripting/monoscript/fileName/TMP_GlyphPairAdjustmentRecordPropertyDrawer.cs: 6f07d27e8ea91e29d6bd5f39dd8deb23 -> 1a07941369755af9e0a102a45e9058c5
  custom:scripting/monoscript/fileName/BuildUtility.cs: d01ca5585045ab5318364299e9827882 -> 
  custom:scripting/monoscript/fileName/BuildLauncher.cs: cd7a196a81bca174893f01effa5aecb0 -> 
  custom:scripting/monoscript/fileName/GroupResolverPropertyDrawer.cs: 0b84353927d25e3b6e72076ffc57bce9 -> 
  custom:scripting/monoscript/fileName/TupleExtensions.cs: 0d0a32df9be1ebf54d307c2e175b88e2 -> 
  custom:scripting/monoscript/fileName/VariantsPropertyDriver.cs: ff6aea2deb08c94e58b6323ef3d34b77 -> 
  custom:scripting/monoscript/fileName/AddressableAssetGroupInspector.cs: 3e935212b2fe26486c64b69f39071ac1 -> 
  custom:scripting/monoscript/fileName/CustomLocaleUIWindow.cs: 65a011f1fdcba5bf5771440fddc532e8 -> 
  custom:scripting/monoscript/fileName/IProgressTracker.cs: 59e48e9e64fc66dccd13c436990f26d1 -> 
  custom:scripting/monoscript/fileName/AddressableAssetsWindow.cs: 0ae5a5fe93f233918ab0953c3f43b6da -> 
  custom:scripting/monoscript/fileName/TMP_TextUtilities.cs: f68f97869f24792bf3a3694d69de955c -> aab2855e68416a0a1f2f8904059662aa
  custom:scripting/monoscript/fileName/ConditionalFormatter.cs: 895bd49ad724385e40df5d6f9aabba65 -> 
  custom:scripting/monoscript/fileName/Format.cs: de08f5ed5d2e8d37c71b0489b189a365 -> 
  custom:scripting/monoscript/fileName/LocalizationAssetPostProcessor.cs: 80d768316432a39b5991aad7b0205bce -> 
  custom:scripting/precompiled-assembly-types:Unity.ResourceManager: dcae2e51a059ff7053ed772bcbf9d489 -> 
  custom:scripting/monoscript/fileName/TMP_Dropdown.cs: 39f6048c754db30f2da2ea32254db16b -> ecea2f8babcb40d207d2e73158251f60
  custom:scripting/monoscript/fileName/GraphColors.cs: b18f36856baf49a6bf6d17a60891f129 -> 
  custom:scripting/monoscript/fileName/ParsingErrorEventArgs.cs: 31da2adfcbb342c0c0ef59f997401c41 -> 
  custom:scripting/monoscript/fileName/UsingLog.cs: d5de52935d92bb442d2ef04d5e9271ed -> 
  custom:scripting/monoscript/fileName/TMP_CharacterInfo.cs: d2593478681404ce2cbd40e4e2f8a6d3 -> c840ce0b0aa6c1faafb27b3b884b2328
  custom:scripting/monoscript/fileName/AutoAudioUnloader.cs: 513f6b594b03bf8e03858d518ff7cf69 -> 
  custom:scripting/monoscript/fileName/InstantiateAsset.cs: d44163c265bd65961687c7dda9c2b771 -> 
  custom:scripting/monoscript/fileName/IInstanceProvider.cs: c17f61cab582aae12b8e4f575653001d -> 
  custom:scripting/monoscript/fileName/Placeholder.cs: 6a4eed5553844ea901ffaf78dc84c413 -> 
  custom:scripting/monoscript/fileName/UsingLoadResourceLocations.cs: 458ff006fff4b677bd0ca5eae559f67a -> 
  custom:scripting/monoscript/fileName/ContentCatalogProvider.cs: b67cced6bdcda88e8bc8bafba1751ea9 -> 
  custom:scripting/monoscript/fileName/PlayerDataGroupSchema.cs: 6e16a3fdc8daa841ada1b85209f744f7 -> 
  custom:scripting/monoscript/fileName/XliffVersionPopup.cs: 8a43694b088606d76c6fb1f0c1689872 -> 
  custom:scripting/monoscript/fileName/LocaleColumns.cs: e9f25c1e29e738b9449f417f45396960 -> 
  custom:scripting/monoscript/fileName/AddressableAssetsBuildContext.cs: 356f5b7afbbe4f9d6ac7c932081259f2 -> 
  custom:scripting/monoscript/fileName/LinearPackedIdentifiers.cs: f2ab3362c1bcc1efe300438e2ca25a9c -> 
  custom:scripting/monoscript/fileName/CommonStrings.cs: c37303b8ea4b24be7afe89e3c1f096f3 -> 
  custom:scripting/monoscript/fileName/LocaleGeneratorWindow.cs: 799b2eeb79e01d5c89a29f1931eadc0b -> 
  custom:scripting/monoscript/fileName/RevertUnchangedAssetsToPreviousAssetState.cs: 460b548d6d2a27380a55b9d51aa2a91b -> 
  custom:scripting/monoscript/fileName/TMP_ListPool.cs: 8f6297df34271fdb1ce2d9607ec6261d -> 90647cc400823b41df847a6cbfc29026
  custom:scripting/monoscript/fileName/AddressableAssetBuildSettings.cs: c644429e8088e25eab8e9c6c7473dd16 -> 
  custom:scripting/monoscript/fileName/ContentUpdateScript.cs: 15966d4e73e1ff0eeef8a7e41df54762 -> 
  custom:scripting/monoscript/fileName/UpdateCatalogsOperation.cs: 22a4d3f0567324ebd120b6c47114c414 -> 
  custom:scripting/monoscript/fileName/PreloadWithProgress.cs: ea27ff46b79180ee449915c2e16c4bde -> 
  custom:scripting/monoscript/fileName/UsingLoadContentCatalog.cs: 38bd95a6b4ed2cb3d62efb083ed7d0db -> 
  custom:scripting/monoscript/fileName/AddressableAssetProfileSettings.cs: a6f00f6a629984367397b66ab11cf3e3 -> 
  custom:scripting/monoscript/fileName/ReorderableListExtended.cs: f9dc20a256c63e7f71735f925435c80b -> 
  custom:scripting/monoscript/fileName/KeyColumn.cs: 33384a623481627b39333b7f9937771e -> 
  custom:scripting/monoscript/fileName/UsingAddResourceLocator.cs: b4d8932cd48c7c3120bb8c3c860610b2 -> 
  custom:scripting/monoscript/fileName/LocalizedAsset.deprecated.cs: 90647cc400823b41df847a6cbfc29026 -> 
  custom:scripting/monoscript/fileName/MaterialReferenceManager.cs: eaedc912311d98c6b58e199f6250c848 -> c970e86594a0f568cbda548f2d4462c1
  custom:scripting/monoscript/fileName/UsingReleaseInstance.cs: c3c16d0bb36b247436faab1f884133c7 -> 
  custom:scripting/monoscript/fileName/LocalizedAssetPropertyDrawer.cs: 0bc5cc3a2b9703285d7c19793be376fc -> 
  custom:scripting/monoscript/fileName/SearchBridge.cs: 9fb5fd48519d03f863661aeae4f73963 -> 
  custom:scripting/monoscript/fileName/AssetSettingsAnalyzeTreeView.cs: 8dce9d91b61072395655d33d05e5ffbc -> 
  custom:scripting/monoscript/fileName/ITextPreProcessor.cs: 28ed6b2ca482997555fb0291bd20c40d -> a7aa94de5d5bfce2bdd74516315faaf2
  custom:scripting/monoscript/fileName/DetailsView.cs: 0b2675f54fd32b068a74f7e2e7734c07 -> 
  custom:scripting/monoscript/fileName/LocalizedReference.cs: a4da1644d2be6fb8c401848c449fae25 -> 
  custom:scripting/monoscript/fileName/LocalizedDatabase.cs: 93d371750c467e037c3ea038199d85e7 -> 
  custom:scripting/monoscript/fileName/CcdFolder.cs: 56722f7ecef4cc8e5c97ffaca6ab3b01 -> 
  custom:scripting/monoscript/fileName/CsvExtension.cs: b6375f38b3cb7554695596b1d78363bd -> 
  custom:scripting/monoscript/fileName/EditorStylesBridge.cs: 39a26f78cf8152891f3ac69835b6c9c8 -> 
  custom:scripting/monoscript/fileName/AnalyzeRuleGUI.cs: 60c2d04e6f960fbcbfd16cc17b8c19ff -> 
  custom:scripting/monoscript/fileName/ResourceProfilerWindow.cs: ca7d053306b5efbb5532faf2f4cfbabb -> 
  custom:scripting/monoscript/fileName/InitializationOperation.cs: f766b1fa87a066b35ffd7343731b6422 -> 
  custom:scripting/monoscript/fileName/BuildPlayerScripts.cs: 0f2fc29cfe25da306bd11569a87e99c9 -> 
  custom:scripting/monoscript/fileName/LocalizedStringProperty.cs: 0dbcb3bcf93b4b40f6e44a93a74938b4 -> 
  custom:scripting/monoscript/fileName/TMPro_EditorShaderUtilities.cs: 1203fb3feabf58cb81d888055364f838 -> f4cbef9348a73d49f1efb8d10ff07bf0
  custom:scripting/monoscript/fileName/DetailedLocalizationTable.cs: e69c025ad3e441f8e81e685cf7c38fee -> 
  custom:scripting/monoscript/fileName/TrackedObjectPropertyDrawer.cs: a6f38ecf4a34c8c6184c9ff9c6048b2e -> 
  custom:scripting/monoscript/fileName/BuildReportUtility.cs: 9673d408d6a745435383c0b5a61feac8 -> 
  custom:scripting/monoscript/fileName/CharacterSubstitutor.cs: a3af0b13571126405796e2f0e61ab276 -> 
  custom:scripting/monoscript/fileName/BuildWriteData.cs: 2cea0300b77fdbda33a3d90a3f600b08 -> 
  custom:scripting/monoscript/fileName/TableReferenceField.cs: 90647cc400823b41df847a6cbfc29026 -> 
  custom:scripting/monoscript/fileName/GlyphMetricsPropertyDrawer.cs: dd0833870bcea17556e6d67c750c6ffc -> 438b07e6eae795dab04c32f51ac4e752
  custom:scripting/monoscript/fileName/UsingInitializationOperation.cs: c3576808e14df573c7f940fafadca68f -> 
  custom:scripting/monoscript/fileName/AddressableAssetSettingsDefaultObject.cs: e7981c910f66dfbaf031c8ce8716e4f6 -> 
  custom:scripting/monoscript/fileName/Exceptions.cs: 412c401d1d396e1eee18cd9d9cc157b8 -> 
  custom:scripting/monoscript/fileName/LocalizeComponent_TMP.cs: e74f7f49c0b247f0cb4e02447fd7e9cc -> 
  custom:scripting/monoscript/fileName/EventGraphListView.cs: de869ea95eb3694d669a2710037bb50e -> 
  custom:scripting/monoscript/fileName/LoadSingle.cs: 880778b8117824ff44060799dd352fa2 -> 
  custom:scripting/monoscript/fileName/TableEntryData.cs: c809fff9973eeaf8b3c0d60d64b44264 -> 
  custom:scripting/monoscript/fileName/BuildLogger.cs: 43407796209bdb1c93ac5513c6439a81 -> 
  custom:scripting/monoscript/fileName/StringTableCollection.cs: 91ea2e4f7264f29a38e8e63e38c552de -> 
  custom:scripting/monoscript/fileName/AddressableAssetGroupSchemaTemplate.cs: d73ce95c2dfc9b4c0fde34851827da9b -> 
  custom:scripting/monoscript/fileName/SerializedPropertyExtensionMethods.cs: eaadf892f506a66fdf1e59610f3c67d5 -> 
  custom:scripting/monoscript/fileName/LocalizeComponent_UGUI.cs: d9dfd7c3f9441d9575953ba2de5e352e -> 
  custom:scripting/monoscript/fileName/TemplateFormatter.cs: bd24e4ce648e0cae429703c2987d84c5 -> 
  custom:scripting/monoscript/fileName/DiagnosticEvent.cs: 702c10d90db28a97fd0e8756d49db9b4 -> 
  custom:scripting/monoscript/fileName/LazyLoadExtendedExtensionMethods.cs: 34b6f5275913b9315afb87731e0bef09 -> 
  custom:scripting/monoscript/fileName/PreloadDatabaseOperation.cs: 90647cc400823b41df847a6cbfc29026 -> 
  custom:scripting/monoscript/fileName/GraphUtility.cs: 5afa00e65f4919d2ebe25a22961b605f -> 
  custom:scripting/monoscript/fileName/BuildSpriteData.cs: c829088ed78bbbb541c4780bcaac9f9e -> 
  custom:scripting/monoscript/fileName/FormattingInfo.cs: 97c0019ac7f765994c01cec0c82dd548 -> 
  custom:scripting/monoscript/fileName/Resources.cs: 806710d1bdd119505abf56504728557f -> 
  custom:scripting/monoscript/fileName/ContentUpdateGroupSchema.cs: 9e1cb9fabd3acb0df685aad9daf99311 -> 
  custom:scripting/monoscript/fileName/VirtualAssetBundle.cs: 403fdc42b77beb8d4211956d924af8e5 -> 
  custom:scripting/monoscript/fileName/SheetColumn.cs: b060370ca277620b00a8ec2a4a511a7e -> 
  custom:scripting/monoscript/fileName/IBuildCache.cs: b89b6b1c01287101de59d979a61eafa2 -> 
  custom:scripting/monoscript/fileName/DownloadError.cs: 4dad68064f707b99c6cb17716b913a42 -> 
  custom:scripting/monoscript/fileName/TMP_DefaultControls.cs: 1798ee96b3c83cf7d4cea690bb04976a -> 2673e29173eb9307fa53ee17c15332ed
  custom:scripting/monoscript/fileName/ResourceManagerConfig.cs: ba4b09dddabfb0a9908b831adcbc32da -> 
  custom:scripting/monoscript/fileName/AnalyzeWindow.cs: 789504cef1e343db279db2e1f608d50e -> 
  custom:video-encoder-webm-vp8: eb34c28f22e8b96e1ab97ce403110664 -> 
  custom:scripting/monoscript/fileName/AddressableAssetGroupSchema.cs: f12b9ab2aa4369c69d27273911963f33 -> 
  custom:scripting/monoscript/fileName/Locale.cs: de079f249b2a545788fb6d622412cf5f -> 
  custom:scripting/monoscript/fileName/ProfilerGUIUtilities.cs: 9c89115069c1afd29c613975c9a7c8eb -> 
  custom:scripting/monoscript/fileName/UsingPlayerBuildDataPath.cs: 8d88572d1e8a5540293b9d7c23c70a94 -> 
  custom:scripting/monoscript/fileName/TextWriterOutput.cs: c32c39b26b374c5d343f12e35db736e1 -> 
  custom:scripting/monoscript/fileName/DrivenPropertyManagerBridge.cs: d9cb7d8f01ffda0720c60ebedad5c7cc -> 
  custom:scripting/monoscript/fileName/SerializedTableEntryReference.cs: 311909d971b38dba9189d907c651eae6 -> 
  custom:scripting/monoscript/fileName/InstantiateReference.cs: 5403c206232c9aa90255e8ff74156031 -> 
  custom:scripting/monoscript/fileName/TMP_RichTextTagsCommon.cs: d28b21b13d6cea8fa92671f9a2a1f20d -> 5462d55f8a9ad882f9a7f2d708a6978b
  custom:scripting/monoscript/fileName/SystemLanguageConverter.cs: 4ce0159e20d0344be52acc58a00aac29 -> 
  custom:scripting/monoscript/fileName/FormatterBase.cs: ac96c2e5e2c31f72cb7ad539f401004c -> 
  custom:scripting/monoscript/fileName/TMPro_ExtensionMethods.cs: 3d34decc871f763d4c9c61f1fe0f3275 -> 479bffcc157b89693ffc4c2ef2374861
  custom:scripting/monoscript/fileName/ContextInjector.cs: be93aa05045a7a9adf91118021d7b9ef -> 
  custom:scripting/monoscript/fileName/IWriteOperation.cs: f992fc85bf839520185f31965947c71e -> 
  custom:scripting/monoscript/fileName/AssetInspectorGUIGroupsPopup.cs: e9a72325a30971ea3216354ca740e9b2 -> 
  custom:scripting/monoscript/fileName/AssetTableAnalyzeRule.cs: b7d94fe7a477914ec39421bc6fba7655 -> 
  custom:scripting/monoscript/fileName/SceneManagerState.cs: e96ca7b00cc9f087dfa5c0ffb14a37cd -> 
  custom:scripting/monoscript/fileName/ChooseFormatter.cs: 2802a0dc2450f4871bf8f9a1b2dcee6d -> 
  custom:audio-decoder-ogg-vorbis: bf7c407c2cedff20999df2af8eb42d56 -> 
  custom:scripting/monoscript/fileName/AssetReference.cs: 76bfbd8e294384c1c347c42399db9e07 -> 
  custom:scripting/monoscript/fileName/SwitchToBuildPlatform.cs: 302951eb00ef533a7f8d4e2af60b1dbb -> 
  custom:scripting/monoscript/fileName/GraphLayerBarChart.cs: 9f45f25191c95d5d2d84bd14688552c7 -> 
  custom:scripting/monoscript/fileName/Addressables.cs: 97005ecac3074f5b10ed915cd71e993c -> 
  custom:scripting/monoscript/fileName/AddressableAssetsSettingsGroupEditor.cs: f02f24c2afc8e3ef10c44d1e2d8d3575 -> 
  custom:scripting/monoscript/fileName/ArchiveAndCompressBundles.cs: a4f30b836ec7f461da7b1d8eed932e91 -> 
  custom:scripting/monoscript/fileName/PersistentVariablesSource.cs: 8a70f7886f76a206427f418e50501067 -> 
  custom:scripting/monoscript/fileName/LoadSubAssetOperation.cs: 90647cc400823b41df847a6cbfc29026 -> 
  custom:scripting/monoscript/fileName/GlobalVariableGroupList.cs: 4adc0a16a89245e475f8582d24717b1b -> 
  custom:scripting/monoscript/fileName/GenericAssetTableListView.cs: 90647cc400823b41df847a6cbfc29026 -> 
  custom:scripting/monoscript/fileName/ToggleTextExpansionButton.cs: 5e3a0de12eedaf7424fcfabba9691241 -> 
  custom:scripting/monoscript/fileName/TMPro_MeshUtilities.cs: 183dd3a7e1b70c109767dd5059a390dd -> 2237d160e4d9e81a7d899dc235029cb3
  custom:scripting/monoscript/fileName/IOutput.cs: dcaf05008d78c70ba61a8639cc3b5711 -> 
  custom:scripting/monoscript/fileName/TMP_Compatibility.cs: d5209fd9c6a9aef9cccdbfb4f06bd571 -> 3ef1f12d3c823dd740c7c596ab076c61
  custom:scripting/monoscript/fileName/MD4.cs: 78155ea9dc73b12fc02ca5bf12ab1a89 -> eb4100b4258ba66e68a6a8330d8ed4cc
  custom:scripting/monoscript/fileName/UsingLogError.cs: ca406f2ea6e5002a045b82d1fc9232ac -> 
  custom:scripting/monoscript/fileName/BuildReportListView.cs: 63024c384c55ce2d78218c30fa5b3286 -> 
  custom:scripting/monoscript/fileName/PersistentVariablesSourcePropertyDrawer.cs: 46668d182d929b302b9563cdac758c5d -> 
  custom:scripting/monoscript/fileName/SceneBundleWriteOperation.cs: 32514961e31a58db7f78c6fb8757c75f -> 
  custom:scripting/monoscript/fileName/ProviderOperation.cs: 359d3d2b7bdb2b25c440e8dd34d4c52f -> 
  custom:scripting/monoscript/fileName/ExcludeEntryFromExport.cs: 93a8a763d3ee02fc66a054b5ecfa4bf3 -> 
  custom:scripting/monoscript/fileName/LocalizationUtility.cs: 77205f56ebf7b2c2c25226cea761cbe7 -> 
  custom:scripting/monoscript/fileName/UsingLoadAsset.cs: b4c715f94f7120e3a57ccf73f3acea26 -> 
  custom:scripting/monoscript/fileName/IBuildLog.cs: 543b8847c6c9094f2d90357f2bde8b30 -> 
  custom:scripting/monoscript/fileName/UsingLogWarningFormat.cs: 76e1ccaff1c5450ad15b234ead0ba335 -> 
  custom:scripting/monoscript/fileName/AddressablesFileEnumeration.cs: bfb1f2c5ec676ce8d74e0463cda8b6f5 -> 
  custom:scripting/monoscript/fileName/TrackedObject.cs: 89213e9c6163fc9594e69e0dedf28a31 -> 
  custom:scripting/monoscript/fileName/GraphLayerBase.cs: cd1b1c7dea284c43bb00c40801ef69b4 -> 
  custom:scripting/monoscript/fileName/LocaleMetadataColumn.cs: 90647cc400823b41df847a6cbfc29026 -> 
  custom:scripting/monoscript/fileName/AssetPreviewBridge.cs: 35d3a0194ac9daf6d1ce948bec112bc6 -> 
  custom:scripting/monoscript/fileName/PreloadTablesOperation.cs: 90647cc400823b41df847a6cbfc29026 -> 
  custom:scripting/monoscript/fileName/TMP_SpriteAssetImportFormats.cs: 3cc56654a2015a96112916e9636fbe6f -> 920e3140228fbd530b0080254da22d88
  custom:scripting/monoscript/fileName/TMP_StyleAssetMenu.cs: d695e815510410a6715fa00ae5e73f57 -> 60e7743122a0686d1131101c521adac6
  custom:scripting/monoscript/fileName/TreeViewPopupWindow.cs: 71d9604f98dc014c52ef050cea09ecac -> 
  custom:scripting/monoscript/fileName/TMP_MaterialManager.cs: 1382feee688fee3eebaa5e9d7b47e98d -> 441d72ec3c04a8da6a351f60fff95465
  custom:scripting/monoscript/fileName/TMP_SpriteAsset.cs: b46309090c7f7da519ff6ef3172bd077 -> 8d06882cb45c7664f8d7c3079ee8757f
  custom:scripting/monoscript/fileName/SmartFormatter.cs: f34bc06594bdee80b269e19401b8aba4 -> 
  custom:scripting/monoscript/fileName/ProjectTablesPopup.cs: 28979e04f31961051c293d0adc51f576 -> 
  custom:scripting/monoscript/fileName/LocalizationBehaviour.cs: ded1320009016dccf0810e1c4ac54017 -> 
  custom:scripting/monoscript/fileName/IAssetRepresentationData.cs: 4fd3029c6ddc21ad01839cd63f7e8552 -> 
  custom:scripting/monoscript/fileName/UsingLoadAssetAsync.cs: 4ef31e1080fb85ec99c3382efec38d20 -> 
  custom:scripting/monoscript/fileName/KeyDataStore.cs: e3ad8b8f65521a454232ae6811a3b1bc -> 
  custom:scripting/monoscript/fileName/UsingCheckForCatalogUpdates.cs: cf1b4ffef81add1b9bd84a09f743af6e -> 
  custom:scripting/monoscript/fileName/ProfileValueReferenceDrawer.cs: 55f45d707eb32511a816eb67b4ca9229 -> 
  custom:scripting/monoscript/fileName/SmartFormatFieldIMGUI.cs: 5ca4ec6f7bfd8dd8d129196f194fe833 -> 
  custom:scripting/monoscript/fileName/AppendBundleHash.cs: 4b529c191f72e41deab5ef0b8d08bb2f -> 
  custom:scripting/monoscript/fileName/StringTableTreeViewItem.cs: c2ef9e1e64fa3773990769ae8703336d -> 
  custom:scripting/monoscript/fileName/AssetTableSearchProvider.cs: 17c3a703a89bde1dba6d6fafae9f82b0 -> 
  custom:scripting/monoscript/fileName/AudioPairTableWindow.cs: 98ddd05ada109e01fa341d326004cdcb -> 
  custom:scripting/monoscript/fileName/DrivenPropertyManagerInternalBridge.cs: c95964264208278c2ccee835a9bfa282 -> 
  custom:scripting/monoscript/fileName/LoadAllTablesOperation.cs: 90647cc400823b41df847a6cbfc29026 -> 
  custom:scripting/monoscript/fileName/UsingWebRequestOverride.cs: 2570c5e52dda08ad8a88e55c106f50b0 -> 
  custom:scripting/monoscript/fileName/GoogleSheetsExtension.cs: 5ae28c2872b3af918161cc445fb051a2 -> 
  custom:scripting/monoscript/fileName/EventViewerWindow.cs: 0be55eecbc915a9e2f41a2c41614b95a -> 
  custom:scripting/monoscript/fileName/AddressablesGUIUtility.cs: 323b19d259de4b8820765598e616714a -> 
  custom:scripting/monoscript/fileName/UsingDownloadDependencies.cs: 72cd3c673f0557b6751dd905b9872c3a -> 
  custom:scripting/monoscript/fileName/BinaryDataProvider.cs: a67f6d13810a8d73b44b9863e23d9ba0 -> 
  custom:scripting/monoscript/fileName/Serializer.cs: 6c1de1ff1b6b7616ec79b8ee1445add4 -> d7df1b97d0a3bd0bb98fd4d2d5bf5d29
  custom:scripting/monoscript/fileName/CheckSceneDupeDependencies.cs: c529005c08ddbfa31e634028937294c1 -> 
  custom:scripting/monoscript/fileName/IUpdateReceiver.cs: 48a33d839dac2a0f5c36263c421e463f -> 
  custom:scripting/monoscript/fileName/PseudoLocale.cs: 89e00a147380d9660dd1acc9b2196105 -> 
  custom:scripting/monoscript/fileName/SceneProvider.cs: 9b94da4a27e1351d1df6f2660fe324dc -> 
  custom:scripting/monoscript/fileName/AddExceptionHandler.cs: 814677db171e6aa3b4f0d7ef90229201 -> 
  custom:scripting/monoscript/fileName/BuildReportWindow.cs: a4e7973ca496740ebc9c115609f390ab -> 
  custom:scripting/monoscript/fileName/ReflectionSource.cs: 2c2fec5f34edfaf76e30e5e42c4d817a -> 
  custom:scripting/monoscript/fileName/ResourceProviderBase.cs: 62af7bda013206a02f2f9452cb0f8989 -> 
  custom:scripting/monoscript/fileName/GenerateBundlePacking.cs: e605bef1aeac04a952cb03f12b7d1b74 -> 
  custom:scripting/monoscript/fileName/Message.cs: 8a00dcc181642c768fc9c0486848903e -> 671a789acb2c7a93d0b620fe02979957
  custom:scripting/monoscript/fileName/PlayerPrefLocaleSelector.cs: 57def7a4fa3fa350e1b2df42e4784a68 -> 
  custom:scripting/monoscript/fileName/IFormattingInfo.cs: eb6d66d2caa614850a46e5daee9b3fc9 -> 
  custom:scripting/monoscript/fileName/TrackedEnumPropertyDrawer.cs: 0d5b1f0b77d16341d3a3f220fa7fa80e -> 
  custom:scripting/monoscript/fileName/LocalizedMonoBehaviour.cs: b61bb657e1c1e576571aa984fb302c97 -> 
  custom:scripting/monoscript/fileName/LocaleAnalyzeRule.cs: 88d6e40d85d4012e906e1ff810d3f034 -> 
  custom:scripting/monoscript/fileName/LocalizeStringEventEditor.cs: ccc27b38b192df11d9a2e4fb41d73621 -> 
  custom:scripting/monoscript/fileName/UsingGetDownloadSize.cs: d7599184ac35f048ee27a6210da6d7b2 -> 
  custom:scripting/monoscript/fileName/PlatformOverridePropertyDrawer.cs: e15681ffcd48f420737aa7371edcb885 -> 
  custom:scripting/monoscript/fileName/AssetReferenceDrawer.cs: 56a8795a444b37848d7999c44498794e -> 
  custom:scripting/monoscript/fileName/UnityObjectProperty.cs: 138114858cc3ac5d0de2078604fa267c -> 
  custom:scripting/monoscript/fileName/AssetAddress.cs: ac3b37217f24e8586278346d04e09cd2 -> 
  custom:scripting/monoscript/fileName/TMP_ResourcesLoader.cs: f71e35ced40721d6906e578fb6e7f0e9 -> 6f1f07799f3cfe795f955033c27f98ed
  custom:scripting/monoscript/fileName/CustomTrackedObject.cs: af5778b1246d0271acd70b951188544a -> 
  custom:scripting/monoscript/fileName/JsonSerializerTrackedObject.cs: 25de30db3ebb70fea4e5431a54bc409d -> 
  custom:scripting/monoscript/fileName/GenerateBundleMaps.cs: 9a1c9e701ac353a3e9f794fda78e0a1c -> 
  custom:scripting/monoscript/fileName/SceneStateCleanup.cs: 31db7f5f98e9a1c904a3b9e4c43aa24b -> 
  custom:scripting/monoscript/fileName/ProfileValueReference.cs: 60d7ef76945b04b56b4eafa354becd13 -> 
  custom:scripting/monoscript/fileName/RectExtensionMethods.cs: 15af90487df8dce9a257f973d6071802 -> 
  custom:scripting/monoscript/fileName/IconInfo.cs: 160b44f0d2216696ea49867ccf2eee94 -> 
  custom:scripting/monoscript/fileName/WaitForCurrentOperationAsyncOperationBase.cs: 90647cc400823b41df847a6cbfc29026 -> 
  custom:scripting/monoscript/fileName/AddressableAssetsSettingsLabelMaskPopup.cs: 15c3e60ed1f77da6c3de9dac046fb5c1 -> 
  custom:scripting/monoscript/fileName/CheckBundleDupeDependencies.cs: 374cdc2cc7c535d6809152f40c9a103c -> 
  custom:scripting/monoscript/fileName/ChainOperation.cs: 0cdf409b5aa8d4c25876d72b5c6a3b60 -> 
  custom:scripting/monoscript/fileName/DictionarySource.cs: 6f2a4bb590769345849b98dce1c07d12 -> 
  custom:scripting/monoscript/fileName/ITrackedProperty.cs: d983a936c99019a5c13fe4389682bea5 -> 
  custom:scripting/monoscript/fileName/ExporterWindow.cs: c09c3c995fa1f5bf53a1d19b5bc49001 -> 
  custom:scripting/precompiled-assembly-types:Unity.Localization.Editor: 5d2eeb14fb4858f024baf04ba6fb74ee -> 
  custom:scripting/monoscript/fileName/PseudoLocaleEditor.cs: 5289cf8f68b1016d5c16283efbb5b50e -> 
  custom:scripting/monoscript/fileName/IWriteData.cs: f2a238486c9cc3a5a9e531c07d54f232 -> 
  custom:scripting/monoscript/fileName/SubStringFormatter.cs: d27127dcdcff3d6a6bf91ad24976fb03 -> 
  custom:scripting/monoscript/fileName/GetTableEntryOperation.cs: 90647cc400823b41df847a6cbfc29026 -> 
  custom:scripting/monoscript/fileName/IResourceLocator.cs: b2e0cb99edb7f8acdfb948f7c5abcc89 -> 
  custom:scripting/monoscript/fileName/TMP_FontFeaturesCommon.cs: 89ff6ee76bb6f84827488d597e70ea5a -> 7d1db71d73353e7dd97f094c509882fa
  custom:scripting/monoscript/fileName/TMP_LineInfo.cs: 22ff02e7762110d3cc1f4bc096ea014d -> bb529d63c9723788bd7143f27cd69eaf
  custom:scripting/monoscript/fileName/LoginManager.cs: 3cc846c0f24614c9b07317b57418305e -> 
  custom:scripting/monoscript/fileName/LocalizedTablePropertyDrawer.cs: 0cdf409b5aa8d4c25876d72b5c6a3b60 -> 
  custom:scripting/monoscript/fileName/DirectoryUtility.cs: 7f3417d7d989e1073b51cdd50e2a0ba7 -> 
  custom:scripting/monoscript/fileName/WriteSerializedFiles.cs: 9c94ef6dac7108c5c9e0e92e832d5652 -> 
  custom:scripting/monoscript/fileName/BuildInterfacesWrapper.cs: aeca1257cd6ce17b667e21eeaeaba2db -> 
  custom:scripting/monoscript/fileName/VirtualAssetBundleRuntimeData.cs: 0f082cd849e6c61750c94fcc2e75e117 -> 
  custom:scripting/monoscript/fileName/ExtractDataTask.cs: a844ae830f3f5df3fb6c54ab468ddace -> 
  custom:scripting/monoscript/fileName/UsingRelease.cs: fca514b803887fb50a72e60e2edc6e73 -> 
  custom:scripting/monoscript/fileName/TMP_EditorPanel.cs: 0bd13db7cdfa07805bfadd631c0ddba8 -> 0631f68be4ca0623bf3e313ec9becbc9
  custom:scripting/monoscript/fileName/GraphDefinition.cs: e09273cb36df8ae7a46262b1952f3139 -> 
  custom:scripting/monoscript/fileName/DrivenPropertyDrawer.cs: 3773c3ef1ab8d93199226a119bcb112f -> 
  custom:scripting/monoscript/fileName/BinaryAssetProvider.cs: 90647cc400823b41df847a6cbfc29026 -> 
  custom:scripting/monoscript/fileName/Parser.cs: 082be29f569b7794c0c835c3d0290420 -> 
  custom:audio-encoder-webm-vorbis: bf7c407c2cedff20999df2af8eb42d56 -> 
  custom:scripting/monoscript/fileName/AssetBundleProvider.cs: a2949b4b16d373cfbf19d37cfdd11a8e -> 
  custom:scripting/monoscript/fileName/PreloadLocaleOperation.cs: 90647cc400823b41df847a6cbfc29026 -> 
  custom:scripting/monoscript/fileName/PersistentVariables.cs: a29cf4f8582da36b7e154c7f132e1839 -> 
  custom:scripting/monoscript/fileName/GroupOperation.cs: eee591da54a0f1ae36170f745e49c05d -> 
  custom:scripting/monoscript/fileName/LocalizedTable.deprecated.cs: 90647cc400823b41df847a6cbfc29026 -> 
  custom:scripting/monoscript/fileName/SearchStringFilters.cs: 4d7d8cf372189e17e866e05056276254 -> 
  custom:scripting/monoscript/fileName/TMP_BaseShaderGUI.cs: 2c2d4519754bb0c1dd0a107014b7ac8a -> 25118693f24c47c8a4b530b8bff26574
  custom:scripting/precompiled-assembly-types:Unity.InternalAPIEditorBridge.013: 2e95a84cb14aa75935ceeef900c171f9 -> 
  custom:scripting/monoscript/fileName/ThreadingManager.cs: c9fc7fb2e109a60745bd85a84c04e0b5 -> 
  custom:scripting/monoscript/fileName/TMP_SpriteAssetImporter.cs: 06875a6ac5102e58811218e1c5dd33ca -> 675c97d72afe988872a20f51812f7cdf
  custom:scripting/precompiled-assembly-types:Unity.Addressables.Editor: aa5183db1b9e86b063a06692248915d1 -> 
  custom:scripting/monoscript/fileName/MetadataValueFilterBlock.cs: 728f7b5fd4a16a2f63dfdd883d114e84 -> 
  custom:scripting/monoscript/fileName/BatchBuild.cs: cb06cec2249dcc7ac18c058e4b636f70 -> 
  custom:scripting/monoscript/fileName/ResourceLocationBase.cs: c3b5405c2e1e395381cef3d25640b4e4 -> 
  custom:scripting/monoscript/fileName/HostingServicesProfileVarsTreeView.cs: 7040c45d43d56a2a8ef4e6bdf18397e9 -> 
  custom:scripting/monoscript/fileName/LocalizedString.deprecated.cs: 545d485f0d4cb8821426c1d8631e66cc -> 
  custom:scripting/monoscript/fileName/MyRule.cs: fb081a8469f2db0c39e3ac021d0dc386 -> 
  custom:scripting/monoscript/fileName/TMP_SpriteAssetEditor.cs: 7dcaf47692799a91aa4e5cd439bc54d0 -> 8a42af05e85c0eed4128787976375b45
  custom:scripting/monoscript/fileName/SmartFormatTag.cs: 49a58b809bfff90c1dbbe4e12f7694dd -> 
  custom:scripting/monoscript/fileName/SerializationUtilities.cs: 8523441720eefd3a9494773eae726d9f -> 
  custom:scripting/monoscript/fileName/UsingClearResourceLocators.cs: 1faddf31e673301b425e2bd25a50715e -> 
  custom:scripting/monoscript/fileName/CustomDataBuilder.cs: d4b12c0fd8df55a189b353b991138263 -> 
  custom:scripting/monoscript/fileName/AssetLabelReferenceDrawer.cs: 62d02ad89b50d7ddfa94ad44619ed980 -> 
  custom:scripting/monoscript/fileName/AssetTableCollection.cs: 200f3008c9a542f1c46cce8de2b79cd9 -> 
  custom:scripting/monoscript/fileName/LocalizationSettingsEditor.cs: ac806a0ff0f97756d81f4b98267cefa6 -> 
  custom:scripting/monoscript/fileName/AddressableAssetsSettingsGroupEditorBuildMenu.cs: 130a166dfa91c0f499acbf93389ff033 -> 
  custom:scripting/precompiled-assembly-types:Unity.Localization: 4e068a755772d41f32e96febce1f3552 -> 
  custom:scripting/monoscript/fileName/IKeyGenerator.cs: 04122a5aea0cd6145cf09059544820d6 -> 
  custom:scripting/monoscript/fileName/StringOutput.cs: 64b5890aa803dd45d41b02c6ac0b392e -> 
  custom:scripting/monoscript/fileName/LoadWithIEnumerator.cs: 6b5b2bfd5ab0c2df9042f945ab9629fb -> 
  custom:scripting/monoscript/fileName/PathHelper.cs: cca02ea342dcb7479a5c2bbb3155289d -> 
  custom:scripting/monoscript/fileName/TMP_Character.cs: 2bff3626198e4d2228876f1e687078e0 -> 015720458ea991fbf07357eae19532db
  custom:scripting/monoscript/fileName/ExpanderPropertyDrawer.cs: 7d57d078f9777aae981799ba11cb1e11 -> 
  custom:scripting/monoscript/fileName/LiteralText.cs: 238c4ad82942ff5223bb3f444aca907f -> 
  custom:scripting/monoscript/fileName/PluralRules.cs: ecd3e05bf1b0b0dbb1bc5e1c512d3cd8 -> 
  custom:scripting/monoscript/fileName/VirtualBundledAssetProvider.cs: 1ca7323a85935ccecc1db16d28a14120 -> 
  custom:scripting/monoscript/fileName/TMP_SubMesh.cs: ff760a824537d48706351b95c8d4be21 -> 9fd75270af40187985e5c14cc85ebe42
  custom:scripting/monoscript/fileName/DataNotReadyException.cs: af9f2b47c960fba1b52f58b39c3a3a06 -> 
  custom:scripting/monoscript/fileName/EditorApplicationBridge.cs: 4838f56bab35576c09073dc719618c40 -> 
  custom:scripting/monoscript/fileName/IHostingService.cs: 6c8a878c5b16abcf226c43968fb38da8 -> 
  custom:scripting/monoscript/fileName/MainToolbar.cs: 8739d65579e16d3b3d50df04262a997b -> 162e661b90bc0601e328b0d9c9a85d04
  custom:scripting/monoscript/fileName/BuildDependencyData.cs: e86421eb6cd5a56c2f29fe865b6f6634 -> 
  custom:scripting/monoscript/fileName/AddressableAssetPostProcessor.cs: 65b31ffd1109616e5262d25a0e44e378 -> 
  custom:scripting/monoscript/fileName/UpgradeNotifications.cs: 8eb227a30469cc47fdcd13ad04b25121 -> 
  custom:scripting/monoscript/fileName/CompatibilityBuildPipeline.cs: facf82cb07a5c10c38b56a00da8757a5 -> 
  custom:scripting/monoscript/fileName/ResourceLocationMap.cs: eab26fa0984b2b8a6831e68cfc17f3ba -> 
  custom:scripting/monoscript/fileName/CheckCatalogsOperation.cs: b8f50d313d9537eebcb562d1a1693d53 -> 
  custom:scripting/precompiled-assembly-types:Assembly-CSharp: 2cbfae8b666d71ad3616fa756119a2ed -> 23d2d55aeb5a6b7315fcf0fa9120d6a2
  custom:scripting/monoscript/fileName/LoadLocation.cs: 943ae4c59d7798dc2bd5ffe4030f1aed -> 
  custom:scripting/monoscript/fileName/ReorderableList.cs: f23c68ce60a5ee883b1eed9588e9f992 -> 
  custom:scripting/monoscript/fileName/IKeyEvaluator.cs: 15673ccb00d128582325262f9311b111 -> 
  custom:scripting/monoscript/fileName/AddressablesPlayerBuildProcessor.cs: 339cbfdfac0ee359959e3c1a4e5d66bc -> 
  custom:scripting/monoscript/fileName/LegacyResourcesLocator.cs: 1678ad496fbbc5650c83b00a5a066deb -> 
  custom:scripting/monoscript/fileName/SmartFormatPools.cs: 0fb1c53ee68649c64d53ebdc9d790b71 -> 
  custom:scripting/monoscript/fileName/TMP_CoroutineTween.cs: d4d869f6662b40274a62453f83c8a425 -> 76849b8d6d4ce499ad8ffee762e4a4af
  custom:scripting/monoscript/fileName/PropertyDriver.cs: 90647cc400823b41df847a6cbfc29026 -> 
  custom:scripting/monoscript/fileName/SummaryRowBuilder.cs: ae93d6fed5d1ace44616875d65c4ce3c -> 
  custom:scripting/monoscript/fileName/TextDataProvider.cs: 43da5cf6551caea5e5114202822256d1 -> 
  custom:scripting/monoscript/fileName/ContentView.cs: c5b21a5d97cadc9ebbc0786a1877a5f2 -> 
  custom:scripting/monoscript/fileName/PrefColorBridge.cs: 4b8a7315c32333dcad0ab9f3a80ef3e3 -> 
  custom:scripting/monoscript/fileName/TMP_SpriteAnimator.cs: 126f1482d1430ed8648c2a6d8d693c6d -> bf3a797c3a059d3698e93e0031d7f11c
  custom:scripting/monoscript/fileName/TrackedTMP.cs: 3592e536161fa52aa0cba484edfc962e -> 
  custom:scripting/monoscript/fileName/IHostingServiceConfigurationProvider.cs: 37331473e3b10d53f8c2add9b2dc2b74 -> 
  custom:scripting/monoscript/fileName/LocalizedAssetTablePropertyDrawer.cs: 6694eed7cf606fe0cc7a863fc35764fb -> 
  custom:scripting/monoscript/fileName/DetailsUtility.cs: e1ed09368c21eefa172da4935add5590 -> 
  custom:scripting/monoscript/fileName/ILocationSizeData.cs: 9c09ebefcc2fd90fa5c432a2f1587b32 -> 
  custom:scripting/monoscript/fileName/CalculateAssetDependencyData.cs: 3543034cff244684ebe2b35b7e56cabb -> 
  custom:scripting/monoscript/fileName/Unity5PackedIdentifiers.cs: 2fef534b6f5a3f203548e50e8ca6fb59 -> 
  custom:scripting/monoscript/fileName/TMP_TextProcessingStack.cs: ef8795fce16f80562f220a2f8bcb6bd2 -> 6146dd1b7f9b90aa342ef9794e387c23
  custom:scripting/monoscript/fileName/GenericAssetTableTreeViewItem.cs: 90647cc400823b41df847a6cbfc29026 -> 
  custom:scripting/monoscript/fileName/StringExtensionMethods.cs: ec17f54a0baf43b7c074b0b35d3c40cb -> 
  custom:scripting/monoscript/fileName/ListExtensions.cs: 2566c9ffe9b9ebef9fddcc01c241e5f5 -> 
  custom:scripting/monoscript/fileName/UndoScope.cs: 22d6187a56d2bb6c10b344c07086931e -> edd459ea79c55637022a87b73545d8bd
  custom:scripting/monoscript/fileName/GlobalInitialization.cs: 046d98a1828b7f01ca857827b787db79 -> 
  custom:scripting/monoscript/fileName/TMP_InputValidator.cs: e99335724872b7fcd0e5352c682debe0 -> 5e0d679d98dae60baa87977011e0ed51
  custom:scripting/monoscript/fileName/DocumentationButton.cs: f4751b253ed0c3ae139c749a6af03e34 -> 
  custom:scripting/monoscript/fileName/EditorAddressablesInterface.cs: fb76fcddd9fcb861ef7e652fc11e047a -> 
  custom:scripting/monoscript/fileName/LabeledLabel.cs: 959706a9c53386f4c2ee27b4a2a0ba56 -> 
  custom:scripting/monoscript/fileName/TMP_SelectionCaret.cs: ed141b1915a10b9c7ff9136666b54ee9 -> d2a06fefe973175bffa10d62f788c481
  custom:scripting/monoscript/fileName/BuildLayoutPrinter.cs: 4318a3b2efdd745a52f83fe7236e7651 -> 
  custom:scripting/monoscript/fileName/LoadWithAddress.cs: f4fac7b896ac829ea2afe53028d9c65e -> 
  custom:scripting/monoscript/fileName/UsingInternalIdTransformFunc.cs: e63346d65e0e7f2f71398f7aa2f7468a -> 
  custom:scripting/monoscript/fileName/Preload.cs: 93368eba8de2f7459546ec623b443886 -> 
========================================================================
Received Import Request.
  Time since last request: 62.580946 seconds.
  path: Assets/Font/NotoSansKR-Black.ttf
  artifactKey: Guid(f817fb27e8897ce4f9eeb92e71b7fc3a) Importer(2089858483,0ecaa5967403d082aa24f35e1b516d23)
Start importing Assets/Font/NotoSansKR-Black.ttf using Guid(f817fb27e8897ce4f9eeb92e71b7fc3a) Importer(2089858483,0ecaa5967403d082aa24f35e1b516d23) [PhysX] Initialized MultithreadedTaskDispatcher with 16 workers.
 -> (artifact id: 'c44870d2db1633cb9436d6407c81349f') in 0.096397 seconds
Number of updated asset objects reloaded before import = 0
Number of asset objects unloaded after import = 3
========================================================================
Received Import Request.
  Time since last request: 0.000016 seconds.
  path: Assets/LowPolySoldiers_demo/models/Materials/demo_weapon.mat
  artifactKey: Guid(f1ffde0cab3b53e4b8db6c78d825b21a) Importer(2089858483,0ecaa5967403d082aa24f35e1b516d23)
Start importing Assets/LowPolySoldiers_demo/models/Materials/demo_weapon.mat using Guid(f1ffde0cab3b53e4b8db6c78d825b21a) Importer(2089858483,0ecaa5967403d082aa24f35e1b516d23) [PhysX] Initialized MultithreadedTaskDispatcher with 16 workers.
 -> (artifact id: '81ebc07f8ee51d15667acdb76bc87750') in 0.015565 seconds
Number of updated asset objects reloaded before import = 0
Number of asset objects unloaded after import = 2
========================================================================
Received Import Request.
  Time since last request: 0.000019 seconds.
  path: Assets/SciFi Warehouse Kit/Art/Materials/Crate Short Mat.mat
  artifactKey: Guid(c133acdb4b757304cac42731a69f5d7a) Importer(2089858483,0ecaa5967403d082aa24f35e1b516d23)
Start importing Assets/SciFi Warehouse Kit/Art/Materials/Crate Short Mat.mat using Guid(c133acdb4b757304cac42731a69f5d7a) Importer(2089858483,0ecaa5967403d082aa24f35e1b516d23) [PhysX] Initialized MultithreadedTaskDispatcher with 16 workers.
 -> (artifact id: '9aa07e2bef823bd9e7d97547684855ed') in 0.020084 seconds
Number of updated asset objects reloaded before import = 0
Number of asset objects unloaded after import = 3
========================================================================
Received Import Request.
  Time since last request: 0.000014 seconds.
  path: Assets/SciFi Warehouse Kit/Art/Materials/Ducts Pillars Mat.mat
  artifactKey: Guid(7a1ba1f8a9db2764ca5dab2fefd28478) Importer(2089858483,0ecaa5967403d082aa24f35e1b516d23)
Start importing Assets/SciFi Warehouse Kit/Art/Materials/Ducts Pillars Mat.mat using Guid(7a1ba1f8a9db2764ca5dab2fefd28478) Importer(2089858483,0ecaa5967403d082aa24f35e1b516d23) [PhysX] Initialized MultithreadedTaskDispatcher with 16 workers.
 -> (artifact id: '26ce054015e5f112f3923898f8f81e60') in 0.010395 seconds
Number of updated asset objects reloaded before import = 0
Number of asset objects unloaded after import = 3
========================================================================
Received Import Request.
  Time since last request: 0.000014 seconds.
  path: Assets/TextMesh Pro/Shaders/TMPro.cginc
  artifactKey: Guid(407bc68d299748449bbf7f48ee690f8d) Importer(2089858483,0ecaa5967403d082aa24f35e1b516d23)
Start importing Assets/TextMesh Pro/Shaders/TMPro.cginc using Guid(407bc68d299748449bbf7f48ee690f8d) Importer(2089858483,0ecaa5967403d082aa24f35e1b516d23) [PhysX] Initialized MultithreadedTaskDispatcher with 16 workers.
 -> (artifact id: '7d3b2eec9480856772fd6af0aa520740') in 0.002387 seconds
Number of updated asset objects reloaded before import = 0
Number of asset objects unloaded after import = 1
========================================================================
Received Import Request.
  Time since last request: 0.000013 seconds.
  path: Assets/Font/NotoSansKR-Light.ttf
  artifactKey: Guid(7fa88c670824edb4d946638885484f37) Importer(2089858483,0ecaa5967403d082aa24f35e1b516d23)
Start importing Assets/Font/NotoSansKR-Light.ttf using Guid(7fa88c670824edb4d946638885484f37) Importer(2089858483,0ecaa5967403d082aa24f35e1b516d23) [PhysX] Initialized MultithreadedTaskDispatcher with 16 workers.
 -> (artifact id: '2b40127209c88c7ba682c98f3407022f') in 0.012299 seconds
Number of updated asset objects reloaded before import = 0
Number of asset objects unloaded after import = 3
========================================================================
Received Import Request.
  Time since last request: 0.000013 seconds.
  path: Assets/Scripts/Camera/CameraRotation.cs
  artifactKey: Guid(cf3d3666fc841384991607c799f7baa7) Importer(2089858483,0ecaa5967403d082aa24f35e1b516d23)
Start importing Assets/Scripts/Camera/CameraRotation.cs using Guid(cf3d3666fc841384991607c799f7baa7) Importer(2089858483,0ecaa5967403d082aa24f35e1b516d23) [PhysX] Initialized MultithreadedTaskDispatcher with 16 workers.
 -> (artifact id: 'b95a792bb0fcb6cf8c2224c87c345f4a') in 0.007373 seconds
Number of updated asset objects reloaded before import = 0
Number of asset objects unloaded after import = 1
========================================================================
Received Import Request.
  Time since last request: 0.000013 seconds.
  path: Assets/TextMesh Pro/Shaders/TMP_SDF-Mobile Overlay.shader
  artifactKey: Guid(a02a7d8c237544f1962732b55a9aebf1) Importer(2089858483,0ecaa5967403d082aa24f35e1b516d23)
Start importing Assets/TextMesh Pro/Shaders/TMP_SDF-Mobile Overlay.shader using Guid(a02a7d8c237544f1962732b55a9aebf1) Importer(2089858483,0ecaa5967403d082aa24f35e1b516d23) [PhysX] Initialized MultithreadedTaskDispatcher with 16 workers.
 -> (artifact id: 'e28154e8098c0ad19215414db0422d74') in 0.007330 seconds
Number of updated asset objects reloaded before import = 0
Number of asset objects unloaded after import = 1
========================================================================
Received Import Request.
  Time since last request: 0.000017 seconds.
  path: Assets/Workshop/Audio/Rifle.wav
  artifactKey: Guid(f1fb1c5f73b74476a8044d93a7c2c6bd) Importer(2089858483,0ecaa5967403d082aa24f35e1b516d23)
Start importing Assets/Workshop/Audio/Rifle.wav using Guid(f1fb1c5f73b74476a8044d93a7c2c6bd) Importer(2089858483,0ecaa5967403d082aa24f35e1b516d23) [PhysX] Initialized MultithreadedTaskDispatcher with 16 workers.
 -> (artifact id: '0be8fe0015a3198518f955f2b821df8f') in 0.035514 seconds
Number of updated asset objects reloaded before import = 0
Number of asset objects unloaded after import = 1
========================================================================
Received Import Request.
  Time since last request: 0.000013 seconds.
  path: Assets/LowPolySoldiers_demo/models/Materials/demo_soldier_512.mat
  artifactKey: Guid(69c0fd068809d2a4cafbb12fd8e38326) Importer(2089858483,0ecaa5967403d082aa24f35e1b516d23)
Start importing Assets/LowPolySoldiers_demo/models/Materials/demo_soldier_512.mat using Guid(69c0fd068809d2a4cafbb12fd8e38326) Importer(2089858483,0ecaa5967403d082aa24f35e1b516d23) [PhysX] Initialized MultithreadedTaskDispatcher with 16 workers.
 -> (artifact id: '982f89293737dbf9e8917a89a74a88dc') in 0.003345 seconds
Number of updated asset objects reloaded before import = 0
Number of asset objects unloaded after import = 2
========================================================================
Received Import Request.
  Time since last request: 0.000012 seconds.
  path: Assets/Resource/IMG_SniperZoom.png
  artifactKey: Guid(a836d5ee757263c42abe8f7151499ef2) Importer(2089858483,0ecaa5967403d082aa24f35e1b516d23)
Start importing Assets/Resource/IMG_SniperZoom.png using Guid(a836d5ee757263c42abe8f7151499ef2) Importer(2089858483,0ecaa5967403d082aa24f35e1b516d23) [PhysX] Initialized MultithreadedTaskDispatcher with 16 workers.
 -> (artifact id: '77a105de6589f54f80939243639918d7') in 0.038551 seconds
Number of updated asset objects reloaded before import = 0
Number of asset objects unloaded after import = 3
========================================================================
Received Import Request.
  Time since last request: 0.000018 seconds.
  path: Assets/Font/NotoSansKR-Regular.ttf
  artifactKey: Guid(6ea9804a4af7e814787b3567e3c4d2ce) Importer(2089858483,0ecaa5967403d082aa24f35e1b516d23)
Start importing Assets/Font/NotoSansKR-Regular.ttf using Guid(6ea9804a4af7e814787b3567e3c4d2ce) Importer(2089858483,0ecaa5967403d082aa24f35e1b516d23) [PhysX] Initialized MultithreadedTaskDispatcher with 16 workers.
 -> (artifact id: '10a041eeb412b77e743b4f0515577570') in 0.014595 seconds
Number of updated asset objects reloaded before import = 0
Number of asset objects unloaded after import = 3
========================================================================
Received Import Request.
  Time since last request: 0.000026 seconds.
  path: Assets/Workshop/Effects/Explosion.prefab
  artifactKey: Guid(8a4aceaf2957c044480166b429f4c7d0) Importer(2089858483,0ecaa5967403d082aa24f35e1b516d23)
Start importing Assets/Workshop/Effects/Explosion.prefab using Guid(8a4aceaf2957c044480166b429f4c7d0) Importer(2089858483,0ecaa5967403d082aa24f35e1b516d23) [PhysX] Initialized MultithreadedTaskDispatcher with 16 workers.
 -> (artifact id: '53a3eb79e4923ebf15169c2a7b648715') in 0.076923 seconds
Number of updated asset objects reloaded before import = 0
Number of asset objects unloaded after import = 21
========================================================================
Received Import Request.
  Time since last request: 0.000017 seconds.
  path: Assets/SciFi Warehouse Kit/Art/Materials/barrel_s.mat
  artifactKey: Guid(61618e2271b3bdb47b5b4c628d9b092c) Importer(2089858483,0ecaa5967403d082aa24f35e1b516d23)
Start importing Assets/SciFi Warehouse Kit/Art/Materials/barrel_s.mat using Guid(61618e2271b3bdb47b5b4c628d9b092c) Importer(2089858483,0ecaa5967403d082aa24f35e1b516d23) [PhysX] Initialized MultithreadedTaskDispatcher with 16 workers.
 -> (artifact id: '019fe40538abc28200e763ea20ab4121') in 0.012004 seconds
Number of updated asset objects reloaded before import = 0
Number of asset objects unloaded after import = 2
========================================================================
Received Import Request.
  Time since last request: 0.000022 seconds.
  path: Assets/SciFi Warehouse Kit/Art/Materials/Garbage Bin Mat.mat
  artifactKey: Guid(2bada83e0fc35ed4ebab359f1ef10417) Importer(2089858483,0ecaa5967403d082aa24f35e1b516d23)
Start importing Assets/SciFi Warehouse Kit/Art/Materials/Garbage Bin Mat.mat using Guid(2bada83e0fc35ed4ebab359f1ef10417) Importer(2089858483,0ecaa5967403d082aa24f35e1b516d23) [PhysX] Initialized MultithreadedTaskDispatcher with 16 workers.
 -> (artifact id: '22d06845d457c595eea0fe05f1ba5e47') in 0.012383 seconds
Number of updated asset objects reloaded before import = 0
Number of asset objects unloaded after import = 3
========================================================================
Received Import Request.
  Time since last request: 0.000013 seconds.
  path: Assets/SciFi Warehouse Kit/Art/Materials/Floor Tile Mat.mat
  artifactKey: Guid(aa382976d563168409ce37158855f22a) Importer(2089858483,0ecaa5967403d082aa24f35e1b516d23)
Start importing Assets/SciFi Warehouse Kit/Art/Materials/Floor Tile Mat.mat using Guid(aa382976d563168409ce37158855f22a) Importer(2089858483,0ecaa5967403d082aa24f35e1b516d23) [PhysX] Initialized MultithreadedTaskDispatcher with 16 workers.
 -> (artifact id: '7422d22f20ddc09a09d0b020338ac7b1') in 0.008405 seconds
Number of updated asset objects reloaded before import = 0
Number of asset objects unloaded after import = 3
========================================================================
Received Import Request.
  Time since last request: 0.000014 seconds.
  path: Assets/SciFi Warehouse Kit/Art/Materials/Light Colored Mat.mat
  artifactKey: Guid(367e87b4150214b41963e70ca94a8f27) Importer(2089858483,0ecaa5967403d082aa24f35e1b516d23)
Start importing Assets/SciFi Warehouse Kit/Art/Materials/Light Colored Mat.mat using Guid(367e87b4150214b41963e70ca94a8f27) Importer(2089858483,0ecaa5967403d082aa24f35e1b516d23) [PhysX] Initialized MultithreadedTaskDispatcher with 16 workers.
 -> (artifact id: 'f5f625e50ceaf3ac8a73d4b7f298ffff') in 0.004432 seconds
Number of updated asset objects reloaded before import = 0
Number of asset objects unloaded after import = 2
========================================================================
Received Import Request.
  Time since last request: 0.000013 seconds.
  path: Assets/SciFi Warehouse Kit/Art/Materials/Shelf Mat.mat
  artifactKey: Guid(1abdbba98f8ab9e4c99e138c1480ceaa) Importer(2089858483,0ecaa5967403d082aa24f35e1b516d23)
Start importing Assets/SciFi Warehouse Kit/Art/Materials/Shelf Mat.mat using Guid(1abdbba98f8ab9e4c99e138c1480ceaa) Importer(2089858483,0ecaa5967403d082aa24f35e1b516d23) [PhysX] Initialized MultithreadedTaskDispatcher with 16 workers.
 -> (artifact id: '1d00eebf181378de0f872529d950b411') in 0.012101 seconds
Number of updated asset objects reloaded before import = 0
Number of asset objects unloaded after import = 3
========================================================================
Received Import Request.
  Time since last request: 0.000017 seconds.
  path: Assets/TextMesh Pro/Shaders/TMPro_Surface.cginc
  artifactKey: Guid(d930090c0cd643c7b55f19a38538c162) Importer(2089858483,0ecaa5967403d082aa24f35e1b516d23)
Start importing Assets/TextMesh Pro/Shaders/TMPro_Surface.cginc using Guid(d930090c0cd643c7b55f19a38538c162) Importer(2089858483,0ecaa5967403d082aa24f35e1b516d23) [PhysX] Initialized MultithreadedTaskDispatcher with 16 workers.
 -> (artifact id: 'ddb778b1913478eb6242be10ab282b36') in 0.002579 seconds
Number of updated asset objects reloaded before import = 0
Number of asset objects unloaded after import = 1
========================================================================
Received Import Request.
  Time since last request: 0.000013 seconds.
  path: Assets/TextMesh Pro/Fonts/LiberationSans.ttf
  artifactKey: Guid(e3265ab4bf004d28a9537516768c1c75) Importer(2089858483,0ecaa5967403d082aa24f35e1b516d23)
Start importing Assets/TextMesh Pro/Fonts/LiberationSans.ttf using Guid(e3265ab4bf004d28a9537516768c1c75) Importer(2089858483,0ecaa5967403d082aa24f35e1b516d23) [PhysX] Initialized MultithreadedTaskDispatcher with 16 workers.
 -> (artifact id: '725307adc69485057dc91523d18a6c0f') in 0.008011 seconds
Number of updated asset objects reloaded before import = 0
Number of asset objects unloaded after import = 3
========================================================================
Received Import Request.
  Time since last request: 0.000015 seconds.
  path: Assets/TextMesh Pro/Shaders/TMP_SDF Overlay.shader
  artifactKey: Guid(dd89cf5b9246416f84610a006f916af7) Importer(2089858483,0ecaa5967403d082aa24f35e1b516d23)
Start importing Assets/TextMesh Pro/Shaders/TMP_SDF Overlay.shader using Guid(dd89cf5b9246416f84610a006f916af7) Importer(2089858483,0ecaa5967403d082aa24f35e1b516d23) [PhysX] Initialized MultithreadedTaskDispatcher with 16 workers.
 -> (artifact id: '56903303457b3ef4115bc0b5207cad1b') in 0.003609 seconds
Number of updated asset objects reloaded before import = 0
Number of asset objects unloaded after import = 1
========================================================================
Received Import Request.
  Time since last request: 0.000014 seconds.
  path: Assets/Font/NotoSansKR-ExtraLight.ttf
  artifactKey: Guid(e281d571f459328458a25064d36d3932) Importer(2089858483,0ecaa5967403d082aa24f35e1b516d23)
Start importing Assets/Font/NotoSansKR-ExtraLight.ttf using Guid(e281d571f459328458a25064d36d3932) Importer(2089858483,0ecaa5967403d082aa24f35e1b516d23) [PhysX] Initialized MultithreadedTaskDispatcher with 16 workers.
 -> (artifact id: 'c27810c683ff287f0690cea7ccc7a5c8') in 0.010499 seconds
Number of updated asset objects reloaded before import = 0
Number of asset objects unloaded after import = 3
========================================================================
Received Import Request.
  Time since last request: 0.000012 seconds.
  path: Assets/TextMesh Pro/Shaders/TMP_SDF-Mobile SSD.shader
  artifactKey: Guid(c8d12adcee749c344b8117cf7c7eb912) Importer(2089858483,0ecaa5967403d082aa24f35e1b516d23)
Start importing Assets/TextMesh Pro/Shaders/TMP_SDF-Mobile SSD.shader using Guid(c8d12adcee749c344b8117cf7c7eb912) Importer(2089858483,0ecaa5967403d082aa24f35e1b516d23) [PhysX] Initialized MultithreadedTaskDispatcher with 16 workers.
 -> (artifact id: 'd258f2860868220e335bd7df1e6724cc') in 0.003106 seconds
Number of updated asset objects reloaded before import = 0
Number of asset objects unloaded after import = 1
========================================================================
Received Import Request.
  Time since last request: 0.000013 seconds.
  path: Assets/SciFi Warehouse Kit/ReadMe.pdf
  artifactKey: Guid(d3bb5cb4564318c409af7cb19184864d) Importer(2089858483,0ecaa5967403d082aa24f35e1b516d23)
Start importing Assets/SciFi Warehouse Kit/ReadMe.pdf using Guid(d3bb5cb4564318c409af7cb19184864d) Importer(2089858483,0ecaa5967403d082aa24f35e1b516d23) [PhysX] Initialized MultithreadedTaskDispatcher with 16 workers.
 -> (artifact id: '0fa902711642ea73d3d2dd1fd2c8d935') in 0.002694 seconds
Number of updated asset objects reloaded before import = 0
Number of asset objects unloaded after import = 1
========================================================================
Received Import Request.
  Time since last request: 0.000010 seconds.
  path: Assets/Font/NotoSansKR-Regular SDF.asset
  artifactKey: Guid(3f0e749052bf9a34193f45df1eb9c015) Importer(2089858483,0ecaa5967403d082aa24f35e1b516d23)
Start importing Assets/Font/NotoSansKR-Regular SDF.asset using Guid(3f0e749052bf9a34193f45df1eb9c015) Importer(2089858483,0ecaa5967403d082aa24f35e1b516d23) [PhysX] Initialized MultithreadedTaskDispatcher with 16 workers.
 -> (artifact id: '2fa7e0402ece637c65d5caf8792e60d4') in 0.324867 seconds
Number of updated asset objects reloaded before import = 0
Number of asset objects unloaded after import = 5
========================================================================
Received Import Request.
  Time since last request: 0.000033 seconds.
  path: Assets/SciFi Warehouse Kit/Art/Textures/cart_r.png
  artifactKey: Guid(8bb443e373822e443b811be7632a5de2) Importer(2089858483,0ecaa5967403d082aa24f35e1b516d23)
Start importing Assets/SciFi Warehouse Kit/Art/Textures/cart_r.png using Guid(8bb443e373822e443b811be7632a5de2) Importer(2089858483,0ecaa5967403d082aa24f35e1b516d23) [PhysX] Initialized MultithreadedTaskDispatcher with 16 workers.
 -> (artifact id: '877a65dcb13c966535acc88ffebffe74') in 0.015031 seconds
Number of updated asset objects reloaded before import = 0
Number of asset objects unloaded after import = 1
========================================================================
Received Import Request.
  Time since last request: 0.000026 seconds.
  path: Assets/SciFi Warehouse Kit/Art/Textures/floor_tile_s.png
  artifactKey: Guid(35209c13c162e9c49a8a048757118f1f) Importer(2089858483,0ecaa5967403d082aa24f35e1b516d23)
Start importing Assets/SciFi Warehouse Kit/Art/Textures/floor_tile_s.png using Guid(35209c13c162e9c49a8a048757118f1f) Importer(2089858483,0ecaa5967403d082aa24f35e1b516d23) [PhysX] Initialized MultithreadedTaskDispatcher with 16 workers.
 -> (artifact id: '41b7f59c5ee485cab4487b94e57b6c62') in 0.017110 seconds
Number of updated asset objects reloaded before import = 0
Number of asset objects unloaded after import = 1
========================================================================
Received Import Request.
  Time since last request: 0.000014 seconds.
  path: Assets/SciFi Warehouse Kit/Art/Textures/pallet_a.png
  artifactKey: Guid(d477b1f937a653640b0c0f109216e0cf) Importer(2089858483,0ecaa5967403d082aa24f35e1b516d23)
Start importing Assets/SciFi Warehouse Kit/Art/Textures/pallet_a.png using Guid(d477b1f937a653640b0c0f109216e0cf) Importer(2089858483,0ecaa5967403d082aa24f35e1b516d23) [PhysX] Initialized MultithreadedTaskDispatcher with 16 workers.
 -> (artifact id: 'ffecb288140283797c33293359520972') in 0.009277 seconds
Number of updated asset objects reloaded before import = 0
Number of asset objects unloaded after import = 1
========================================================================
Received Import Request.
  Time since last request: 0.000024 seconds.
  path: Assets/SciFi Warehouse Kit/Art/Textures/cart_s.png
  artifactKey: Guid(db041cc12cae8df4e9eb1513da95a00e) Importer(2089858483,0ecaa5967403d082aa24f35e1b516d23)
Start importing Assets/SciFi Warehouse Kit/Art/Textures/cart_s.png using Guid(db041cc12cae8df4e9eb1513da95a00e) Importer(2089858483,0ecaa5967403d082aa24f35e1b516d23) [PhysX] Initialized MultithreadedTaskDispatcher with 16 workers.
 -> (artifact id: '08d5d164b2207e55ecc2afb4c4cd8936') in 0.014109 seconds
Number of updated asset objects reloaded before import = 0
Number of asset objects unloaded after import = 1
========================================================================
Received Import Request.
  Time since last request: 0.000020 seconds.
  path: Assets/SciFi Warehouse Kit/Art/Textures/shelf_a.png
  artifactKey: Guid(906cd3a5ced535a4a8b6696ca147c911) Importer(2089858483,0ecaa5967403d082aa24f35e1b516d23)
Start importing Assets/SciFi Warehouse Kit/Art/Textures/shelf_a.png using Guid(906cd3a5ced535a4a8b6696ca147c911) Importer(2089858483,0ecaa5967403d082aa24f35e1b516d23) [PhysX] Initialized MultithreadedTaskDispatcher with 16 workers.
 -> (artifact id: '25b444fac31a98d7d70887c4ab88810d') in 0.010440 seconds
Number of updated asset objects reloaded before import = 0
Number of asset objects unloaded after import = 1
========================================================================
Received Import Request.
  Time since last request: 0.000018 seconds.
  path: Assets/SciFi Warehouse Kit/Art/Textures/security_cam_r.png
  artifactKey: Guid(5a9abbaa4d9e6844ebc282cd137b179e) Importer(2089858483,0ecaa5967403d082aa24f35e1b516d23)
Start importing Assets/SciFi Warehouse Kit/Art/Textures/security_cam_r.png using Guid(5a9abbaa4d9e6844ebc282cd137b179e) Importer(2089858483,0ecaa5967403d082aa24f35e1b516d23) [PhysX] Initialized MultithreadedTaskDispatcher with 16 workers.
 -> (artifact id: '7b360301753ade192eb4886a6ffc9e09') in 0.015290 seconds
Number of updated asset objects reloaded before import = 0
Number of asset objects unloaded after import = 1
========================================================================
Received Import Request.
  Time since last request: 0.000014 seconds.
  path: Assets/SciFi Warehouse Kit/Art/Textures/ducts_pillars_n.png
  artifactKey: Guid(f6ec68a6be89a9841bf20be75db234d6) Importer(2089858483,0ecaa5967403d082aa24f35e1b516d23)
Start importing Assets/SciFi Warehouse Kit/Art/Textures/ducts_pillars_n.png using Guid(f6ec68a6be89a9841bf20be75db234d6) Importer(2089858483,0ecaa5967403d082aa24f35e1b516d23) [PhysX] Initialized MultithreadedTaskDispatcher with 16 workers.
 -> (artifact id: '0f90b98f656fe3a2417b5911108d4cb6') in 0.010605 seconds
Number of updated asset objects reloaded before import = 0
Number of asset objects unloaded after import = 1
========================================================================
Received Import Request.
  Time since last request: 0.000013 seconds.
  path: Assets/SciFi Warehouse Kit/Art/Textures/crate_short_s.png
  artifactKey: Guid(3015894ee920a224b9f6e318539bc507) Importer(2089858483,0ecaa5967403d082aa24f35e1b516d23)
Start importing Assets/SciFi Warehouse Kit/Art/Textures/crate_short_s.png using Guid(3015894ee920a224b9f6e318539bc507) Importer(2089858483,0ecaa5967403d082aa24f35e1b516d23) [PhysX] Initialized MultithreadedTaskDispatcher with 16 workers.
 -> (artifact id: 'c99d6ab0dc0817e5fd2a7a408b582b71') in 0.014492 seconds
Number of updated asset objects reloaded before import = 0
Number of asset objects unloaded after import = 1
========================================================================
Received Import Request.
  Time since last request: 0.000024 seconds.
  path: Assets/Workshop/etc/Materials/Buildings.mat
  artifactKey: Guid(8a99d90f50163d348abb5a12c431c581) Importer(815301076,1909f56bfc062723c751e8b465ee728b)
Start importing Assets/Workshop/etc/Materials/Buildings.mat using Guid(8a99d90f50163d348abb5a12c431c581) Importer(815301076,1909f56bfc062723c751e8b465ee728b) [PhysX] Initialized MultithreadedTaskDispatcher with 16 workers.
[PhysX] Initialized MultithreadedTaskDispatcher with 16 workers.
 -> (artifact id: '19f9ee3155848b1fb25a100d07e087e8') in 0.132728 seconds
Number of updated asset objects reloaded before import = 0
Number of asset objects unloaded after import = 2
========================================================================
Received Import Request.
  Time since last request: 0.000015 seconds.
  path: Assets/SciFi Warehouse Kit/Art/Textures/floor_tile_a.png
  artifactKey: Guid(fbe5e58554dd2a247bfd39321c4abfbb) Importer(2089858483,0ecaa5967403d082aa24f35e1b516d23)
Start importing Assets/SciFi Warehouse Kit/Art/Textures/floor_tile_a.png using Guid(fbe5e58554dd2a247bfd39321c4abfbb) Importer(2089858483,0ecaa5967403d082aa24f35e1b516d23) [PhysX] Initialized MultithreadedTaskDispatcher with 16 workers.
 -> (artifact id: '3be8947723effa971ca6a0de8c6b94c6') in 0.010357 seconds
Number of updated asset objects reloaded before import = 0
Number of asset objects unloaded after import = 1
========================================================================
Received Import Request.
  Time since last request: 0.000021 seconds.
  path: Assets/SciFi Warehouse Kit/Art/Textures/extinguisher_m.png
  artifactKey: Guid(459cb12f1b0019c418f69f9db8467294) Importer(2089858483,0ecaa5967403d082aa24f35e1b516d23)
Start importing Assets/SciFi Warehouse Kit/Art/Textures/extinguisher_m.png using Guid(459cb12f1b0019c418f69f9db8467294) Importer(2089858483,0ecaa5967403d082aa24f35e1b516d23) [PhysX] Initialized MultithreadedTaskDispatcher with 16 workers.
 -> (artifact id: '5c1eabb1b7474b7bb05566cbe5046be8') in 0.024622 seconds
Number of updated asset objects reloaded before import = 0
Number of asset objects unloaded after import = 1
========================================================================
Received Import Request.
  Time since last request: 0.000014 seconds.
  path: Assets/SciFi Warehouse Kit/Art/Textures/barrel_r.png
  artifactKey: Guid(ed70348aa380c30458cfd87984245d23) Importer(2089858483,0ecaa5967403d082aa24f35e1b516d23)
Start importing Assets/SciFi Warehouse Kit/Art/Textures/barrel_r.png using Guid(ed70348aa380c30458cfd87984245d23) Importer(2089858483,0ecaa5967403d082aa24f35e1b516d23) [PhysX] Initialized MultithreadedTaskDispatcher with 16 workers.
 -> (artifact id: 'd20f203cf3762eacf137f6d9d93a3457') in 0.017410 seconds
Number of updated asset objects reloaded before import = 0
Number of asset objects unloaded after import = 1
========================================================================
Received Import Request.
  Time since last request: 0.000014 seconds.
  path: Assets/SciFi Warehouse Kit/Art/Materials/Extinguisher Mat.mat
  artifactKey: Guid(5f412f828842049469cab1389415984b) Importer(2089858483,0ecaa5967403d082aa24f35e1b516d23)
Start importing Assets/SciFi Warehouse Kit/Art/Materials/Extinguisher Mat.mat using Guid(5f412f828842049469cab1389415984b) Importer(2089858483,0ecaa5967403d082aa24f35e1b516d23) [PhysX] Initialized MultithreadedTaskDispatcher with 16 workers.
 -> (artifact id: 'f59a3bc8f4450119dd9f765927c904c5') in 0.012013 seconds
Number of updated asset objects reloaded before import = 0
Number of asset objects unloaded after import = 3
========================================================================
Received Import Request.
  Time since last request: 0.000015 seconds.
  path: Assets/SciFi Warehouse Kit/Art/Materials/Structure Props Mat.mat
  artifactKey: Guid(29be84a8421dddd4481c7c1a37d5dc90) Importer(2089858483,0ecaa5967403d082aa24f35e1b516d23)
Start importing Assets/SciFi Warehouse Kit/Art/Materials/Structure Props Mat.mat using Guid(29be84a8421dddd4481c7c1a37d5dc90) Importer(2089858483,0ecaa5967403d082aa24f35e1b516d23) [PhysX] Initialized MultithreadedTaskDispatcher with 16 workers.
 -> (artifact id: '80c0baad3709815225c0a3dee399cdf0') in 0.008927 seconds
Number of updated asset objects reloaded before import = 0
Number of asset objects unloaded after import = 3
========================================================================
Received Import Request.
  Time since last request: 0.000014 seconds.
  path: Assets/Workshop/Effects/Stone_BulletImpact.prefab
  artifactKey: Guid(54dd9cb5740188a488b8baebbf19207c) Importer(2089858483,0ecaa5967403d082aa24f35e1b516d23)
Start importing Assets/Workshop/Effects/Stone_BulletImpact.prefab using Guid(54dd9cb5740188a488b8baebbf19207c) Importer(2089858483,0ecaa5967403d082aa24f35e1b516d23) [PhysX] Initialized MultithreadedTaskDispatcher with 16 workers.
 -> (artifact id: 'ccbedd37af8ead9e9e4111fa142a5b84') in 0.033279 seconds
Number of updated asset objects reloaded before import = 0
Number of asset objects unloaded after import = 16
========================================================================
Received Import Request.
  Time since last request: 0.000014 seconds.
  path: Assets/Font/NotoSansKR-SemiBold.ttf
  artifactKey: Guid(be716642000c22f42a36b7df90e6936f) Importer(2089858483,0ecaa5967403d082aa24f35e1b516d23)
Start importing Assets/Font/NotoSansKR-SemiBold.ttf using Guid(be716642000c22f42a36b7df90e6936f) Importer(2089858483,0ecaa5967403d082aa24f35e1b516d23) [PhysX] Initialized MultithreadedTaskDispatcher with 16 workers.
 -> (artifact id: '7434fe8cfa95e9cb7f8559d5709153ba') in 0.013564 seconds
Number of updated asset objects reloaded before import = 0
Number of asset objects unloaded after import = 3
========================================================================
Received Import Request.
  Time since last request: 0.000015 seconds.
  path: Assets/SciFi Warehouse Kit/Art/Textures/ceiling_tiles_s.png
  artifactKey: Guid(dda143ee4c6c60e4983056257841759b) Importer(2089858483,0ecaa5967403d082aa24f35e1b516d23)
Start importing Assets/SciFi Warehouse Kit/Art/Textures/ceiling_tiles_s.png using Guid(dda143ee4c6c60e4983056257841759b) Importer(2089858483,0ecaa5967403d082aa24f35e1b516d23) [PhysX] Initialized MultithreadedTaskDispatcher with 16 workers.
 -> (artifact id: 'e192fe89119cb51d657c970371fdcda3') in 0.016127 seconds
Number of updated asset objects reloaded before import = 0
Number of asset objects unloaded after import = 1
========================================================================
Received Import Request.
  Time since last request: 0.000015 seconds.
  path: Assets/TextMesh Pro/Examples & Extras/Scenes/01-  Single Line TextMesh Pro.unity
  artifactKey: Guid(2ac8cf212df6445e8aebbe3cb832e993) Importer(2089858483,0ecaa5967403d082aa24f35e1b516d23)
Start importing Assets/TextMesh Pro/Examples & Extras/Scenes/01-  Single Line TextMesh Pro.unity using Guid(2ac8cf212df6445e8aebbe3cb832e993) Importer(2089858483,0ecaa5967403d082aa24f35e1b516d23) [PhysX] Initialized MultithreadedTaskDispatcher with 16 workers.
 -> (artifact id: '8de817cb84a316f48b605410aca1c1fc') in 0.003858 seconds
Number of updated asset objects reloaded before import = 0
Number of asset objects unloaded after import = 1
========================================================================
Received Import Request.
  Time since last request: 0.000013 seconds.
  path: Assets/TextMesh Pro/Examples & Extras/Scenes/04 - Word Wrapping.unity
  artifactKey: Guid(8f7137eacd7042d5b17ef0efe5e744f5) Importer(2089858483,0ecaa5967403d082aa24f35e1b516d23)
Start importing Assets/TextMesh Pro/Examples & Extras/Scenes/04 - Word Wrapping.unity using Guid(8f7137eacd7042d5b17ef0efe5e744f5) Importer(2089858483,0ecaa5967403d082aa24f35e1b516d23) [PhysX] Initialized MultithreadedTaskDispatcher with 16 workers.
 -> (artifact id: '17ecc8573e83cb113b082dbec6d0cab7') in 0.002769 seconds
Number of updated asset objects reloaded before import = 0
Number of asset objects unloaded after import = 1
========================================================================
Received Import Request.
  Time since last request: 0.000014 seconds.
  path: Assets/TextMesh Pro/Examples & Extras/Fonts/Oswald-Bold.ttf
  artifactKey: Guid(c9f6d0e7bc8541498c9a4799ba184ede) Importer(2089858483,0ecaa5967403d082aa24f35e1b516d23)
Start importing Assets/TextMesh Pro/Examples & Extras/Fonts/Oswald-Bold.ttf using Guid(c9f6d0e7bc8541498c9a4799ba184ede) Importer(2089858483,0ecaa5967403d082aa24f35e1b516d23) [PhysX] Initialized MultithreadedTaskDispatcher with 16 workers.
 -> (artifact id: 'da3a97d63da3fe2304db32aa96e9c55b') in 0.005726 seconds
Number of updated asset objects reloaded before import = 0
Number of asset objects unloaded after import = 3
========================================================================
Received Import Request.
  Time since last request: 0.000018 seconds.
  path: Assets/SciFi Warehouse Kit/Art/Textures/walkway_n.png
  artifactKey: Guid(c42df488497626e43ace6a26270b0c56) Importer(2089858483,0ecaa5967403d082aa24f35e1b516d23)
Start importing Assets/SciFi Warehouse Kit/Art/Textures/walkway_n.png using Guid(c42df488497626e43ace6a26270b0c56) Importer(2089858483,0ecaa5967403d082aa24f35e1b516d23) [PhysX] Initialized MultithreadedTaskDispatcher with 16 workers.
 -> (artifact id: '43e3822d6285250ee1bbc11fe7f6e8a7') in 0.011239 seconds
Number of updated asset objects reloaded before import = 0
Number of asset objects unloaded after import = 1
========================================================================
Received Import Request.
  Time since last request: 0.000021 seconds.
  path: Assets/TextMesh Pro/Examples & Extras/Scenes/12 - Link Example.unity
  artifactKey: Guid(9747140c28254be2adc582210dfb89b8) Importer(2089858483,0ecaa5967403d082aa24f35e1b516d23)
Start importing Assets/TextMesh Pro/Examples & Extras/Scenes/12 - Link Example.unity using Guid(9747140c28254be2adc582210dfb89b8) Importer(2089858483,0ecaa5967403d082aa24f35e1b516d23) [PhysX] Initialized MultithreadedTaskDispatcher with 16 workers.
 -> (artifact id: '95f174b70eaed8865f5cd80fdc9f4fa4') in 0.002221 seconds
Number of updated asset objects reloaded before import = 0
Number of asset objects unloaded after import = 1
========================================================================
Received Import Request.
  Time since last request: 0.000056 seconds.
  path: Assets/SciFi Warehouse Kit/Art/Textures/structure_misc_a.png
  artifactKey: Guid(2cd89b625b97b4e4289e0db0e2846857) Importer(2089858483,0ecaa5967403d082aa24f35e1b516d23)
Start importing Assets/SciFi Warehouse Kit/Art/Textures/structure_misc_a.png using Guid(2cd89b625b97b4e4289e0db0e2846857) Importer(2089858483,0ecaa5967403d082aa24f35e1b516d23) [PhysX] Initialized MultithreadedTaskDispatcher with 16 workers.
 -> (artifact id: 'befdd0240b6c966ea7bf9650ababa4b5') in 0.010699 seconds
Number of updated asset objects reloaded before import = 0
Number of asset objects unloaded after import = 1
========================================================================
Received Import Request.
  Time since last request: 0.000013 seconds.
  path: Assets/TextMesh Pro/Examples & Extras/Materials/Ground - Surface Shader Scene.mat
  artifactKey: Guid(aadd5a709a48466c887296bb5b1b8110) Importer(2089858483,0ecaa5967403d082aa24f35e1b516d23)
Start importing Assets/TextMesh Pro/Examples & Extras/Materials/Ground - Surface Shader Scene.mat using Guid(aadd5a709a48466c887296bb5b1b8110) Importer(2089858483,0ecaa5967403d082aa24f35e1b516d23) [PhysX] Initialized MultithreadedTaskDispatcher with 16 workers.
 -> (artifact id: 'bdf5d0c72b5bf8e1650d20e6230027a1') in 0.005863 seconds
Number of updated asset objects reloaded before import = 0
Number of asset objects unloaded after import = 2
========================================================================
Received Import Request.
  Time since last request: 0.000013 seconds.
  path: Assets/SciFi Warehouse Kit/Art/Textures/structure_misc_r.png
  artifactKey: Guid(4c2c9ae5782671e478ab42ef29849ff6) Importer(2089858483,0ecaa5967403d082aa24f35e1b516d23)
Start importing Assets/SciFi Warehouse Kit/Art/Textures/structure_misc_r.png using Guid(4c2c9ae5782671e478ab42ef29849ff6) Importer(2089858483,0ecaa5967403d082aa24f35e1b516d23) [PhysX] Initialized MultithreadedTaskDispatcher with 16 workers.
 -> (artifact id: '997e4cbeafb9fd87589337eb1f8230a9') in 0.015423 seconds
Number of updated asset objects reloaded before import = 0
Number of asset objects unloaded after import = 1
========================================================================
Received Import Request.
  Time since last request: 0.000013 seconds.
  path: Assets/TextMesh Pro/Examples & Extras/Materials/Crate - Surface Shader Scene.mat
  artifactKey: Guid(e6b9b44320f4448d9d5e0ee634259966) Importer(2089858483,0ecaa5967403d082aa24f35e1b516d23)
Start importing Assets/TextMesh Pro/Examples & Extras/Materials/Crate - Surface Shader Scene.mat using Guid(e6b9b44320f4448d9d5e0ee634259966) Importer(2089858483,0ecaa5967403d082aa24f35e1b516d23) [PhysX] Initialized MultithreadedTaskDispatcher with 16 workers.
 -> (artifact id: '08ed44f3d7711a5ea39b60b46b86e788') in 0.012069 seconds
Number of updated asset objects reloaded before import = 0
Number of asset objects unloaded after import = 3
========================================================================
Received Import Request.
  Time since last request: 0.000014 seconds.
  path: Assets/SciFi Warehouse Kit/Art/Textures/wall_light_n.png
  artifactKey: Guid(e5c035cbc7f7b954597a86f8f942fd6a) Importer(2089858483,0ecaa5967403d082aa24f35e1b516d23)
Start importing Assets/SciFi Warehouse Kit/Art/Textures/wall_light_n.png using Guid(e5c035cbc7f7b954597a86f8f942fd6a) Importer(2089858483,0ecaa5967403d082aa24f35e1b516d23) [PhysX] Initialized MultithreadedTaskDispatcher with 16 workers.
 -> (artifact id: 'fce6addcbc22ae0bfb28092c1a75cf6f') in 0.010053 seconds
Number of updated asset objects reloaded before import = 0
Number of asset objects unloaded after import = 1
========================================================================
Received Import Request.
  Time since last request: 0.000022 seconds.
  path: Assets/TextMesh Pro/Examples & Extras/Scenes/07 - Superscript & Subscript Example.unity
  artifactKey: Guid(03ec435d4b7140e9b2d87f79136d8374) Importer(2089858483,0ecaa5967403d082aa24f35e1b516d23)
Start importing Assets/TextMesh Pro/Examples & Extras/Scenes/07 - Superscript & Subscript Example.unity using Guid(03ec435d4b7140e9b2d87f79136d8374) Importer(2089858483,0ecaa5967403d082aa24f35e1b516d23) [PhysX] Initialized MultithreadedTaskDispatcher with 16 workers.
 -> (artifact id: '066f38ceb89fc43aed866af6fc2034e0') in 0.002908 seconds
Number of updated asset objects reloaded before import = 0
Number of asset objects unloaded after import = 1
========================================================================
Received Import Request.
  Time since last request: 0.000011 seconds.
  path: Assets/TextMesh Pro/Examples & Extras/Scenes/08 - Improved Text Alignment.unity
  artifactKey: Guid(5fe2257128d9401fad0790f581dc8a6f) Importer(2089858483,0ecaa5967403d082aa24f35e1b516d23)
Start importing Assets/TextMesh Pro/Examples & Extras/Scenes/08 - Improved Text Alignment.unity using Guid(5fe2257128d9401fad0790f581dc8a6f) Importer(2089858483,0ecaa5967403d082aa24f35e1b516d23) [PhysX] Initialized MultithreadedTaskDispatcher with 16 workers.
 -> (artifact id: 'e7e9525623a99e2f290b9f2f92afab98') in 0.001997 seconds
Number of updated asset objects reloaded before import = 0
Number of asset objects unloaded after import = 1
========================================================================
Received Import Request.
  Time since last request: 0.000012 seconds.
  path: Assets/TextMesh Pro/Examples & Extras/Prefabs/TextMeshPro - Prefab 2.prefab
  artifactKey: Guid(fdad9d952ae84cafb74c63f2e694d042) Importer(2089858483,0ecaa5967403d082aa24f35e1b516d23)
Start importing Assets/TextMesh Pro/Examples & Extras/Prefabs/TextMeshPro - Prefab 2.prefab using Guid(fdad9d952ae84cafb74c63f2e694d042) Importer(2089858483,0ecaa5967403d082aa24f35e1b516d23) [PhysX] Initialized MultithreadedTaskDispatcher with 16 workers.
 -> (artifact id: '6b405ec77c92c72c0ed68035e6f369cc') in 0.002534 seconds
Number of updated asset objects reloaded before import = 0
Number of asset objects unloaded after import = 0
========================================================================
Received Import Request.
  Time since last request: 0.000014 seconds.
  path: Assets/SciFi Warehouse Kit/Art/Textures/structure_props_n.png
  artifactKey: Guid(820c36c5a709ed74fb866a1c393bbb8c) Importer(2089858483,0ecaa5967403d082aa24f35e1b516d23)
Start importing Assets/SciFi Warehouse Kit/Art/Textures/structure_props_n.png using Guid(820c36c5a709ed74fb866a1c393bbb8c) Importer(2089858483,0ecaa5967403d082aa24f35e1b516d23) [PhysX] Initialized MultithreadedTaskDispatcher with 16 workers.
 -> (artifact id: 'bc0a5f637d68e018d924d83a860bdc5f') in 0.011173 seconds
Number of updated asset objects reloaded before import = 0
Number of asset objects unloaded after import = 1
========================================================================
Received Import Request.
  Time since last request: 0.000018 seconds.
  path: Assets/SciFi Warehouse Kit/Art/Textures/walls_r.png
  artifactKey: Guid(74784f858e1a70842a44ed79e28364fe) Importer(2089858483,0ecaa5967403d082aa24f35e1b516d23)
Start importing Assets/SciFi Warehouse Kit/Art/Textures/walls_r.png using Guid(74784f858e1a70842a44ed79e28364fe) Importer(2089858483,0ecaa5967403d082aa24f35e1b516d23) [PhysX] Initialized MultithreadedTaskDispatcher with 16 workers.
 -> (artifact id: '5c53bdb10fc26505cad132d8f2bdaf94') in 0.019989 seconds
Number of updated asset objects reloaded before import = 0
Number of asset objects unloaded after import = 1
========================================================================
Received Import Request.
  Time since last request: 0.000014 seconds.
  path: Assets/SciFi Warehouse Kit/Art/Textures/structure_props_m.png
  artifactKey: Guid(180006863563757409d719cea828251c) Importer(2089858483,0ecaa5967403d082aa24f35e1b516d23)
Start importing Assets/SciFi Warehouse Kit/Art/Textures/structure_props_m.png using Guid(180006863563757409d719cea828251c) Importer(2089858483,0ecaa5967403d082aa24f35e1b516d23) [PhysX] Initialized MultithreadedTaskDispatcher with 16 workers.
 -> (artifact id: 'a42b8049e0c7ad6fe5eb344494be0a6a') in 0.022569 seconds
Number of updated asset objects reloaded before import = 0
Number of asset objects unloaded after import = 1
========================================================================
Received Import Request.
  Time since last request: 0.000015 seconds.
  path: Assets/TextMesh Pro/Examples & Extras/Fonts/Bangers - OFL.txt
  artifactKey: Guid(efe0bf4ac872451e91612d1ae593f480) Importer(2089858483,0ecaa5967403d082aa24f35e1b516d23)
Start importing Assets/TextMesh Pro/Examples & Extras/Fonts/Bangers - OFL.txt using Guid(efe0bf4ac872451e91612d1ae593f480) Importer(2089858483,0ecaa5967403d082aa24f35e1b516d23) [PhysX] Initialized MultithreadedTaskDispatcher with 16 workers.
 -> (artifact id: 'a19da2aae8a867e7920aaad2c0d3db25') in 0.002691 seconds
Number of updated asset objects reloaded before import = 0
Number of asset objects unloaded after import = 1
========================================================================
Received Import Request.
  Time since last request: 0.000011 seconds.
  path: Assets/SciFi Warehouse Kit/Art/Textures/shelf_n.png
  artifactKey: Guid(a5d28b02fb2627442ab04901d5e442a0) Importer(2089858483,0ecaa5967403d082aa24f35e1b516d23)
Start importing Assets/SciFi Warehouse Kit/Art/Textures/shelf_n.png using Guid(a5d28b02fb2627442ab04901d5e442a0) Importer(2089858483,0ecaa5967403d082aa24f35e1b516d23) [PhysX] Initialized MultithreadedTaskDispatcher with 16 workers.
 -> (artifact id: '0316f60e9f1931f0bee63022d25a6512') in 0.011515 seconds
Number of updated asset objects reloaded before import = 0
Number of asset objects unloaded after import = 1
========================================================================
Received Import Request.
  Time since last request: 0.000029 seconds.
  path: Assets/SciFi Warehouse Kit/Art/Textures/walls_a.png
  artifactKey: Guid(b23b96e58405f5a47a3552f22652ba7b) Importer(2089858483,0ecaa5967403d082aa24f35e1b516d23)
Start importing Assets/SciFi Warehouse Kit/Art/Textures/walls_a.png using Guid(b23b96e58405f5a47a3552f22652ba7b) Importer(2089858483,0ecaa5967403d082aa24f35e1b516d23) [PhysX] Initialized MultithreadedTaskDispatcher with 16 workers.
 -> (artifact id: 'e835efdec7319dbe7e9402951e360ecc') in 0.010018 seconds
Number of updated asset objects reloaded before import = 0
Number of asset objects unloaded after import = 1
========================================================================
Received Import Request.
  Time since last request: 0.000021 seconds.
  path: Assets/TextMesh Pro/Examples & Extras/Fonts/Anton.ttf
  artifactKey: Guid(997a43b767814dd0a7642ec9b78cba41) Importer(2089858483,0ecaa5967403d082aa24f35e1b516d23)
Start importing Assets/TextMesh Pro/Examples & Extras/Fonts/Anton.ttf using Guid(997a43b767814dd0a7642ec9b78cba41) Importer(2089858483,0ecaa5967403d082aa24f35e1b516d23) [PhysX] Initialized MultithreadedTaskDispatcher with 16 workers.
 -> (artifact id: 'f346d27f5b2d3c8a38ba8f01d4a0e4ee') in 0.006132 seconds
Number of updated asset objects reloaded before import = 0
Number of asset objects unloaded after import = 3
========================================================================
Received Import Request.
  Time since last request: 0.000014 seconds.
  path: Assets/TextMesh Pro/Examples & Extras/Fonts/Bangers.ttf
  artifactKey: Guid(5dd49b3eacc540408c98eee0de38e0f1) Importer(2089858483,0ecaa5967403d082aa24f35e1b516d23)
Start importing Assets/TextMesh Pro/Examples & Extras/Fonts/Bangers.ttf using Guid(5dd49b3eacc540408c98eee0de38e0f1) Importer(2089858483,0ecaa5967403d082aa24f35e1b516d23) [PhysX] Initialized MultithreadedTaskDispatcher with 16 workers.
 -> (artifact id: '56309ce22b568fcb9e9cd8c900e82a02') in 0.006116 seconds
Number of updated asset objects reloaded before import = 0
Number of asset objects unloaded after import = 3
========================================================================
Received Import Request.
  Time since last request: 0.000012 seconds.
  path: Assets/SciFi Warehouse Kit/Art/Textures/walls_s.png
  artifactKey: Guid(3b02615374e602942a0ee9283cff5d8b) Importer(2089858483,0ecaa5967403d082aa24f35e1b516d23)
Start importing Assets/SciFi Warehouse Kit/Art/Textures/walls_s.png using Guid(3b02615374e602942a0ee9283cff5d8b) Importer(2089858483,0ecaa5967403d082aa24f35e1b516d23) [PhysX] Initialized MultithreadedTaskDispatcher with 16 workers.
 -> (artifact id: 'eaa21ae64652d7f8c66cd42a46340d57') in 0.016132 seconds
Number of updated asset objects reloaded before import = 0
Number of asset objects unloaded after import = 1
========================================================================
Received Import Request.
  Time since last request: 0.000039 seconds.
  path: Assets/SciFi Warehouse Kit/Art/Textures/Wall Alpha a.png
  artifactKey: Guid(b6df1a2e752aedc488cd14ff782e2d72) Importer(2089858483,0ecaa5967403d082aa24f35e1b516d23)
Start importing Assets/SciFi Warehouse Kit/Art/Textures/Wall Alpha a.png using Guid(b6df1a2e752aedc488cd14ff782e2d72) Importer(2089858483,0ecaa5967403d082aa24f35e1b516d23) [PhysX] Initialized MultithreadedTaskDispatcher with 16 workers.
 -> (artifact id: '518bfc0c0112eb38e3b76c6ad232866c') in 0.010319 seconds
Number of updated asset objects reloaded before import = 0
Number of asset objects unloaded after import = 1
========================================================================
Received Import Request.
  Time since last request: 0.000013 seconds.
  path: Assets/SciFi Warehouse Kit/Art/Materials/Catwalk Mat.mat
  artifactKey: Guid(e5a4594bfee8a254c9815e1b311f27d6) Importer(2089858483,0ecaa5967403d082aa24f35e1b516d23)
Start importing Assets/SciFi Warehouse Kit/Art/Materials/Catwalk Mat.mat using Guid(e5a4594bfee8a254c9815e1b311f27d6) Importer(2089858483,0ecaa5967403d082aa24f35e1b516d23) [PhysX] Initialized MultithreadedTaskDispatcher with 16 workers.
 -> (artifact id: 'aaca194a4037e088819e27a6a2c0f0ce') in 0.016836 seconds
Number of updated asset objects reloaded before import = 0
Number of asset objects unloaded after import = 3
========================================================================
Received Import Request.
  Time since last request: 0.000016 seconds.
  path: Assets/SciFi Warehouse Kit/Art/Textures/structure_misc_n.png
  artifactKey: Guid(4c163bffce96d804aada56a27e79a63f) Importer(2089858483,0ecaa5967403d082aa24f35e1b516d23)
Start importing Assets/SciFi Warehouse Kit/Art/Textures/structure_misc_n.png using Guid(4c163bffce96d804aada56a27e79a63f) Importer(2089858483,0ecaa5967403d082aa24f35e1b516d23) [PhysX] Initialized MultithreadedTaskDispatcher with 16 workers.
 -> (artifact id: '54cb49c9ffc37a1a3d76b4f95c5a026b') in 0.012994 seconds
Number of updated asset objects reloaded before import = 0
Number of asset objects unloaded after import = 1
========================================================================
Received Import Request.
  Time since last request: 0.000016 seconds.
  path: Assets/Scripts/Player/PlayerRotate.cs
  artifactKey: Guid(12d01bcdd112fcb488ba9a1c335f5330) Importer(2089858483,0ecaa5967403d082aa24f35e1b516d23)
Start importing Assets/Scripts/Player/PlayerRotate.cs using Guid(12d01bcdd112fcb488ba9a1c335f5330) Importer(2089858483,0ecaa5967403d082aa24f35e1b516d23) [PhysX] Initialized MultithreadedTaskDispatcher with 16 workers.
 -> (artifact id: 'ca4823b69c456bfbda0a91e644729c51') in 0.002458 seconds
Number of updated asset objects reloaded before import = 0
Number of asset objects unloaded after import = 1
========================================================================
Received Import Request.
  Time since last request: 0.000013 seconds.
  path: Assets/ProBuilder Data/Default Material Palette.asset
  artifactKey: Guid(bb3a9a47f0bd4034581499efa0a3cf7c) Importer(815301076,1909f56bfc062723c751e8b465ee728b)
Start importing Assets/ProBuilder Data/Default Material Palette.asset using Guid(bb3a9a47f0bd4034581499efa0a3cf7c) Importer(815301076,1909f56bfc062723c751e8b465ee728b) [PhysX] Initialized MultithreadedTaskDispatcher with 16 workers.
 -> (artifact id: '57b8c3a69a4c471f9af25e439281927e') in 0.001086 seconds
Number of updated asset objects reloaded before import = 0
Number of asset objects unloaded after import = 3
========================================================================
Received Import Request.
  Time since last request: 0.000009 seconds.
  path: Assets/Resource/Weapon01_gun.png
  artifactKey: Guid(17995eb34b890634391e64109f16e0a3) Importer(2089858483,0ecaa5967403d082aa24f35e1b516d23)
Start importing Assets/Resource/Weapon01_gun.png using Guid(17995eb34b890634391e64109f16e0a3) Importer(2089858483,0ecaa5967403d082aa24f35e1b516d23) [PhysX] Initialized MultithreadedTaskDispatcher with 16 workers.
 -> (artifact id: '13da863615728764c302f0f710456f0d') in 0.008891 seconds
Number of updated asset objects reloaded before import = 0
Number of asset objects unloaded after import = 3
========================================================================
Received Import Request.
  Time since last request: 0.003956 seconds.
  path: Assets/SciFi Warehouse Kit/Art/Textures/structure_props_a.png
  artifactKey: Guid(d323d35d0f47e0444afc48f7d9866119) Importer(2089858483,0ecaa5967403d082aa24f35e1b516d23)
Start importing Assets/SciFi Warehouse Kit/Art/Textures/structure_props_a.png using Guid(d323d35d0f47e0444afc48f7d9866119) Importer(2089858483,0ecaa5967403d082aa24f35e1b516d23) [PhysX] Initialized MultithreadedTaskDispatcher with 16 workers.
 -> (artifact id: '0fc780323fb5f62f52289bac891d8b6c') in 0.011901 seconds
Number of updated asset objects reloaded before import = 0
Number of asset objects unloaded after import = 1
========================================================================
Received Import Request.
  Time since last request: 0.000014 seconds.
  path: Assets/Scripts/Player/Bomb.cs
  artifactKey: Guid(14938368e4a7f22498f70bfbad19e254) Importer(2089858483,0ecaa5967403d082aa24f35e1b516d23)
Start importing Assets/Scripts/Player/Bomb.cs using Guid(14938368e4a7f22498f70bfbad19e254) Importer(2089858483,0ecaa5967403d082aa24f35e1b516d23) [PhysX] Initialized MultithreadedTaskDispatcher with 16 workers.
 -> (artifact id: '8c6c6bd1d24dd82c0aef583070dcb4f1') in 0.004066 seconds
Number of updated asset objects reloaded before import = 0
Number of asset objects unloaded after import = 1
========================================================================
Received Import Request.
  Time since last request: 0.000030 seconds.
  path: Assets/SciFi Warehouse Kit/Art/Textures/crate_long_n.png
  artifactKey: Guid(eec563fe86a1585419e6bff27e4dfb68) Importer(2089858483,0ecaa5967403d082aa24f35e1b516d23)
Start importing Assets/SciFi Warehouse Kit/Art/Textures/crate_long_n.png using Guid(eec563fe86a1585419e6bff27e4dfb68) Importer(2089858483,0ecaa5967403d082aa24f35e1b516d23) [PhysX] Initialized MultithreadedTaskDispatcher with 16 workers.
 -> (artifact id: 'c8ba22f6a73c33468c6f9f83c9eff86d') in 0.012257 seconds
Number of updated asset objects reloaded before import = 0
Number of asset objects unloaded after import = 1
========================================================================
Received Import Request.
  Time since last request: 0.000051 seconds.
  path: Assets/TextMesh Pro/Examples & Extras/Scripts/TMP_TextInfoDebugTool.cs
  artifactKey: Guid(21256c5b62f346f18640dad779911e20) Importer(815301076,1909f56bfc062723c751e8b465ee728b)
Start importing Assets/TextMesh Pro/Examples & Extras/Scripts/TMP_TextInfoDebugTool.cs using Guid(21256c5b62f346f18640dad779911e20) Importer(815301076,1909f56bfc062723c751e8b465ee728b) [PhysX] Initialized MultithreadedTaskDispatcher with 16 workers.
 -> (artifact id: '8fbfabfaf2c4fb57e7dce16b5e649ceb') in 0.000433 seconds
Number of updated asset objects reloaded before import = 0
Number of asset objects unloaded after import = 0
========================================================================
Received Import Request.
  Time since last request: 0.000012 seconds.
  path: Assets/SciFi Warehouse Kit/Art/Textures/fan_n.png
  artifactKey: Guid(3e5b45c25b7eed74880f8f97805917af) Importer(2089858483,0ecaa5967403d082aa24f35e1b516d23)
Start importing Assets/SciFi Warehouse Kit/Art/Textures/fan_n.png using Guid(3e5b45c25b7eed74880f8f97805917af) Importer(2089858483,0ecaa5967403d082aa24f35e1b516d23) [PhysX] Initialized MultithreadedTaskDispatcher with 16 workers.
 -> (artifact id: '20ac035893e9cdc1bc138d632aa0300d') in 0.011362 seconds
Number of updated asset objects reloaded before import = 0
Number of asset objects unloaded after import = 1
========================================================================
Received Import Request.
  Time since last request: 0.000016 seconds.
  path: Assets/SciFi Warehouse Kit/Art/Textures/barrel_n.png
  artifactKey: Guid(5541caacf9b1603498d5df299b5b9254) Importer(2089858483,0ecaa5967403d082aa24f35e1b516d23)
Start importing Assets/SciFi Warehouse Kit/Art/Textures/barrel_n.png using Guid(5541caacf9b1603498d5df299b5b9254) Importer(2089858483,0ecaa5967403d082aa24f35e1b516d23) [PhysX] Initialized MultithreadedTaskDispatcher with 16 workers.
 -> (artifact id: '365dd15588ed716e692e058c8d134586') in 0.012760 seconds
Number of updated asset objects reloaded before import = 0
Number of asset objects unloaded after import = 1
========================================================================
Received Import Request.
  Time since last request: 0.000027 seconds.
  path: Assets/SciFi Warehouse Kit/Art/Materials/Light Fixture Mat.mat
  artifactKey: Guid(bb2d88d2112f74d4b8dfef23a4b5d31d) Importer(2089858483,0ecaa5967403d082aa24f35e1b516d23)
Start importing Assets/SciFi Warehouse Kit/Art/Materials/Light Fixture Mat.mat using Guid(bb2d88d2112f74d4b8dfef23a4b5d31d) Importer(2089858483,0ecaa5967403d082aa24f35e1b516d23) [PhysX] Initialized MultithreadedTaskDispatcher with 16 workers.
 -> (artifact id: '60fdbd283f3f332582c8ab2e6af2ca99') in 0.009987 seconds
Number of updated asset objects reloaded before import = 0
Number of asset objects unloaded after import = 3
========================================================================
Received Import Request.
  Time since last request: 0.000020 seconds.
  path: Assets/TextMesh Pro/Shaders/TMP_SDF-Surface.shader
  artifactKey: Guid(f7ada0af4f174f0694ca6a487b8f543d) Importer(2089858483,0ecaa5967403d082aa24f35e1b516d23)
Start importing Assets/TextMesh Pro/Shaders/TMP_SDF-Surface.shader using Guid(f7ada0af4f174f0694ca6a487b8f543d) Importer(2089858483,0ecaa5967403d082aa24f35e1b516d23) [PhysX] Initialized MultithreadedTaskDispatcher with 16 workers.
 -> (artifact id: '8824e7d01197f76fc1068f9d89178f97') in 0.003296 seconds
Number of updated asset objects reloaded before import = 0
Number of asset objects unloaded after import = 1
========================================================================
Received Import Request.
  Time since last request: 0.000013 seconds.
  path: Assets/SciFi Warehouse Kit/Art/Materials/Walls Alpha.mat
  artifactKey: Guid(9105cf4bbc4fb31479e2afe3138479a0) Importer(2089858483,0ecaa5967403d082aa24f35e1b516d23)
Start importing Assets/SciFi Warehouse Kit/Art/Materials/Walls Alpha.mat using Guid(9105cf4bbc4fb31479e2afe3138479a0) Importer(2089858483,0ecaa5967403d082aa24f35e1b516d23) [PhysX] Initialized MultithreadedTaskDispatcher with 16 workers.
 -> (artifact id: 'c58b0c98dcb0677b7c6bad418992d232') in 0.010259 seconds
Number of updated asset objects reloaded before import = 0
Number of asset objects unloaded after import = 3
========================================================================
Received Import Request.
  Time since last request: 0.000013 seconds.
  path: Assets/SciFi Warehouse Kit/Art/Materials/Structure Mat.mat
  artifactKey: Guid(8ff1df6862ae9684eb34810df64bc115) Importer(2089858483,0ecaa5967403d082aa24f35e1b516d23)
Start importing Assets/SciFi Warehouse Kit/Art/Materials/Structure Mat.mat using Guid(8ff1df6862ae9684eb34810df64bc115) Importer(2089858483,0ecaa5967403d082aa24f35e1b516d23) [PhysX] Initialized MultithreadedTaskDispatcher with 16 workers.
 -> (artifact id: 'e2aab950b121e12ca290088115fbf3ee') in 0.011969 seconds
Number of updated asset objects reloaded before import = 0
Number of asset objects unloaded after import = 3
========================================================================
Received Import Request.
  Time since last request: 0.000013 seconds.
  path: Assets/TextMesh Pro/Shaders/TMPro_Properties.cginc
  artifactKey: Guid(3997e2241185407d80309a82f9148466) Importer(2089858483,0ecaa5967403d082aa24f35e1b516d23)
Start importing Assets/TextMesh Pro/Shaders/TMPro_Properties.cginc using Guid(3997e2241185407d80309a82f9148466) Importer(2089858483,0ecaa5967403d082aa24f35e1b516d23) [PhysX] Initialized MultithreadedTaskDispatcher with 16 workers.
 -> (artifact id: 'c23aede5e91b88ee0c4dc1e088640389') in 0.002539 seconds
Number of updated asset objects reloaded before import = 0
Number of asset objects unloaded after import = 1
========================================================================
Received Import Request.
  Time since last request: 0.000013 seconds.
  path: Assets/TextMesh Pro/Examples & Extras/Scenes/10 - Bullets & Numbered List Example.unity
  artifactKey: Guid(c3f814e1d12c45568daf3dd9a86a0e61) Importer(2089858483,0ecaa5967403d082aa24f35e1b516d23)
Start importing Assets/TextMesh Pro/Examples & Extras/Scenes/10 - Bullets & Numbered List Example.unity using Guid(c3f814e1d12c45568daf3dd9a86a0e61) Importer(2089858483,0ecaa5967403d082aa24f35e1b516d23) [PhysX] Initialized MultithreadedTaskDispatcher with 16 workers.
 -> (artifact id: '65c7f56022bbfcd57a72afd44bae320e') in 0.003213 seconds
Number of updated asset objects reloaded before import = 0
Number of asset objects unloaded after import = 1
========================================================================
Received Import Request.
  Time since last request: 0.000016 seconds.
  path: Assets/SciFi Warehouse Kit/Art/Materials/Barrel Mat.mat
  artifactKey: Guid(f3a4fc37985dd274bb359bdfade8159f) Importer(2089858483,0ecaa5967403d082aa24f35e1b516d23)
Start importing Assets/SciFi Warehouse Kit/Art/Materials/Barrel Mat.mat using Guid(f3a4fc37985dd274bb359bdfade8159f) Importer(2089858483,0ecaa5967403d082aa24f35e1b516d23) [PhysX] Initialized MultithreadedTaskDispatcher with 16 workers.
 -> (artifact id: '83c6ab0e5a16241eae48d83d649fa9ba') in 0.011035 seconds
Number of updated asset objects reloaded before import = 0
Number of asset objects unloaded after import = 3
========================================================================
Received Import Request.
  Time since last request: 0.000013 seconds.
  path: Assets/TextMesh Pro/Fonts/LiberationSans - OFL.txt
  artifactKey: Guid(6e59c59b81ab47f9b6ec5781fa725d2c) Importer(2089858483,0ecaa5967403d082aa24f35e1b516d23)
Start importing Assets/TextMesh Pro/Fonts/LiberationSans - OFL.txt using Guid(6e59c59b81ab47f9b6ec5781fa725d2c) Importer(2089858483,0ecaa5967403d082aa24f35e1b516d23) [PhysX] Initialized MultithreadedTaskDispatcher with 16 workers.
 -> (artifact id: 'dfc535f0019a488491f93485a3752749') in 0.002604 seconds
Number of updated asset objects reloaded before import = 0
Number of asset objects unloaded after import = 1
========================================================================
Received Import Request.
  Time since last request: 0.000013 seconds.
  path: Assets/SciFi Warehouse Kit/Art/Textures/extinguisher_s.png
  artifactKey: Guid(f946a027abe17c04c993b2385163fd73) Importer(2089858483,0ecaa5967403d082aa24f35e1b516d23)
Start importing Assets/SciFi Warehouse Kit/Art/Textures/extinguisher_s.png using Guid(f946a027abe17c04c993b2385163fd73) Importer(2089858483,0ecaa5967403d082aa24f35e1b516d23) [PhysX] Initialized MultithreadedTaskDispatcher with 16 workers.
 -> (artifact id: 'a183d79bfecb11c14e04865e7c7ee6bd') in 0.015008 seconds
Number of updated asset objects reloaded before import = 0
Number of asset objects unloaded after import = 1
========================================================================
Received Import Request.
  Time since last request: 0.000017 seconds.
  path: Assets/SciFi Warehouse Kit/Art/Textures/structure_props_s.png
  artifactKey: Guid(aa60ea3c5d53e5940a26d7f5b87c2055) Importer(2089858483,0ecaa5967403d082aa24f35e1b516d23)
Start importing Assets/SciFi Warehouse Kit/Art/Textures/structure_props_s.png using Guid(aa60ea3c5d53e5940a26d7f5b87c2055) Importer(2089858483,0ecaa5967403d082aa24f35e1b516d23) [PhysX] Initialized MultithreadedTaskDispatcher with 16 workers.
 -> (artifact id: '57e090a216bf4cef605adf461b9452f0') in 0.015074 seconds
Number of updated asset objects reloaded before import = 0
Number of asset objects unloaded after import = 1
========================================================================
Received Import Request.
  Time since last request: 0.000012 seconds.
  path: Assets/Font/NotoSansKR-ExtraBold.ttf
  artifactKey: Guid(75720fd72c395a94aaeefd0f14618cb8) Importer(2089858483,0ecaa5967403d082aa24f35e1b516d23)
Start importing Assets/Font/NotoSansKR-ExtraBold.ttf using Guid(75720fd72c395a94aaeefd0f14618cb8) Importer(2089858483,0ecaa5967403d082aa24f35e1b516d23) [PhysX] Initialized MultithreadedTaskDispatcher with 16 workers.
 -> (artifact id: '424313d63796b9fa4bba96479ee0593f') in 0.011618 seconds
Number of updated asset objects reloaded before import = 0
Number of asset objects unloaded after import = 3
========================================================================
Received Import Request.
  Time since last request: 0.000011 seconds.
  path: Assets/SciFi Warehouse Kit/Art/Materials/Walls.mat
  artifactKey: Guid(d893f707bc253a84aa1e7d87361c830a) Importer(2089858483,0ecaa5967403d082aa24f35e1b516d23)
Start importing Assets/SciFi Warehouse Kit/Art/Materials/Walls.mat using Guid(d893f707bc253a84aa1e7d87361c830a) Importer(2089858483,0ecaa5967403d082aa24f35e1b516d23) [PhysX] Initialized MultithreadedTaskDispatcher with 16 workers.
 -> (artifact id: '3886b447dd0a12e1fe6735facf45bc1a') in 0.008269 seconds
Number of updated asset objects reloaded before import = 0
Number of asset objects unloaded after import = 3
========================================================================
Received Import Request.
  Time since last request: 0.000013 seconds.
  path: Assets/Scenes/LoginScene.unity
  artifactKey: Guid(ddaa3a973ac423548a7d322469687b25) Importer(2089858483,0ecaa5967403d082aa24f35e1b516d23)
Start importing Assets/Scenes/LoginScene.unity using Guid(ddaa3a973ac423548a7d322469687b25) Importer(2089858483,0ecaa5967403d082aa24f35e1b516d23) [PhysX] Initialized MultithreadedTaskDispatcher with 16 workers.
 -> (artifact id: '686ea08f9bcf06d610bcd021d5ba297e') in 0.003154 seconds
Number of updated asset objects reloaded before import = 0
Number of asset objects unloaded after import = 1
========================================================================
Received Import Request.
  Time since last request: 0.000012 seconds.
  path: Assets/TextMesh Pro/Shaders/TMP_SDF-Surface-Mobile.shader
  artifactKey: Guid(85187c2149c549c5b33f0cdb02836b17) Importer(2089858483,0ecaa5967403d082aa24f35e1b516d23)
Start importing Assets/TextMesh Pro/Shaders/TMP_SDF-Surface-Mobile.shader using Guid(85187c2149c549c5b33f0cdb02836b17) Importer(2089858483,0ecaa5967403d082aa24f35e1b516d23) [PhysX] Initialized MultithreadedTaskDispatcher with 16 workers.
 -> (artifact id: 'c7f84130440c221688513d3ab47abab9') in 0.003210 seconds
Number of updated asset objects reloaded before import = 0
Number of asset objects unloaded after import = 1
========================================================================
Received Import Request.
  Time since last request: 0.000017 seconds.
  path: Assets/ProBuilder Data/Default Color Palette.asset
  artifactKey: Guid(6db1b73e672502f47b4df4b2840a5e07) Importer(815301076,1909f56bfc062723c751e8b465ee728b)
Start importing Assets/ProBuilder Data/Default Color Palette.asset using Guid(6db1b73e672502f47b4df4b2840a5e07) Importer(815301076,1909f56bfc062723c751e8b465ee728b) [PhysX] Initialized MultithreadedTaskDispatcher with 16 workers.
 -> (artifact id: 'f2f55a467a87756c40ace7cd5ced5f3c') in 0.001087 seconds
Number of updated asset objects reloaded before import = 0
Number of asset objects unloaded after import = 1
========================================================================
Received Import Request.
  Time since last request: 0.000010 seconds.
  path: Assets/TextMesh Pro/Examples & Extras/Fonts/Oswald-Bold - OFL.txt
  artifactKey: Guid(d2cf87a8a7a94aa8b80dff1c807c1178) Importer(2089858483,0ecaa5967403d082aa24f35e1b516d23)
Start importing Assets/TextMesh Pro/Examples & Extras/Fonts/Oswald-Bold - OFL.txt using Guid(d2cf87a8a7a94aa8b80dff1c807c1178) Importer(2089858483,0ecaa5967403d082aa24f35e1b516d23) [PhysX] Initialized MultithreadedTaskDispatcher with 16 workers.
 -> (artifact id: '44352048a4ce5e3b2a6a02a679763e44') in 0.002339 seconds
Number of updated asset objects reloaded before import = 0
Number of asset objects unloaded after import = 1
========================================================================
Received Import Request.
  Time since last request: 0.000012 seconds.
  path: Assets/SciFi Warehouse Kit/Art/Textures/garbage_bin_a.png
  artifactKey: Guid(d9ae4d3b69f59704c9887f5ceb6ff8b6) Importer(2089858483,0ecaa5967403d082aa24f35e1b516d23)
Start importing Assets/SciFi Warehouse Kit/Art/Textures/garbage_bin_a.png using Guid(d9ae4d3b69f59704c9887f5ceb6ff8b6) Importer(2089858483,0ecaa5967403d082aa24f35e1b516d23) [PhysX] Initialized MultithreadedTaskDispatcher with 16 workers.
 -> (artifact id: 'efeb342888d40184217fe6b36abb2720') in 0.009194 seconds
Number of updated asset objects reloaded before import = 0
Number of asset objects unloaded after import = 1
========================================================================
Received Import Request.
  Time since last request: 0.000012 seconds.
  path: Assets/SciFi Warehouse Kit/Demo/Scripts/PlayRandomSound.cs
  artifactKey: Guid(fa804e3faf03f6e4c8bcc4681f3077fc) Importer(2089858483,0ecaa5967403d082aa24f35e1b516d23)
Start importing Assets/SciFi Warehouse Kit/Demo/Scripts/PlayRandomSound.cs using Guid(fa804e3faf03f6e4c8bcc4681f3077fc) Importer(2089858483,0ecaa5967403d082aa24f35e1b516d23) [PhysX] Initialized MultithreadedTaskDispatcher with 16 workers.
 -> (artifact id: 'cb1eced6219919867ce673d48dce863e') in 0.002808 seconds
Number of updated asset objects reloaded before import = 0
Number of asset objects unloaded after import = 1
========================================================================
Received Import Request.
  Time since last request: 0.000013 seconds.
  path: Assets/SciFi Warehouse Kit/Demo/Scripts/MouseComponent.cs
  artifactKey: Guid(2bd920a6d4c8a664f87d50801bfee470) Importer(2089858483,0ecaa5967403d082aa24f35e1b516d23)
Start importing Assets/SciFi Warehouse Kit/Demo/Scripts/MouseComponent.cs using Guid(2bd920a6d4c8a664f87d50801bfee470) Importer(2089858483,0ecaa5967403d082aa24f35e1b516d23) [PhysX] Initialized MultithreadedTaskDispatcher with 16 workers.
 -> (artifact id: 'd8ac68709bef53366c45992fa1ccb12c') in 0.003087 seconds
Number of updated asset objects reloaded before import = 0
Number of asset objects unloaded after import = 1
========================================================================
Received Import Request.
  Time since last request: 0.000014 seconds.
  path: Assets/ProBuilder Data/Default Color Palette.asset
  artifactKey: Guid(6db1b73e672502f47b4df4b2840a5e07) Importer(2089858483,0ecaa5967403d082aa24f35e1b516d23)
Start importing Assets/ProBuilder Data/Default Color Palette.asset using Guid(6db1b73e672502f47b4df4b2840a5e07) Importer(2089858483,0ecaa5967403d082aa24f35e1b516d23) [PhysX] Initialized MultithreadedTaskDispatcher with 16 workers.
 -> (artifact id: '25913d8e98a8a54251e2c163b33c4d77') in 0.003236 seconds
Number of updated asset objects reloaded before import = 0
Number of asset objects unloaded after import = 1
========================================================================
Received Import Request.
  Time since last request: 0.033737 seconds.
  path: Assets/TextMesh Pro/Examples & Extras/Scenes/12a - Text Interactions.unity
  artifactKey: Guid(08572ab7713642c8a60789750f0bce5c) Importer(2089858483,0ecaa5967403d082aa24f35e1b516d23)
Start importing Assets/TextMesh Pro/Examples & Extras/Scenes/12a - Text Interactions.unity using Guid(08572ab7713642c8a60789750f0bce5c) Importer(2089858483,0ecaa5967403d082aa24f35e1b516d23) [PhysX] Initialized MultithreadedTaskDispatcher with 16 workers.
 -> (artifact id: '1b2665c1fef2f5af40d8b407a495be4c') in 0.002634 seconds
Number of updated asset objects reloaded before import = 0
Number of asset objects unloaded after import = 1
========================================================================
Received Import Request.
  Time since last request: 0.000015 seconds.
  path: Assets/TextMesh Pro/Resources/Fonts & Materials/LiberationSans SDF - Drop Shadow.mat
  artifactKey: Guid(e73a58f6e2794ae7b1b7e50b7fb811b0) Importer(2089858483,0ecaa5967403d082aa24f35e1b516d23)
Start importing Assets/TextMesh Pro/Resources/Fonts & Materials/LiberationSans SDF - Drop Shadow.mat using Guid(e73a58f6e2794ae7b1b7e50b7fb811b0) Importer(2089858483,0ecaa5967403d082aa24f35e1b516d23) [PhysX] Initialized MultithreadedTaskDispatcher with 16 workers.
 -> (artifact id: '760896eb00e0f06707e19f7e6d6c8229') in 0.017107 seconds
Number of updated asset objects reloaded before import = 0
Number of asset objects unloaded after import = 2
========================================================================
Received Import Request.
  Time since last request: 0.000015 seconds.
  path: Assets/SciFi Warehouse Kit/Demo/Audio/SFX/Fan_St.wav
  artifactKey: Guid(bea37e2f1d9209440aac9a3d03a16787) Importer(2089858483,0ecaa5967403d082aa24f35e1b516d23)
Start importing Assets/SciFi Warehouse Kit/Demo/Audio/SFX/Fan_St.wav using Guid(bea37e2f1d9209440aac9a3d03a16787) Importer(2089858483,0ecaa5967403d082aa24f35e1b516d23) [PhysX] Initialized MultithreadedTaskDispatcher with 16 workers.
 -> (artifact id: 'e4bd003635beb1131528ca543dc81156') in 0.040807 seconds
Number of updated asset objects reloaded before import = 0
Number of asset objects unloaded after import = 1
========================================================================
Received Import Request.
  Time since last request: 0.000014 seconds.
  path: Assets/TextMesh Pro/Examples & Extras/Textures/Small Crate_normal.jpg
  artifactKey: Guid(8878a782f4334ecbbcf683b3ac780966) Importer(2089858483,0ecaa5967403d082aa24f35e1b516d23)
Start importing Assets/TextMesh Pro/Examples & Extras/Textures/Small Crate_normal.jpg using Guid(8878a782f4334ecbbcf683b3ac780966) Importer(2089858483,0ecaa5967403d082aa24f35e1b516d23) [PhysX] Initialized MultithreadedTaskDispatcher with 16 workers.
 -> (artifact id: '38f5632ff2c0942827f217100eddb194') in 0.008149 seconds
Number of updated asset objects reloaded before import = 0
Number of asset objects unloaded after import = 1
========================================================================
Received Import Request.
  Time since last request: 0.000014 seconds.
  path: Assets/TextMesh Pro/Examples & Extras/Scripts/TMP_TextInfoDebugTool.cs
  artifactKey: Guid(21256c5b62f346f18640dad779911e20) Importer(2089858483,0ecaa5967403d082aa24f35e1b516d23)
Start importing Assets/TextMesh Pro/Examples & Extras/Scripts/TMP_TextInfoDebugTool.cs using Guid(21256c5b62f346f18640dad779911e20) Importer(2089858483,0ecaa5967403d082aa24f35e1b516d23) [PhysX] Initialized MultithreadedTaskDispatcher with 16 workers.
 -> (artifact id: 'be219e446c017b3d8f65b7cc4335377b') in 0.003853 seconds
Number of updated asset objects reloaded before import = 0
Number of asset objects unloaded after import = 1
========================================================================
Received Import Request.
  Time since last request: 0.000014 seconds.
  path: Assets/TextMesh Pro/Examples & Extras/Scripts/TMP_TextSelector_A.cs
  artifactKey: Guid(103e0a6a1d404693b9fb1a5173e0e979) Importer(2089858483,0ecaa5967403d082aa24f35e1b516d23)
Start importing Assets/TextMesh Pro/Examples & Extras/Scripts/TMP_TextSelector_A.cs using Guid(103e0a6a1d404693b9fb1a5173e0e979) Importer(2089858483,0ecaa5967403d082aa24f35e1b516d23) [PhysX] Initialized MultithreadedTaskDispatcher with 16 workers.
 -> (artifact id: 'aafa010202d93e13da8bb07f54ae3731') in 0.002592 seconds
Number of updated asset objects reloaded before import = 0
Number of asset objects unloaded after import = 1
========================================================================
Received Import Request.
  Time since last request: 0.000012 seconds.
  path: Assets/SciFi Warehouse Kit/Art/Textures/Skybox/Right.png
  artifactKey: Guid(c14d76bd0519285429da8d1ca6420ffb) Importer(2089858483,0ecaa5967403d082aa24f35e1b516d23)
Start importing Assets/SciFi Warehouse Kit/Art/Textures/Skybox/Right.png using Guid(c14d76bd0519285429da8d1ca6420ffb) Importer(2089858483,0ecaa5967403d082aa24f35e1b516d23) [PhysX] Initialized MultithreadedTaskDispatcher with 16 workers.
 -> (artifact id: '09d1866ec99a2993dc7e8802f1035831') in 0.008974 seconds
Number of updated asset objects reloaded before import = 0
Number of asset objects unloaded after import = 1
========================================================================
Received Import Request.
  Time since last request: 0.000012 seconds.
  path: Assets/SciFi Warehouse Kit/Demo/Audio/SFX/background_rumble.wav
  artifactKey: Guid(e11a3f731847f0448845ec6c60b679ba) Importer(2089858483,0ecaa5967403d082aa24f35e1b516d23)
Start importing Assets/SciFi Warehouse Kit/Demo/Audio/SFX/background_rumble.wav using Guid(e11a3f731847f0448845ec6c60b679ba) Importer(2089858483,0ecaa5967403d082aa24f35e1b516d23) [PhysX] Initialized MultithreadedTaskDispatcher with 16 workers.
 -> (artifact id: 'fd95c66245852ad2f3d99b50f36852c8') in 0.067767 seconds
Number of updated asset objects reloaded before import = 0
Number of asset objects unloaded after import = 1
========================================================================
Received Import Request.
  Time since last request: 0.000013 seconds.
  path: Assets/TextMesh Pro/Examples & Extras/Textures/Text Overflow - Linked Text Image 1.png
  artifactKey: Guid(4ccf43d26c4748c792174516f4a8fcef) Importer(2089858483,0ecaa5967403d082aa24f35e1b516d23)
Start importing Assets/TextMesh Pro/Examples & Extras/Textures/Text Overflow - Linked Text Image 1.png using Guid(4ccf43d26c4748c792174516f4a8fcef) Importer(2089858483,0ecaa5967403d082aa24f35e1b516d23) [PhysX] Initialized MultithreadedTaskDispatcher with 16 workers.
 -> (artifact id: 'ba0dfca0022b8bb9b621fc82a6400c47') in 0.012918 seconds
Number of updated asset objects reloaded before import = 0
Number of asset objects unloaded after import = 1
========================================================================
Received Import Request.
  Time since last request: 0.000015 seconds.
  path: Assets/TextMesh Pro/Examples & Extras/Scripts/TeleType.cs
  artifactKey: Guid(e32c266ee6204b21a427753cb0694c81) Importer(2089858483,0ecaa5967403d082aa24f35e1b516d23)
Start importing Assets/TextMesh Pro/Examples & Extras/Scripts/TeleType.cs using Guid(e32c266ee6204b21a427753cb0694c81) Importer(2089858483,0ecaa5967403d082aa24f35e1b516d23) [PhysX] Initialized MultithreadedTaskDispatcher with 16 workers.
 -> (artifact id: 'dc10f2a10eeabc1eb9492062e771e0c4') in 0.003672 seconds
Number of updated asset objects reloaded before import = 0
Number of asset objects unloaded after import = 1
========================================================================
Received Import Request.
  Time since last request: 0.000012 seconds.
  path: Assets/TextMesh Pro/Examples & Extras/Textures/Wipe Pattern - Diagonal.psd
  artifactKey: Guid(ed5290d8df18488780e2996b9b882f01) Importer(2089858483,0ecaa5967403d082aa24f35e1b516d23)
Start importing Assets/TextMesh Pro/Examples & Extras/Textures/Wipe Pattern - Diagonal.psd using Guid(ed5290d8df18488780e2996b9b882f01) Importer(2089858483,0ecaa5967403d082aa24f35e1b516d23) [PhysX] Initialized MultithreadedTaskDispatcher with 16 workers.
 -> (artifact id: 'b437c195f261d71fbb2f3cd278b0a5d4') in 0.008075 seconds
Number of updated asset objects reloaded before import = 0
Number of asset objects unloaded after import = 1
========================================================================
Received Import Request.
  Time since last request: 0.000011 seconds.
  path: Assets/TextMesh Pro/Examples & Extras/Scripts/TMP_TextSelector_B.cs
  artifactKey: Guid(a05dcd8be7ec4ccbb35c26219884aa37) Importer(2089858483,0ecaa5967403d082aa24f35e1b516d23)
Start importing Assets/TextMesh Pro/Examples & Extras/Scripts/TMP_TextSelector_B.cs using Guid(a05dcd8be7ec4ccbb35c26219884aa37) Importer(2089858483,0ecaa5967403d082aa24f35e1b516d23) [PhysX] Initialized MultithreadedTaskDispatcher with 16 workers.
 -> (artifact id: '751de6ef871ac00795573c759e4c7eef') in 0.004047 seconds
Number of updated asset objects reloaded before import = 0
Number of asset objects unloaded after import = 1
========================================================================
Received Import Request.
  Time since last request: 0.000015 seconds.
  path: Assets/TextMesh Pro/Examples & Extras/Scripts/TMP_TextEventCheck.cs
  artifactKey: Guid(d736ce056cf444ca96e424f4d9c42b76) Importer(2089858483,0ecaa5967403d082aa24f35e1b516d23)
Start importing Assets/TextMesh Pro/Examples & Extras/Scripts/TMP_TextEventCheck.cs using Guid(d736ce056cf444ca96e424f4d9c42b76) Importer(2089858483,0ecaa5967403d082aa24f35e1b516d23) [PhysX] Initialized MultithreadedTaskDispatcher with 16 workers.
 -> (artifact id: '868836bc60713736b1274a45e004215d') in 0.003698 seconds
Number of updated asset objects reloaded before import = 0
Number of asset objects unloaded after import = 1
========================================================================
Received Import Request.
  Time since last request: 0.000018 seconds.
  path: Assets/TextMesh Pro/Examples & Extras/Textures/Floor Tiles 1 - diffuse.jpg
  artifactKey: Guid(85ac55597b97403c82fc6601a93cf241) Importer(2089858483,0ecaa5967403d082aa24f35e1b516d23)
Start importing Assets/TextMesh Pro/Examples & Extras/Textures/Floor Tiles 1 - diffuse.jpg using Guid(85ac55597b97403c82fc6601a93cf241) Importer(2089858483,0ecaa5967403d082aa24f35e1b516d23) [PhysX] Initialized MultithreadedTaskDispatcher with 16 workers.
 -> (artifact id: '7e2949f538126fcae5a5d7dff6d0fc30') in 0.008349 seconds
Number of updated asset objects reloaded before import = 0
Number of asset objects unloaded after import = 1
========================================================================
Received Import Request.
  Time since last request: 0.000013 seconds.
  path: Assets/TextMesh Pro/Examples & Extras/Scenes/20 - Input Field with Scrollbar.unity
  artifactKey: Guid(337f92480dd24675aae9e79210fb1ad9) Importer(2089858483,0ecaa5967403d082aa24f35e1b516d23)
Start importing Assets/TextMesh Pro/Examples & Extras/Scenes/20 - Input Field with Scrollbar.unity using Guid(337f92480dd24675aae9e79210fb1ad9) Importer(2089858483,0ecaa5967403d082aa24f35e1b516d23) [PhysX] Initialized MultithreadedTaskDispatcher with 16 workers.
 -> (artifact id: 'f21e236f75bdda9b78c95b50fd9a7f59') in 0.002066 seconds
Number of updated asset objects reloaded before import = 0
Number of asset objects unloaded after import = 1
========================================================================
Received Import Request.
  Time since last request: 0.000017 seconds.
  path: Assets/TextMesh Pro/Examples & Extras/Scenes/22 - Basic Scripting Example.unity
  artifactKey: Guid(6250f98e58fe4abbaada5d84b7ca846d) Importer(2089858483,0ecaa5967403d082aa24f35e1b516d23)
Start importing Assets/TextMesh Pro/Examples & Extras/Scenes/22 - Basic Scripting Example.unity using Guid(6250f98e58fe4abbaada5d84b7ca846d) Importer(2089858483,0ecaa5967403d082aa24f35e1b516d23) [PhysX] Initialized MultithreadedTaskDispatcher with 16 workers.
 -> (artifact id: 'fb5857d7626819a2b1e756be4efa2757') in 0.002106 seconds
Number of updated asset objects reloaded before import = 0
Number of asset objects unloaded after import = 1
========================================================================
Received Import Request.
  Time since last request: 0.000010 seconds.
  path: Assets/TextMesh Pro/Examples & Extras/Scripts/Benchmark01.cs
  artifactKey: Guid(f970ea55f9f84bf79b05dab180b8c125) Importer(2089858483,0ecaa5967403d082aa24f35e1b516d23)
Start importing Assets/TextMesh Pro/Examples & Extras/Scripts/Benchmark01.cs using Guid(f970ea55f9f84bf79b05dab180b8c125) Importer(2089858483,0ecaa5967403d082aa24f35e1b516d23) [PhysX] Initialized MultithreadedTaskDispatcher with 16 workers.
 -> (artifact id: '73da39166f248c791143558ff8b99003') in 0.002396 seconds
Number of updated asset objects reloaded before import = 0
Number of asset objects unloaded after import = 1
========================================================================
Received Import Request.
  Time since last request: 0.000012 seconds.
  path: Assets/TextMesh Pro/Examples & Extras/Textures/Wipe Pattern - Circle.psd
  artifactKey: Guid(10c49fcd9c64421db7c0133e61e55f97) Importer(2089858483,0ecaa5967403d082aa24f35e1b516d23)
Start importing Assets/TextMesh Pro/Examples & Extras/Textures/Wipe Pattern - Circle.psd using Guid(10c49fcd9c64421db7c0133e61e55f97) Importer(2089858483,0ecaa5967403d082aa24f35e1b516d23) [PhysX] Initialized MultithreadedTaskDispatcher with 16 workers.
 -> (artifact id: 'e892cb880ab7f0cf8d68f200b1e6d7db') in 0.008669 seconds
Number of updated asset objects reloaded before import = 0
Number of asset objects unloaded after import = 1
========================================================================
Received Import Request.
  Time since last request: 0.000019 seconds.
  path: Assets/TextMesh Pro/Examples & Extras/Scripts/SimpleScript.cs
  artifactKey: Guid(9eff140b25d64601aabc6ba32245d099) Importer(2089858483,0ecaa5967403d082aa24f35e1b516d23)
Start importing Assets/TextMesh Pro/Examples & Extras/Scripts/SimpleScript.cs using Guid(9eff140b25d64601aabc6ba32245d099) Importer(2089858483,0ecaa5967403d082aa24f35e1b516d23) [PhysX] Initialized MultithreadedTaskDispatcher with 16 workers.
 -> (artifact id: '5a549bac402c4361e422901c2e4290f3') in 0.003506 seconds
Number of updated asset objects reloaded before import = 0
Number of asset objects unloaded after import = 1
========================================================================
Received Import Request.
  Time since last request: 0.000022 seconds.
  path: Assets/TextMesh Pro/Examples & Extras/Scripts/TextMeshProFloatingText.cs
  artifactKey: Guid(a4d4c76e63944cba8c7d00f56334b98c) Importer(2089858483,0ecaa5967403d082aa24f35e1b516d23)
Start importing Assets/TextMesh Pro/Examples & Extras/Scripts/TextMeshProFloatingText.cs using Guid(a4d4c76e63944cba8c7d00f56334b98c) Importer(2089858483,0ecaa5967403d082aa24f35e1b516d23) [PhysX] Initialized MultithreadedTaskDispatcher with 16 workers.
 -> (artifact id: '6c05f9a705ec79ca86a5ae38594c5c9b') in 0.003870 seconds
Number of updated asset objects reloaded before import = 0
Number of asset objects unloaded after import = 1
========================================================================
Received Import Request.
  Time since last request: 0.000015 seconds.
  path: Assets/TextMesh Pro/Examples & Extras/Scripts/ObjectSpin.cs
  artifactKey: Guid(4f19c7f94c794c5097d8bd11e39c750d) Importer(2089858483,0ecaa5967403d082aa24f35e1b516d23)
Start importing Assets/TextMesh Pro/Examples & Extras/Scripts/ObjectSpin.cs using Guid(4f19c7f94c794c5097d8bd11e39c750d) Importer(2089858483,0ecaa5967403d082aa24f35e1b516d23) [PhysX] Initialized MultithreadedTaskDispatcher with 16 workers.
 -> (artifact id: '2cd6299d90043d6efe473210715242bc') in 0.003278 seconds
Number of updated asset objects reloaded before import = 0
Number of asset objects unloaded after import = 1
========================================================================
Received Import Request.
  Time since last request: 0.000015 seconds.
  path: Assets/Workshop/etc/Textures/CFX_T_Smoke_4Frames.tga
  artifactKey: Guid(3d70761f9ae377945a3aad2a3936df5e) Importer(2089858483,0ecaa5967403d082aa24f35e1b516d23)
Start importing Assets/Workshop/etc/Textures/CFX_T_Smoke_4Frames.tga using Guid(3d70761f9ae377945a3aad2a3936df5e) Importer(2089858483,0ecaa5967403d082aa24f35e1b516d23) [PhysX] Initialized MultithreadedTaskDispatcher with 16 workers.
 -> (artifact id: 'a6ee9c3afd446a9f079c3ce06dc7e25b') in 0.009085 seconds
Number of updated asset objects reloaded before import = 0
Number of asset objects unloaded after import = 1
========================================================================
Received Import Request.
  Time since last request: 0.000012 seconds.
  path: Assets/Workshop/etc/Materials/swirl-1.mat
  artifactKey: Guid(e889572110a25764ebd51c6a6308e624) Importer(2089858483,0ecaa5967403d082aa24f35e1b516d23)
Start importing Assets/Workshop/etc/Materials/swirl-1.mat using Guid(e889572110a25764ebd51c6a6308e624) Importer(2089858483,0ecaa5967403d082aa24f35e1b516d23) [PhysX] Initialized MultithreadedTaskDispatcher with 16 workers.
 -> (artifact id: '6f48470e64980600468601346280dd19') in 0.003405 seconds
Number of updated asset objects reloaded before import = 0
Number of asset objects unloaded after import = 2
========================================================================
Received Import Request.
  Time since last request: 0.000014 seconds.
  path: Assets/SciFi Warehouse Kit/Art/Textures/Skybox/Back.png
  artifactKey: Guid(1227708538876854fa69e8d12b770599) Importer(2089858483,0ecaa5967403d082aa24f35e1b516d23)
Start importing Assets/SciFi Warehouse Kit/Art/Textures/Skybox/Back.png using Guid(1227708538876854fa69e8d12b770599) Importer(2089858483,0ecaa5967403d082aa24f35e1b516d23) [PhysX] Initialized MultithreadedTaskDispatcher with 16 workers.
 -> (artifact id: 'f78d65dac341717347af748051de566d') in 0.009830 seconds
Number of updated asset objects reloaded before import = 0
Number of asset objects unloaded after import = 1
========================================================================
Received Import Request.
  Time since last request: 0.000013 seconds.
  path: Assets/TextMesh Pro/Examples & Extras/Scripts/CameraController.cs
  artifactKey: Guid(2d687537154440a3913a9a3c7977978c) Importer(2089858483,0ecaa5967403d082aa24f35e1b516d23)
Start importing Assets/TextMesh Pro/Examples & Extras/Scripts/CameraController.cs using Guid(2d687537154440a3913a9a3c7977978c) Importer(2089858483,0ecaa5967403d082aa24f35e1b516d23) [PhysX] Initialized MultithreadedTaskDispatcher with 16 workers.
 -> (artifact id: 'db833e1cda4e9e787b4b1d5dafc9e4d9') in 0.002874 seconds
Number of updated asset objects reloaded before import = 0
Number of asset objects unloaded after import = 1
========================================================================
Received Import Request.
  Time since last request: 0.000013 seconds.
  path: Assets/TextMesh Pro/Resources/Fonts & Materials/LiberationSans SDF - Outline.mat
  artifactKey: Guid(79459efec17a4d00a321bdcc27bbc385) Importer(2089858483,0ecaa5967403d082aa24f35e1b516d23)
Start importing Assets/TextMesh Pro/Resources/Fonts & Materials/LiberationSans SDF - Outline.mat using Guid(79459efec17a4d00a321bdcc27bbc385) Importer(2089858483,0ecaa5967403d082aa24f35e1b516d23) [PhysX] Initialized MultithreadedTaskDispatcher with 16 workers.
 -> (artifact id: '69ae2474247b64466120dcbfefe8191a') in 0.016414 seconds
Number of updated asset objects reloaded before import = 0
Number of asset objects unloaded after import = 2
========================================================================
Received Import Request.
  Time since last request: 0.000012 seconds.
  path: Assets/TextMesh Pro/Examples & Extras/Textures/Small Crate_diffuse.jpg
  artifactKey: Guid(602cb87b6a29443b8636370ea0751574) Importer(2089858483,0ecaa5967403d082aa24f35e1b516d23)
Start importing Assets/TextMesh Pro/Examples & Extras/Textures/Small Crate_diffuse.jpg using Guid(602cb87b6a29443b8636370ea0751574) Importer(2089858483,0ecaa5967403d082aa24f35e1b516d23) [PhysX] Initialized MultithreadedTaskDispatcher with 16 workers.
 -> (artifact id: '9c940e6db1da43b0356c6eb29cb3c37d') in 0.007269 seconds
Number of updated asset objects reloaded before import = 0
Number of asset objects unloaded after import = 1
========================================================================
Received Import Request.
  Time since last request: 0.000013 seconds.
  path: Assets/TextMesh Pro/Examples & Extras/Scenes/24 - Surface Shader Example.unity
  artifactKey: Guid(8c4969fd8ba94a68b07cf11f3e7a5137) Importer(2089858483,0ecaa5967403d082aa24f35e1b516d23)
Start importing Assets/TextMesh Pro/Examples & Extras/Scenes/24 - Surface Shader Example.unity using Guid(8c4969fd8ba94a68b07cf11f3e7a5137) Importer(2089858483,0ecaa5967403d082aa24f35e1b516d23) [PhysX] Initialized MultithreadedTaskDispatcher with 16 workers.
 -> (artifact id: '6e643fbab6e340aed6f7b058ab641401') in 0.003367 seconds
Number of updated asset objects reloaded before import = 0
Number of asset objects unloaded after import = 1
========================================================================
Received Import Request.
  Time since last request: 0.000012 seconds.
  path: Assets/TextMesh Pro/Examples & Extras/Textures/Floor Cement.jpg
  artifactKey: Guid(283f897e4925411ebbaa758b4cb13fc2) Importer(2089858483,0ecaa5967403d082aa24f35e1b516d23)
Start importing Assets/TextMesh Pro/Examples & Extras/Textures/Floor Cement.jpg using Guid(283f897e4925411ebbaa758b4cb13fc2) Importer(2089858483,0ecaa5967403d082aa24f35e1b516d23) [PhysX] Initialized MultithreadedTaskDispatcher with 16 workers.
 -> (artifact id: 'bc7f17f3729a8732b5c322eec1b36a22') in 0.010367 seconds
Number of updated asset objects reloaded before import = 0
Number of asset objects unloaded after import = 1
========================================================================
Received Import Request.
  Time since last request: 0.000018 seconds.
  path: Assets/TextMesh Pro/Examples & Extras/Scripts/EnvMapAnimator.cs
  artifactKey: Guid(a4b6f99e8bc54541bbd149b014ff441c) Importer(2089858483,0ecaa5967403d082aa24f35e1b516d23)
Start importing Assets/TextMesh Pro/Examples & Extras/Scripts/EnvMapAnimator.cs using Guid(a4b6f99e8bc54541bbd149b014ff441c) Importer(2089858483,0ecaa5967403d082aa24f35e1b516d23) [PhysX] Initialized MultithreadedTaskDispatcher with 16 workers.
 -> (artifact id: '9bf31baeae1e9ba0be237e2f7d7cf45b') in 0.003217 seconds
Number of updated asset objects reloaded before import = 0
Number of asset objects unloaded after import = 1
========================================================================
Received Import Request.
  Time since last request: 0.000025 seconds.
  path: Assets/TextMesh Pro/Examples & Extras/Scripts/TMP_FrameRateCounter.cs
  artifactKey: Guid(686ec78b56aa445795335fbadafcfaa4) Importer(2089858483,0ecaa5967403d082aa24f35e1b516d23)
Start importing Assets/TextMesh Pro/Examples & Extras/Scripts/TMP_FrameRateCounter.cs using Guid(686ec78b56aa445795335fbadafcfaa4) Importer(2089858483,0ecaa5967403d082aa24f35e1b516d23) [PhysX] Initialized MultithreadedTaskDispatcher with 16 workers.
 -> (artifact id: '0061d4256915b0e65eddd280f831d4d8') in 0.003235 seconds
Number of updated asset objects reloaded before import = 0
Number of asset objects unloaded after import = 1
========================================================================
Received Import Request.
  Time since last request: 0.000014 seconds.
  path: Assets/TextMesh Pro/Resources/Style Sheets/Default Style Sheet.asset
  artifactKey: Guid(f952c082cb03451daed3ee968ac6c63e) Importer(2089858483,0ecaa5967403d082aa24f35e1b516d23)
Start importing Assets/TextMesh Pro/Resources/Style Sheets/Default Style Sheet.asset using Guid(f952c082cb03451daed3ee968ac6c63e) Importer(2089858483,0ecaa5967403d082aa24f35e1b516d23) [PhysX] Initialized MultithreadedTaskDispatcher with 16 workers.
 -> (artifact id: '345942b56fc21efc240d1b5a3091bde3') in 0.003488 seconds
Number of updated asset objects reloaded before import = 0
Number of asset objects unloaded after import = 1
========================================================================
Received Import Request.
  Time since last request: 0.000014 seconds.
  path: Assets/TextMesh Pro/Resources/Fonts & Materials/LiberationSans SDF.asset
  artifactKey: Guid(8f586378b4e144a9851e7b34d9b748ee) Importer(2089858483,0ecaa5967403d082aa24f35e1b516d23)
Start importing Assets/TextMesh Pro/Resources/Fonts & Materials/LiberationSans SDF.asset using Guid(8f586378b4e144a9851e7b34d9b748ee) Importer(2089858483,0ecaa5967403d082aa24f35e1b516d23) [PhysX] Initialized MultithreadedTaskDispatcher with 16 workers.
 -> (artifact id: 'ba9d98a493f300a95082aebfa97bcd5d') in 0.028857 seconds
Number of updated asset objects reloaded before import = 0
Number of asset objects unloaded after import = 8
========================================================================
Received Import Request.
  Time since last request: 0.000011 seconds.
  path: Assets/TextMesh Pro/Examples & Extras/Scripts/Benchmark03.cs
  artifactKey: Guid(a73109742c8d47ac822895a473300c29) Importer(2089858483,0ecaa5967403d082aa24f35e1b516d23)
Start importing Assets/TextMesh Pro/Examples & Extras/Scripts/Benchmark03.cs using Guid(a73109742c8d47ac822895a473300c29) Importer(2089858483,0ecaa5967403d082aa24f35e1b516d23) [PhysX] Initialized MultithreadedTaskDispatcher with 16 workers.
 -> (artifact id: '1debfd14037ee714b21041e7095d8896') in 0.002720 seconds
Number of updated asset objects reloaded before import = 0
Number of asset objects unloaded after import = 1
========================================================================
Received Import Request.
  Time since last request: 0.000013 seconds.
  path: Assets/TextMesh Pro/Examples & Extras/Scenes/17 - Old Computer Terminal.unity
  artifactKey: Guid(3e2e4d7b0bed4cf9ab827e9f32448f69) Importer(2089858483,0ecaa5967403d082aa24f35e1b516d23)
Start importing Assets/TextMesh Pro/Examples & Extras/Scenes/17 - Old Computer Terminal.unity using Guid(3e2e4d7b0bed4cf9ab827e9f32448f69) Importer(2089858483,0ecaa5967403d082aa24f35e1b516d23) [PhysX] Initialized MultithreadedTaskDispatcher with 16 workers.
 -> (artifact id: '76ef8361daf9927c4f13bd97343c6582') in 0.001902 seconds
Number of updated asset objects reloaded before import = 0
Number of asset objects unloaded after import = 1
========================================================================
Received Import Request.
  Time since last request: 0.000011 seconds.
  path: Assets/TextMesh Pro/Examples & Extras/Textures/Wipe Pattern - Radial Double.psd
  artifactKey: Guid(7631f4eff8f74ed38eb3eb9db17134e1) Importer(2089858483,0ecaa5967403d082aa24f35e1b516d23)
Start importing Assets/TextMesh Pro/Examples & Extras/Textures/Wipe Pattern - Radial Double.psd using Guid(7631f4eff8f74ed38eb3eb9db17134e1) Importer(2089858483,0ecaa5967403d082aa24f35e1b516d23) [PhysX] Initialized MultithreadedTaskDispatcher with 16 workers.
 -> (artifact id: 'cc3369abf36f1597dfc04fc99bdaf6fa') in 0.008575 seconds
Number of updated asset objects reloaded before import = 0
Number of asset objects unloaded after import = 1
========================================================================
Received Import Request.
  Time since last request: 0.000016 seconds.
  path: Assets/TextMesh Pro/Resources/Sprite Assets/EmojiOne.asset
  artifactKey: Guid(c41005c129ba4d66911b75229fd70b45) Importer(2089858483,0ecaa5967403d082aa24f35e1b516d23)
Start importing Assets/TextMesh Pro/Resources/Sprite Assets/EmojiOne.asset using Guid(c41005c129ba4d66911b75229fd70b45) Importer(2089858483,0ecaa5967403d082aa24f35e1b516d23) [PhysX] Initialized MultithreadedTaskDispatcher with 16 workers.
 -> (artifact id: '01978e5476dde2b5f4e2e156e3afecf8') in 0.008846 seconds
Number of updated asset objects reloaded before import = 0
Number of asset objects unloaded after import = 3
========================================================================
Received Import Request.
  Time since last request: 0.000016 seconds.
  path: Assets/TextMesh Pro/Examples & Extras/Textures/Sunny Days - Seamless.jpg
  artifactKey: Guid(17c350171f7a3ca479f830547c66d187) Importer(2089858483,0ecaa5967403d082aa24f35e1b516d23)
Start importing Assets/TextMesh Pro/Examples & Extras/Textures/Sunny Days - Seamless.jpg using Guid(17c350171f7a3ca479f830547c66d187) Importer(2089858483,0ecaa5967403d082aa24f35e1b516d23) [PhysX] Initialized MultithreadedTaskDispatcher with 16 workers.
 -> (artifact id: '3ea5fc4cf2c4732e9796710ef905e0e7') in 0.009311 seconds
Number of updated asset objects reloaded before import = 0
Number of asset objects unloaded after import = 1
========================================================================
Received Import Request.
  Time since last request: 0.000019 seconds.
  path: Assets/TextMesh Pro/Examples & Extras/Textures/Gradient Diagonal (Color).jpg
  artifactKey: Guid(2ce5c55e85304b819a1826ecbc839aa5) Importer(2089858483,0ecaa5967403d082aa24f35e1b516d23)
Start importing Assets/TextMesh Pro/Examples & Extras/Textures/Gradient Diagonal (Color).jpg using Guid(2ce5c55e85304b819a1826ecbc839aa5) Importer(2089858483,0ecaa5967403d082aa24f35e1b516d23) [PhysX] Initialized MultithreadedTaskDispatcher with 16 workers.
 -> (artifact id: '5debc07a3bb42c8f05bbd5ada89e29c7') in 0.008568 seconds
Number of updated asset objects reloaded before import = 0
Number of asset objects unloaded after import = 1
========================================================================
Received Import Request.
  Time since last request: 0.000016 seconds.
  path: Assets/Workshop/etc/Textures/CFX_T_Anim4_RoundedLines.png
  artifactKey: Guid(7987b6791dff098469332588914e2c84) Importer(2089858483,0ecaa5967403d082aa24f35e1b516d23)
Start importing Assets/Workshop/etc/Textures/CFX_T_Anim4_RoundedLines.png using Guid(7987b6791dff098469332588914e2c84) Importer(2089858483,0ecaa5967403d082aa24f35e1b516d23) [PhysX] Initialized MultithreadedTaskDispatcher with 16 workers.
 -> (artifact id: '7595a42949608fde47a95c282076bb21') in 0.008752 seconds
Number of updated asset objects reloaded before import = 0
Number of asset objects unloaded after import = 1
========================================================================
Received Import Request.
  Time since last request: 0.000017 seconds.
  path: Assets/TextMesh Pro/Examples & Extras/Textures/Text Overflow - Linked Text UI Screenshot.png
  artifactKey: Guid(c76d18757a194d618355f05f815cb0a1) Importer(2089858483,0ecaa5967403d082aa24f35e1b516d23)
Start importing Assets/TextMesh Pro/Examples & Extras/Textures/Text Overflow - Linked Text UI Screenshot.png using Guid(c76d18757a194d618355f05f815cb0a1) Importer(2089858483,0ecaa5967403d082aa24f35e1b516d23) [PhysX] Initialized MultithreadedTaskDispatcher with 16 workers.
 -> (artifact id: '6c3ff68118ab7e6b1820444d1b1a390b') in 0.011397 seconds
Number of updated asset objects reloaded before import = 0
Number of asset objects unloaded after import = 1
========================================================================
Received Import Request.
  Time since last request: 0.000013 seconds.
  path: Assets/SciFi Warehouse Kit/Art/Textures/Skybox/Left.png
  artifactKey: Guid(f783f7d87033f2d46aa0213fe99ebeae) Importer(2089858483,0ecaa5967403d082aa24f35e1b516d23)
Start importing Assets/SciFi Warehouse Kit/Art/Textures/Skybox/Left.png using Guid(f783f7d87033f2d46aa0213fe99ebeae) Importer(2089858483,0ecaa5967403d082aa24f35e1b516d23) [PhysX] Initialized MultithreadedTaskDispatcher with 16 workers.
 -> (artifact id: '8313abd2ded433d955fbd68942171e43') in 0.009817 seconds
Number of updated asset objects reloaded before import = 0
Number of asset objects unloaded after import = 1
========================================================================
Received Import Request.
  Time since last request: 0.000025 seconds.
  path: Assets/SciFi Warehouse Kit/Art/Textures/Skybox/Up.png
  artifactKey: Guid(3c564301b9820a14e9455ebdcc20a898) Importer(2089858483,0ecaa5967403d082aa24f35e1b516d23)
Start importing Assets/SciFi Warehouse Kit/Art/Textures/Skybox/Up.png using Guid(3c564301b9820a14e9455ebdcc20a898) Importer(2089858483,0ecaa5967403d082aa24f35e1b516d23) [PhysX] Initialized MultithreadedTaskDispatcher with 16 workers.
 -> (artifact id: '7aa154fa294eb434dc50abbba9ef014a') in 0.009728 seconds
Number of updated asset objects reloaded before import = 0
Number of asset objects unloaded after import = 1
========================================================================
Received Import Request.
  Time since last request: 0.000026 seconds.
  path: Assets/TextMesh Pro/Examples & Extras/Textures/Fruit Jelly (B&W).jpg
  artifactKey: Guid(1cdc5b506b1a4a33a53c30669ced1f51) Importer(2089858483,0ecaa5967403d082aa24f35e1b516d23)
Start importing Assets/TextMesh Pro/Examples & Extras/Textures/Fruit Jelly (B&W).jpg using Guid(1cdc5b506b1a4a33a53c30669ced1f51) Importer(2089858483,0ecaa5967403d082aa24f35e1b516d23) [PhysX] Initialized MultithreadedTaskDispatcher with 16 workers.
 -> (artifact id: '70e012377d53ba6b3e49aea9de31c07c') in 0.009156 seconds
Number of updated asset objects reloaded before import = 0
Number of asset objects unloaded after import = 1
========================================================================
Received Import Request.
  Time since last request: 0.000028 seconds.
  path: Assets/SciFi Warehouse Kit/Art/Textures/Skybox/Front.png
  artifactKey: Guid(e4b329141c218da4e85a06e04de20385) Importer(2089858483,0ecaa5967403d082aa24f35e1b516d23)
Start importing Assets/SciFi Warehouse Kit/Art/Textures/Skybox/Front.png using Guid(e4b329141c218da4e85a06e04de20385) Importer(2089858483,0ecaa5967403d082aa24f35e1b516d23) [PhysX] Initialized MultithreadedTaskDispatcher with 16 workers.
 -> (artifact id: 'b5b998075cbf5cf243f6f0668d232154') in 0.011882 seconds
Number of updated asset objects reloaded before import = 0
Number of asset objects unloaded after import = 1
========================================================================
Received Import Request.
  Time since last request: 0.000013 seconds.
  path: Assets/SciFi Warehouse Kit/Demo/Audio/Music/synthtrack.wav
  artifactKey: Guid(1d8ffbb70dc716646abe11dba492a567) Importer(2089858483,0ecaa5967403d082aa24f35e1b516d23)
Start importing Assets/SciFi Warehouse Kit/Demo/Audio/Music/synthtrack.wav using Guid(1d8ffbb70dc716646abe11dba492a567) Importer(2089858483,0ecaa5967403d082aa24f35e1b516d23) [PhysX] Initialized MultithreadedTaskDispatcher with 16 workers.
 -> (artifact id: '13313178d3920a29859cf213fea927a9') in 0.072389 seconds
Number of updated asset objects reloaded before import = 0
Number of asset objects unloaded after import = 1
========================================================================
Received Import Request.
  Time since last request: 0.000017 seconds.
  path: Assets/TextMesh Pro/Examples & Extras/Resources/Color Gradient Presets/Yellow to Orange - Vertical.asset
  artifactKey: Guid(69a525efa7e6472eab268f6ea605f06e) Importer(2089858483,0ecaa5967403d082aa24f35e1b516d23)
Start importing Assets/TextMesh Pro/Examples & Extras/Resources/Color Gradient Presets/Yellow to Orange - Vertical.asset using Guid(69a525efa7e6472eab268f6ea605f06e) Importer(2089858483,0ecaa5967403d082aa24f35e1b516d23) [PhysX] Initialized MultithreadedTaskDispatcher with 16 workers.
 -> (artifact id: '38438ee8867f2c78e10db80e14a88683') in 0.004363 seconds
Number of updated asset objects reloaded before import = 0
Number of asset objects unloaded after import = 1
========================================================================
Received Import Request.
  Time since last request: 0.000012 seconds.
  path: Assets/SciFi Warehouse Kit/Prefabs/Structures/Floor/Floor Tile 02.prefab
  artifactKey: Guid(aae952dc76387e84287a598d901b120d) Importer(2089858483,0ecaa5967403d082aa24f35e1b516d23)
Start importing Assets/SciFi Warehouse Kit/Prefabs/Structures/Floor/Floor Tile 02.prefab using Guid(aae952dc76387e84287a598d901b120d) Importer(2089858483,0ecaa5967403d082aa24f35e1b516d23) [PhysX] Initialized MultithreadedTaskDispatcher with 16 workers.
 -> (artifact id: 'c855eebfcaca26bd04ee9bb9d9c851fc') in 0.011315 seconds
Number of updated asset objects reloaded before import = 0
Number of asset objects unloaded after import = 8
========================================================================
Received Import Request.
  Time since last request: 0.000013 seconds.
  path: Assets/SciFi Warehouse Kit/Demo/Audio/SFX/wompwomp.wav
  artifactKey: Guid(fae646e294e83b8429734823243ff0c9) Importer(2089858483,0ecaa5967403d082aa24f35e1b516d23)
Start importing Assets/SciFi Warehouse Kit/Demo/Audio/SFX/wompwomp.wav using Guid(fae646e294e83b8429734823243ff0c9) Importer(2089858483,0ecaa5967403d082aa24f35e1b516d23) [PhysX] Initialized MultithreadedTaskDispatcher with 16 workers.
 -> (artifact id: 'ee86e6ea7fb9e2d26626e3a9f9ce0c95') in 0.053775 seconds
Number of updated asset objects reloaded before import = 0
Number of asset objects unloaded after import = 1
========================================================================
Received Import Request.
  Time since last request: 0.000014 seconds.
  path: Assets/SciFi Warehouse Kit/Prefabs/Structures/Walls/Wall Corner.prefab
  artifactKey: Guid(32467b8dc355cd04da356b17dbac4f29) Importer(2089858483,0ecaa5967403d082aa24f35e1b516d23)
Start importing Assets/SciFi Warehouse Kit/Prefabs/Structures/Walls/Wall Corner.prefab using Guid(32467b8dc355cd04da356b17dbac4f29) Importer(2089858483,0ecaa5967403d082aa24f35e1b516d23) [PhysX] Initialized MultithreadedTaskDispatcher with 16 workers.
 -> (artifact id: '3e50f9aafa7553686449ab1527a04f39') in 0.008053 seconds
Number of updated asset objects reloaded before import = 0
Number of asset objects unloaded after import = 9
========================================================================
Received Import Request.
  Time since last request: 0.000020 seconds.
  path: Assets/SciFi Warehouse Kit/Prefabs/Structures/Structure Props/Sprinkler 05.prefab
  artifactKey: Guid(0938980ccd4548d498afb52f86efc01c) Importer(2089858483,0ecaa5967403d082aa24f35e1b516d23)
Start importing Assets/SciFi Warehouse Kit/Prefabs/Structures/Structure Props/Sprinkler 05.prefab using Guid(0938980ccd4548d498afb52f86efc01c) Importer(2089858483,0ecaa5967403d082aa24f35e1b516d23) [PhysX] Initialized MultithreadedTaskDispatcher with 16 workers.
 -> (artifact id: 'fc031ea654b35ef02195b4376bb929cf') in 0.007298 seconds
Number of updated asset objects reloaded before import = 0
Number of asset objects unloaded after import = 7
========================================================================
Received Import Request.
  Time since last request: 0.000018 seconds.
  path: Assets/SciFi Warehouse Kit/Prefabs/Structures/Corridors/Corridor Corner.prefab
  artifactKey: Guid(0caa079a07bb6bb4d8189cbe94d69429) Importer(2089858483,0ecaa5967403d082aa24f35e1b516d23)
Start importing Assets/SciFi Warehouse Kit/Prefabs/Structures/Corridors/Corridor Corner.prefab using Guid(0caa079a07bb6bb4d8189cbe94d69429) Importer(2089858483,0ecaa5967403d082aa24f35e1b516d23) [PhysX] Initialized MultithreadedTaskDispatcher with 16 workers.
 -> (artifact id: '877bb71e1ebf1e5803d49078fed81176') in 0.005694 seconds
Number of updated asset objects reloaded before import = 0
Number of asset objects unloaded after import = 44
========================================================================
Received Import Request.
  Time since last request: 0.000031 seconds.
  path: Assets/SciFi Warehouse Kit/Prefabs/Structures/Walls/Wall Door 02.prefab
  artifactKey: Guid(01f7094c0e795ad47b0ef77f3cf2ae66) Importer(2089858483,0ecaa5967403d082aa24f35e1b516d23)
Start importing Assets/SciFi Warehouse Kit/Prefabs/Structures/Walls/Wall Door 02.prefab using Guid(01f7094c0e795ad47b0ef77f3cf2ae66) Importer(2089858483,0ecaa5967403d082aa24f35e1b516d23) [PhysX] Initialized MultithreadedTaskDispatcher with 16 workers.
 -> (artifact id: '236b80b5cc49e2ea48bb70af05081c82') in 0.004856 seconds
Number of updated asset objects reloaded before import = 0
Number of asset objects unloaded after import = 14
========================================================================
Received Import Request.
  Time since last request: 0.000022 seconds.
  path: Assets/SciFi Warehouse Kit/Demo/Scene/Lighting Data/ReflectionProbe-0.exr
  artifactKey: Guid(b9327fe293c1f824d945fde7b14c2095) Importer(2089858483,0ecaa5967403d082aa24f35e1b516d23)
Start importing Assets/SciFi Warehouse Kit/Demo/Scene/Lighting Data/ReflectionProbe-0.exr using Guid(b9327fe293c1f824d945fde7b14c2095) Importer(2089858483,0ecaa5967403d082aa24f35e1b516d23) [PhysX] Initialized MultithreadedTaskDispatcher with 16 workers.
 -> (artifact id: '98d0128cb95fa0d850107e6ddbbe5de5') in 0.011636 seconds
Number of updated asset objects reloaded before import = 0
Number of asset objects unloaded after import = 1
========================================================================
Received Import Request.
  Time since last request: 0.000015 seconds.
  path: Assets/SciFi Warehouse Kit/Prefabs/Structures/Pillars and Beams/Pillar.prefab
  artifactKey: Guid(811bf22db94faad418fb6fdfffe14569) Importer(2089858483,0ecaa5967403d082aa24f35e1b516d23)
Start importing Assets/SciFi Warehouse Kit/Prefabs/Structures/Pillars and Beams/Pillar.prefab using Guid(811bf22db94faad418fb6fdfffe14569) Importer(2089858483,0ecaa5967403d082aa24f35e1b516d23) [PhysX] Initialized MultithreadedTaskDispatcher with 16 workers.
 -> (artifact id: 'a595835c703d25ebac3660cd515e89c8') in 0.006129 seconds
Number of updated asset objects reloaded before import = 0
Number of asset objects unloaded after import = 8
========================================================================
Received Import Request.
  Time since last request: 0.000025 seconds.
  path: Assets/SciFi Warehouse Kit/Prefabs/Props/Shelves/Shelf Variation 05.prefab
  artifactKey: Guid(ce7e4bd04c6404147b4b1dc694ac9a00) Importer(2089858483,0ecaa5967403d082aa24f35e1b516d23)
Start importing Assets/SciFi Warehouse Kit/Prefabs/Props/Shelves/Shelf Variation 05.prefab using Guid(ce7e4bd04c6404147b4b1dc694ac9a00) Importer(2089858483,0ecaa5967403d082aa24f35e1b516d23) [PhysX] Initialized MultithreadedTaskDispatcher with 16 workers.
 -> (artifact id: '522a6f1c917e85487c6140d17a69a326') in 0.005661 seconds
Number of updated asset objects reloaded before import = 0
Number of asset objects unloaded after import = 182
========================================================================
Received Import Request.
  Time since last request: 0.000017 seconds.
  path: Assets/SciFi Warehouse Kit/Prefabs/Structures/Structure Props/Pipes 02.prefab
  artifactKey: Guid(b091a5595b5f3e84c8aaa0f3b2bee8c4) Importer(2089858483,0ecaa5967403d082aa24f35e1b516d23)
Start importing Assets/SciFi Warehouse Kit/Prefabs/Structures/Structure Props/Pipes 02.prefab using Guid(b091a5595b5f3e84c8aaa0f3b2bee8c4) Importer(2089858483,0ecaa5967403d082aa24f35e1b516d23) [PhysX] Initialized MultithreadedTaskDispatcher with 16 workers.
 -> (artifact id: '6dee747049f96033587c78eb2d6087c2') in 0.006562 seconds
Number of updated asset objects reloaded before import = 0
Number of asset objects unloaded after import = 7
========================================================================
Received Import Request.
  Time since last request: 0.000014 seconds.
  path: Assets/SciFi Warehouse Kit/Prefabs/Props/Shelves/Shelf Variation 04.prefab
  artifactKey: Guid(5b83660a4c6176b41bfec1b7029c6597) Importer(2089858483,0ecaa5967403d082aa24f35e1b516d23)
Start importing Assets/SciFi Warehouse Kit/Prefabs/Props/Shelves/Shelf Variation 04.prefab using Guid(5b83660a4c6176b41bfec1b7029c6597) Importer(2089858483,0ecaa5967403d082aa24f35e1b516d23) [PhysX] Initialized MultithreadedTaskDispatcher with 16 workers.
 -> (artifact id: 'fd4398b604ba2503a60e35b0eedb1b45') in 0.005685 seconds
Number of updated asset objects reloaded before import = 0
Number of asset objects unloaded after import = 182
========================================================================
Received Import Request.
  Time since last request: 0.000014 seconds.
  path: Assets/SciFi Warehouse Kit/Prefabs/Structures/Catwalk/Short Stairs.prefab
  artifactKey: Guid(251977d85f345b94c805b990d722732f) Importer(2089858483,0ecaa5967403d082aa24f35e1b516d23)
Start importing Assets/SciFi Warehouse Kit/Prefabs/Structures/Catwalk/Short Stairs.prefab using Guid(251977d85f345b94c805b990d722732f) Importer(2089858483,0ecaa5967403d082aa24f35e1b516d23) [PhysX] Initialized MultithreadedTaskDispatcher with 16 workers.
 -> (artifact id: '58340b33177a4f5a1c817614ef84d8e6') in 0.006771 seconds
Number of updated asset objects reloaded before import = 0
Number of asset objects unloaded after import = 15
========================================================================
Received Import Request.
  Time since last request: 0.000040 seconds.
  path: Assets/SciFi Warehouse Kit/Art/Meshes/Props/Ducts/Duct Vent.fbx
  artifactKey: Guid(46032e2b9d73a4c46b7c0a8cfda58d57) Importer(2089858483,0ecaa5967403d082aa24f35e1b516d23)
Start importing Assets/SciFi Warehouse Kit/Art/Meshes/Props/Ducts/Duct Vent.fbx using Guid(46032e2b9d73a4c46b7c0a8cfda58d57) Importer(2089858483,0ecaa5967403d082aa24f35e1b516d23) [PhysX] Initialized MultithreadedTaskDispatcher with 16 workers.
 -> (artifact id: '426a4a424f9abdfb6171763d255e512c') in 0.028777 seconds
Number of updated asset objects reloaded before import = 0
Number of asset objects unloaded after import = 7
========================================================================
Received Import Request.
  Time since last request: 0.000015 seconds.
  path: Assets/SciFi Warehouse Kit/Prefabs/Structures/Catwalk/Catwalk Pillar 03.prefab
  artifactKey: Guid(0e4bdd2115ade4d4488a51806240803c) Importer(2089858483,0ecaa5967403d082aa24f35e1b516d23)
Start importing Assets/SciFi Warehouse Kit/Prefabs/Structures/Catwalk/Catwalk Pillar 03.prefab using Guid(0e4bdd2115ade4d4488a51806240803c) Importer(2089858483,0ecaa5967403d082aa24f35e1b516d23) [PhysX] Initialized MultithreadedTaskDispatcher with 16 workers.
 -> (artifact id: 'd5395acf371af9280b86926e7d3f4d77') in 0.009996 seconds
Number of updated asset objects reloaded before import = 0
Number of asset objects unloaded after import = 8
========================================================================
Received Import Request.
  Time since last request: 0.000029 seconds.
  path: Assets/SciFi Warehouse Kit/Prefabs/Structures/Walls/Wall Door.prefab
  artifactKey: Guid(dafe2f44374925b4692cd6dbc587c068) Importer(2089858483,0ecaa5967403d082aa24f35e1b516d23)
Start importing Assets/SciFi Warehouse Kit/Prefabs/Structures/Walls/Wall Door.prefab using Guid(dafe2f44374925b4692cd6dbc587c068) Importer(2089858483,0ecaa5967403d082aa24f35e1b516d23) [PhysX] Initialized MultithreadedTaskDispatcher with 16 workers.
 -> (artifact id: 'abc1b22fb7b8ce64963725c38ecee000') in 0.004132 seconds
Number of updated asset objects reloaded before import = 0
Number of asset objects unloaded after import = 19
========================================================================
Received Import Request.
  Time since last request: 0.000016 seconds.
  path: Assets/SciFi Warehouse Kit/Prefabs/Structures/Corridors/Corridor Tee Lights.prefab
  artifactKey: Guid(ad6aae32dd3eb844fa75e2a156bbe34f) Importer(2089858483,0ecaa5967403d082aa24f35e1b516d23)
Start importing Assets/SciFi Warehouse Kit/Prefabs/Structures/Corridors/Corridor Tee Lights.prefab using Guid(ad6aae32dd3eb844fa75e2a156bbe34f) Importer(2089858483,0ecaa5967403d082aa24f35e1b516d23) [PhysX] Initialized MultithreadedTaskDispatcher with 16 workers.
 -> (artifact id: '135f476375674733c476cf15c236f7f0') in 0.004010 seconds
Number of updated asset objects reloaded before import = 0
Number of asset objects unloaded after import = 37
========================================================================
Received Import Request.
  Time since last request: 0.000014 seconds.
  path: Assets/SciFi Warehouse Kit/Prefabs/Structures/Floor/Floor Tile 04.prefab
  artifactKey: Guid(f9e1a0158e9f7a545a16fa7c2aa7be4e) Importer(2089858483,0ecaa5967403d082aa24f35e1b516d23)
Start importing Assets/SciFi Warehouse Kit/Prefabs/Structures/Floor/Floor Tile 04.prefab using Guid(f9e1a0158e9f7a545a16fa7c2aa7be4e) Importer(2089858483,0ecaa5967403d082aa24f35e1b516d23) [PhysX] Initialized MultithreadedTaskDispatcher with 16 workers.
 -> (artifact id: '953b88efb61916d7c162ba591f148835') in 0.006554 seconds
Number of updated asset objects reloaded before import = 0
Number of asset objects unloaded after import = 8
========================================================================
Received Import Request.
  Time since last request: 0.000020 seconds.
  path: Assets/SciFi Warehouse Kit/Prefabs/Structures/Corridors/Corridor Incline Half.prefab
  artifactKey: Guid(0ef31cdbe65a2f142beeb86422e34425) Importer(2089858483,0ecaa5967403d082aa24f35e1b516d23)
Start importing Assets/SciFi Warehouse Kit/Prefabs/Structures/Corridors/Corridor Incline Half.prefab using Guid(0ef31cdbe65a2f142beeb86422e34425) Importer(2089858483,0ecaa5967403d082aa24f35e1b516d23) [PhysX] Initialized MultithreadedTaskDispatcher with 16 workers.
 -> (artifact id: '8b72855d13c473f43e7ec63ea7a912c4') in 0.004252 seconds
Number of updated asset objects reloaded before import = 0
Number of asset objects unloaded after import = 43
========================================================================
Received Import Request.
  Time since last request: 0.000036 seconds.
  path: Assets/SciFi Warehouse Kit/Prefabs/Props/Misc Props/Cart.prefab
  artifactKey: Guid(126b2c575cf932341a8f0414ccd5b254) Importer(2089858483,0ecaa5967403d082aa24f35e1b516d23)
Start importing Assets/SciFi Warehouse Kit/Prefabs/Props/Misc Props/Cart.prefab using Guid(126b2c575cf932341a8f0414ccd5b254) Importer(2089858483,0ecaa5967403d082aa24f35e1b516d23) [PhysX] Initialized MultithreadedTaskDispatcher with 16 workers.
 -> (artifact id: 'e1eb7f695c88af1193978c2cb1294db2') in 0.012172 seconds
Number of updated asset objects reloaded before import = 0
Number of asset objects unloaded after import = 10
========================================================================
Received Import Request.
  Time since last request: 0.000018 seconds.
  path: Assets/SciFi Warehouse Kit/Art/Meshes/Props/Crates Barrels Pallets/Crate Long.fbx
  artifactKey: Guid(e53378bffa67fba40888797a9016d1c4) Importer(2089858483,0ecaa5967403d082aa24f35e1b516d23)
Start importing Assets/SciFi Warehouse Kit/Art/Meshes/Props/Crates Barrels Pallets/Crate Long.fbx using Guid(e53378bffa67fba40888797a9016d1c4) Importer(2089858483,0ecaa5967403d082aa24f35e1b516d23) [PhysX] Initialized MultithreadedTaskDispatcher with 16 workers.
 -> (artifact id: '146f301784a29bc1c16fd1dc436673de') in 0.012796 seconds
Number of updated asset objects reloaded before import = 0
Number of asset objects unloaded after import = 7
========================================================================
Received Import Request.
  Time since last request: 0.000032 seconds.
  path: Assets/SciFi Warehouse Kit/Prefabs/Structures/Structure Props/Sprinkler 01.prefab
  artifactKey: Guid(e80d0380ecc96af42b77e3ca3a7faf8f) Importer(2089858483,0ecaa5967403d082aa24f35e1b516d23)
Start importing Assets/SciFi Warehouse Kit/Prefabs/Structures/Structure Props/Sprinkler 01.prefab using Guid(e80d0380ecc96af42b77e3ca3a7faf8f) Importer(2089858483,0ecaa5967403d082aa24f35e1b516d23) [PhysX] Initialized MultithreadedTaskDispatcher with 16 workers.
 -> (artifact id: '34d3dde6c0b7e4098b8a930eb3fdf68d') in 0.009305 seconds
Number of updated asset objects reloaded before import = 0
Number of asset objects unloaded after import = 7
========================================================================
Received Import Request.
  Time since last request: 0.000022 seconds.
  path: Assets/SciFi Warehouse Kit/Prefabs/Structures/Structure Props/Pipes 01.prefab
  artifactKey: Guid(a481acdedee58d04aa1ddfe33e937ea7) Importer(2089858483,0ecaa5967403d082aa24f35e1b516d23)
Start importing Assets/SciFi Warehouse Kit/Prefabs/Structures/Structure Props/Pipes 01.prefab using Guid(a481acdedee58d04aa1ddfe33e937ea7) Importer(2089858483,0ecaa5967403d082aa24f35e1b516d23) [PhysX] Initialized MultithreadedTaskDispatcher with 16 workers.
 -> (artifact id: '25a0ab8a5b0e284371cc462366505130') in 0.011071 seconds
Number of updated asset objects reloaded before import = 0
Number of asset objects unloaded after import = 7
========================================================================
Received Import Request.
  Time since last request: 0.000019 seconds.
  path: Assets/Workshop/etc/Textures/Textures/swirl-1.tga
  artifactKey: Guid(b8f96e8f167af344695860a41010bfc3) Importer(2089858483,0ecaa5967403d082aa24f35e1b516d23)
Start importing Assets/Workshop/etc/Textures/Textures/swirl-1.tga using Guid(b8f96e8f167af344695860a41010bfc3) Importer(2089858483,0ecaa5967403d082aa24f35e1b516d23) [PhysX] Initialized MultithreadedTaskDispatcher with 16 workers.
 -> (artifact id: 'acf785d75c84ed661589547a0a416ba4') in 0.010966 seconds
Number of updated asset objects reloaded before import = 0
Number of asset objects unloaded after import = 1
========================================================================
Received Import Request.
  Time since last request: 0.000021 seconds.
  path: Assets/TextMesh Pro/Examples & Extras/Resources/Fonts & Materials/Roboto-Bold SDF - Surface.mat
  artifactKey: Guid(e6b276ec991f467aa14ef1f3cc665993) Importer(2089858483,0ecaa5967403d082aa24f35e1b516d23)
Start importing Assets/TextMesh Pro/Examples & Extras/Resources/Fonts & Materials/Roboto-Bold SDF - Surface.mat using Guid(e6b276ec991f467aa14ef1f3cc665993) Importer(2089858483,0ecaa5967403d082aa24f35e1b516d23) [PhysX] Initialized MultithreadedTaskDispatcher with 16 workers.
 -> (artifact id: 'a081342961cf78bae79b92536a1e5dbb') in 0.025123 seconds
Number of updated asset objects reloaded before import = 0
Number of asset objects unloaded after import = 2
========================================================================
Received Import Request.
  Time since last request: 0.000012 seconds.
  path: Assets/SciFi Warehouse Kit/Art/Meshes/Props/Ducts/Duct Elbow 01.fbx
  artifactKey: Guid(7d8f2af59bc0a8b44846abf7025a3645) Importer(2089858483,0ecaa5967403d082aa24f35e1b516d23)
Start importing Assets/SciFi Warehouse Kit/Art/Meshes/Props/Ducts/Duct Elbow 01.fbx using Guid(7d8f2af59bc0a8b44846abf7025a3645) Importer(2089858483,0ecaa5967403d082aa24f35e1b516d23) [PhysX] Initialized MultithreadedTaskDispatcher with 16 workers.
 -> (artifact id: '04b7c7358bee01105e77551df5489ccd') in 0.008827 seconds
Number of updated asset objects reloaded before import = 0
Number of asset objects unloaded after import = 7
========================================================================
Received Import Request.
  Time since last request: 0.000012 seconds.
  path: Assets/SciFi Warehouse Kit/Prefabs/Structures/Catwalk/Catwalk Pillar 02.prefab
  artifactKey: Guid(a157851e6c66e1545ae48d5a470cdc64) Importer(2089858483,0ecaa5967403d082aa24f35e1b516d23)
Start importing Assets/SciFi Warehouse Kit/Prefabs/Structures/Catwalk/Catwalk Pillar 02.prefab using Guid(a157851e6c66e1545ae48d5a470cdc64) Importer(2089858483,0ecaa5967403d082aa24f35e1b516d23) [PhysX] Initialized MultithreadedTaskDispatcher with 16 workers.
 -> (artifact id: '8c7cd352aa5370e9cc50b7df99b16b20') in 0.006619 seconds
Number of updated asset objects reloaded before import = 0
Number of asset objects unloaded after import = 8
========================================================================
Received Import Request.
  Time since last request: 0.000013 seconds.
  path: Assets/SciFi Warehouse Kit/Prefabs/Structures/Corridors/Corridor Incline Full.prefab
  artifactKey: Guid(cc5db88956188ec4e99ecccc1cc1a855) Importer(2089858483,0ecaa5967403d082aa24f35e1b516d23)
Start importing Assets/SciFi Warehouse Kit/Prefabs/Structures/Corridors/Corridor Incline Full.prefab using Guid(cc5db88956188ec4e99ecccc1cc1a855) Importer(2089858483,0ecaa5967403d082aa24f35e1b516d23) [PhysX] Initialized MultithreadedTaskDispatcher with 16 workers.
 -> (artifact id: 'a94b8eee3f374b46d55efeb4846ee990') in 0.003660 seconds
Number of updated asset objects reloaded before import = 0
Number of asset objects unloaded after import = 43
========================================================================
Received Import Request.
  Time since last request: 0.000015 seconds.
  path: Assets/TextMesh Pro/Examples & Extras/Resources/Sprite Assets/DropCap Numbers.asset
  artifactKey: Guid(14aa93acbb234d16aaef0e8b46814db6) Importer(2089858483,0ecaa5967403d082aa24f35e1b516d23)
Start importing Assets/TextMesh Pro/Examples & Extras/Resources/Sprite Assets/DropCap Numbers.asset using Guid(14aa93acbb234d16aaef0e8b46814db6) Importer(2089858483,0ecaa5967403d082aa24f35e1b516d23) [PhysX] Initialized MultithreadedTaskDispatcher with 16 workers.
 -> (artifact id: '9d5a97415c240b831ba4230dcd8c599b') in 0.007217 seconds
Number of updated asset objects reloaded before import = 0
Number of asset objects unloaded after import = 3
========================================================================
Received Import Request.
  Time since last request: 0.000015 seconds.
  path: Assets/SciFi Warehouse Kit/Prefabs/Structures/Catwalk/Catwalk Corner.prefab
  artifactKey: Guid(f3666c4739f55c24eb42ed8d7b508700) Importer(2089858483,0ecaa5967403d082aa24f35e1b516d23)
Start importing Assets/SciFi Warehouse Kit/Prefabs/Structures/Catwalk/Catwalk Corner.prefab using Guid(f3666c4739f55c24eb42ed8d7b508700) Importer(2089858483,0ecaa5967403d082aa24f35e1b516d23) [PhysX] Initialized MultithreadedTaskDispatcher with 16 workers.
 -> (artifact id: 'c72868f5eb2e72e364ee9834987d3c05') in 0.006779 seconds
Number of updated asset objects reloaded before import = 0
Number of asset objects unloaded after import = 8
========================================================================
Received Import Request.
  Time since last request: 0.000019 seconds.
  path: Assets/SciFi Warehouse Kit/Prefabs/Props/Shelves/Shelf Variation 02.prefab
  artifactKey: Guid(5c1b535d3782bee49819656f221e56de) Importer(2089858483,0ecaa5967403d082aa24f35e1b516d23)
Start importing Assets/SciFi Warehouse Kit/Prefabs/Props/Shelves/Shelf Variation 02.prefab using Guid(5c1b535d3782bee49819656f221e56de) Importer(2089858483,0ecaa5967403d082aa24f35e1b516d23) [PhysX] Initialized MultithreadedTaskDispatcher with 16 workers.
 -> (artifact id: '81d85e5caf64deb4f55cb296a1c51ae6') in 0.004839 seconds
Number of updated asset objects reloaded before import = 0
Number of asset objects unloaded after import = 211
========================================================================
Received Import Request.
  Time since last request: 0.000014 seconds.
  path: Assets/SciFi Warehouse Kit/Prefabs/Props/Ducts/Duct Elbow 02.prefab
  artifactKey: Guid(3f8fbe2b2e0fcda49bdf4860e8efd375) Importer(2089858483,0ecaa5967403d082aa24f35e1b516d23)
Start importing Assets/SciFi Warehouse Kit/Prefabs/Props/Ducts/Duct Elbow 02.prefab using Guid(3f8fbe2b2e0fcda49bdf4860e8efd375) Importer(2089858483,0ecaa5967403d082aa24f35e1b516d23) [PhysX] Initialized MultithreadedTaskDispatcher with 16 workers.
 -> (artifact id: 'ca79f95e7e06bacb63178aec7ee6060c') in 0.006229 seconds
Number of updated asset objects reloaded before import = 0
Number of asset objects unloaded after import = 8
========================================================================
Received Import Request.
  Time since last request: 0.000011 seconds.
  path: Assets/SciFi Warehouse Kit/Prefabs/Structures/Catwalk/Catwalk Long.prefab
  artifactKey: Guid(b76f846b3379607468a593969b575654) Importer(2089858483,0ecaa5967403d082aa24f35e1b516d23)
Start importing Assets/SciFi Warehouse Kit/Prefabs/Structures/Catwalk/Catwalk Long.prefab using Guid(b76f846b3379607468a593969b575654) Importer(2089858483,0ecaa5967403d082aa24f35e1b516d23) [PhysX] Initialized MultithreadedTaskDispatcher with 16 workers.
 -> (artifact id: '814828378ce6e3e9ede19664fb4f3ff5') in 0.004995 seconds
Number of updated asset objects reloaded before import = 0
Number of asset objects unloaded after import = 8
========================================================================
Received Import Request.
  Time since last request: 0.000018 seconds.
  path: Assets/SciFi Warehouse Kit/Prefabs/Structures/Floor/Floor Tile 01.prefab
  artifactKey: Guid(cf8443763fc34314490f8a3e2f94dd37) Importer(2089858483,0ecaa5967403d082aa24f35e1b516d23)
Start importing Assets/SciFi Warehouse Kit/Prefabs/Structures/Floor/Floor Tile 01.prefab using Guid(cf8443763fc34314490f8a3e2f94dd37) Importer(2089858483,0ecaa5967403d082aa24f35e1b516d23) [PhysX] Initialized MultithreadedTaskDispatcher with 16 workers.
 -> (artifact id: '41096eccb2d0e2182a853595ac956fee') in 0.006388 seconds
Number of updated asset objects reloaded before import = 0
Number of asset objects unloaded after import = 8
========================================================================
Received Import Request.
  Time since last request: 0.000013 seconds.
  path: Assets/SciFi Warehouse Kit/Prefabs/Structures/Walls/Wall Fan.prefab
  artifactKey: Guid(0a65198f3cbcab345bc0b33f23a45e76) Importer(2089858483,0ecaa5967403d082aa24f35e1b516d23)
Start importing Assets/SciFi Warehouse Kit/Prefabs/Structures/Walls/Wall Fan.prefab using Guid(0a65198f3cbcab345bc0b33f23a45e76) Importer(2089858483,0ecaa5967403d082aa24f35e1b516d23) [PhysX] Initialized MultithreadedTaskDispatcher with 16 workers.
 -> (artifact id: 'd826634fb3be32a78d1c4a6bd605b81b') in 0.020986 seconds
Number of updated asset objects reloaded before import = 0
Number of asset objects unloaded after import = 36
========================================================================
Received Import Request.
  Time since last request: 0.000012 seconds.
  path: Assets/TextMesh Pro/Examples & Extras/Resources/Fonts & Materials/Electronic Highway Sign SDF.asset
  artifactKey: Guid(dc36b3fdc14f47ebb36fd484a67e268a) Importer(2089858483,0ecaa5967403d082aa24f35e1b516d23)
Start importing Assets/TextMesh Pro/Examples & Extras/Resources/Fonts & Materials/Electronic Highway Sign SDF.asset using Guid(dc36b3fdc14f47ebb36fd484a67e268a) Importer(2089858483,0ecaa5967403d082aa24f35e1b516d23) [PhysX] Initialized MultithreadedTaskDispatcher with 16 workers.
 -> (artifact id: '610eb9651a2090e33a58abbe412b3445') in 0.013267 seconds
Number of updated asset objects reloaded before import = 0
Number of asset objects unloaded after import = 5
========================================================================
Received Import Request.
  Time since last request: 0.000014 seconds.
  path: Assets/SciFi Warehouse Kit/Prefabs/Structures/Structure Props/Pipes 04.prefab
  artifactKey: Guid(d6c6112ee867c574980a7331cc4cdb27) Importer(2089858483,0ecaa5967403d082aa24f35e1b516d23)
Start importing Assets/SciFi Warehouse Kit/Prefabs/Structures/Structure Props/Pipes 04.prefab using Guid(d6c6112ee867c574980a7331cc4cdb27) Importer(2089858483,0ecaa5967403d082aa24f35e1b516d23) [PhysX] Initialized MultithreadedTaskDispatcher with 16 workers.
 -> (artifact id: 'a850211e668b5d0397ac2fdd8ffdbeca') in 0.005326 seconds
Number of updated asset objects reloaded before import = 0
Number of asset objects unloaded after import = 7
========================================================================
Received Import Request.
  Time since last request: 0.000015 seconds.
  path: Assets/SciFi Warehouse Kit/Prefabs/Structures/Catwalk/Catwalk Pillar Rails.prefab
  artifactKey: Guid(f533d3129260fec48aa145b87c3c9da9) Importer(2089858483,0ecaa5967403d082aa24f35e1b516d23)
Start importing Assets/SciFi Warehouse Kit/Prefabs/Structures/Catwalk/Catwalk Pillar Rails.prefab using Guid(f533d3129260fec48aa145b87c3c9da9) Importer(2089858483,0ecaa5967403d082aa24f35e1b516d23) [PhysX] Initialized MultithreadedTaskDispatcher with 16 workers.
 -> (artifact id: '8ebf03fb17f609c582a77796579de1e1') in 0.006965 seconds
Number of updated asset objects reloaded before import = 0
Number of asset objects unloaded after import = 8
========================================================================
Received Import Request.
  Time since last request: 0.000013 seconds.
  path: Assets/Workshop/etc/Textures/Textures/vertical_puff_sheet.tga
  artifactKey: Guid(9c303d4d47a6e5d4f8dec2891e2e5445) Importer(2089858483,0ecaa5967403d082aa24f35e1b516d23)
Start importing Assets/Workshop/etc/Textures/Textures/vertical_puff_sheet.tga using Guid(9c303d4d47a6e5d4f8dec2891e2e5445) Importer(2089858483,0ecaa5967403d082aa24f35e1b516d23) [PhysX] Initialized MultithreadedTaskDispatcher with 16 workers.
 -> (artifact id: 'e2137c1605445d400a9e4c8c5b0e1000') in 0.007029 seconds
Number of updated asset objects reloaded before import = 0
Number of asset objects unloaded after import = 1
========================================================================
Received Import Request.
  Time since last request: 0.000013 seconds.
  path: Assets/SciFi Warehouse Kit/Prefabs/Structures/Corridors/Corridor Funnel.prefab
  artifactKey: Guid(5fe80adc9613d154d800b6453f8cdd3a) Importer(2089858483,0ecaa5967403d082aa24f35e1b516d23)
Start importing Assets/SciFi Warehouse Kit/Prefabs/Structures/Corridors/Corridor Funnel.prefab using Guid(5fe80adc9613d154d800b6453f8cdd3a) Importer(2089858483,0ecaa5967403d082aa24f35e1b516d23) [PhysX] Initialized MultithreadedTaskDispatcher with 16 workers.
 -> (artifact id: 'fd1c1ce56d503438d73d3f3d1d745430') in 0.004075 seconds
Number of updated asset objects reloaded before import = 0
Number of asset objects unloaded after import = 37
========================================================================
Received Import Request.
  Time since last request: 0.000011 seconds.
  path: Assets/SciFi Warehouse Kit/Prefabs/Structures/Corridors/Corridor 4-Way Lights.prefab
  artifactKey: Guid(dcbf59da08760fb4b9531995a6691a6f) Importer(2089858483,0ecaa5967403d082aa24f35e1b516d23)
Start importing Assets/SciFi Warehouse Kit/Prefabs/Structures/Corridors/Corridor 4-Way Lights.prefab using Guid(dcbf59da08760fb4b9531995a6691a6f) Importer(2089858483,0ecaa5967403d082aa24f35e1b516d23) [PhysX] Initialized MultithreadedTaskDispatcher with 16 workers.
 -> (artifact id: '931281a6cf074c123ffdaa153ee8c904') in 0.004132 seconds
Number of updated asset objects reloaded before import = 0
Number of asset objects unloaded after import = 37
========================================================================
Received Import Request.
  Time since last request: 0.000015 seconds.
  path: Assets/SciFi Warehouse Kit/Prefabs/Structures/Corridors/Corridor 4-Way.prefab
  artifactKey: Guid(74c0dfff25c1f104382fcabf0479898d) Importer(2089858483,0ecaa5967403d082aa24f35e1b516d23)
Start importing Assets/SciFi Warehouse Kit/Prefabs/Structures/Corridors/Corridor 4-Way.prefab using Guid(74c0dfff25c1f104382fcabf0479898d) Importer(2089858483,0ecaa5967403d082aa24f35e1b516d23) [PhysX] Initialized MultithreadedTaskDispatcher with 16 workers.
 -> (artifact id: '82be5a14ea2c9be66c501aa7576db772') in 0.005421 seconds
Number of updated asset objects reloaded before import = 0
Number of asset objects unloaded after import = 40
========================================================================
Received Import Request.
  Time since last request: 0.000013 seconds.
  path: Assets/TextMesh Pro/Examples & Extras/Resources/Fonts & Materials/Bangers SDF.asset
  artifactKey: Guid(125cb55b44b24c4393181402bc6200e6) Importer(2089858483,0ecaa5967403d082aa24f35e1b516d23)
Start importing Assets/TextMesh Pro/Examples & Extras/Resources/Fonts & Materials/Bangers SDF.asset using Guid(125cb55b44b24c4393181402bc6200e6) Importer(2089858483,0ecaa5967403d082aa24f35e1b516d23) [PhysX] Initialized MultithreadedTaskDispatcher with 16 workers.
 -> (artifact id: 'ddd5a07574787e3cc6d8ad27dcf49d37') in 0.011997 seconds
Number of updated asset objects reloaded before import = 0
Number of asset objects unloaded after import = 5
========================================================================
Received Import Request.
  Time since last request: 0.000014 seconds.
  path: Assets/TextMesh Pro/Examples & Extras/Resources/Fonts & Materials/Anton SDF - Drop Shadow.mat
  artifactKey: Guid(749b9069dc4742c5bfa5c74644049926) Importer(2089858483,0ecaa5967403d082aa24f35e1b516d23)
Start importing Assets/TextMesh Pro/Examples & Extras/Resources/Fonts & Materials/Anton SDF - Drop Shadow.mat using Guid(749b9069dc4742c5bfa5c74644049926) Importer(2089858483,0ecaa5967403d082aa24f35e1b516d23) [PhysX] Initialized MultithreadedTaskDispatcher with 16 workers.
 -> (artifact id: 'f1a8084a98b17381af4598fa2bf9dd0d') in 0.004993 seconds
Number of updated asset objects reloaded before import = 0
Number of asset objects unloaded after import = 2
========================================================================
Received Import Request.
  Time since last request: 0.000015 seconds.
  path: Assets/TextMesh Pro/Examples & Extras/Resources/Fonts & Materials/LiberationSans SDF - Soft Mask.mat
  artifactKey: Guid(42df1c7856584b6b8db9a509b6b10074) Importer(2089858483,0ecaa5967403d082aa24f35e1b516d23)
Start importing Assets/TextMesh Pro/Examples & Extras/Resources/Fonts & Materials/LiberationSans SDF - Soft Mask.mat using Guid(42df1c7856584b6b8db9a509b6b10074) Importer(2089858483,0ecaa5967403d082aa24f35e1b516d23) [PhysX] Initialized MultithreadedTaskDispatcher with 16 workers.
 -> (artifact id: 'cf9662f0c84ba00c51981fd9b4dfd8d4') in 0.016206 seconds
Number of updated asset objects reloaded before import = 0
Number of asset objects unloaded after import = 3
========================================================================
Received Import Request.
  Time since last request: 0.000013 seconds.
  path: Assets/SciFi Warehouse Kit/Prefabs/Structures/Catwalk/Catwalk Short.prefab
  artifactKey: Guid(52c51744944b30b4395badb88a68a18b) Importer(2089858483,0ecaa5967403d082aa24f35e1b516d23)
Start importing Assets/SciFi Warehouse Kit/Prefabs/Structures/Catwalk/Catwalk Short.prefab using Guid(52c51744944b30b4395badb88a68a18b) Importer(2089858483,0ecaa5967403d082aa24f35e1b516d23) [PhysX] Initialized MultithreadedTaskDispatcher with 16 workers.
 -> (artifact id: 'db48090367268f977fc1b30cf25a6788') in 0.005314 seconds
Number of updated asset objects reloaded before import = 0
Number of asset objects unloaded after import = 8
========================================================================
Received Import Request.
  Time since last request: 0.000014 seconds.
  path: Assets/SciFi Warehouse Kit/Prefabs/Props/Ducts/Duct Elbow 01.prefab
  artifactKey: Guid(ead50481603138344b8c40cf80a27232) Importer(2089858483,0ecaa5967403d082aa24f35e1b516d23)
Start importing Assets/SciFi Warehouse Kit/Prefabs/Props/Ducts/Duct Elbow 01.prefab using Guid(ead50481603138344b8c40cf80a27232) Importer(2089858483,0ecaa5967403d082aa24f35e1b516d23) [PhysX] Initialized MultithreadedTaskDispatcher with 16 workers.
 -> (artifact id: '5ae0961e7568507d12f75825ff951e74') in 0.006913 seconds
Number of updated asset objects reloaded before import = 0
Number of asset objects unloaded after import = 8
========================================================================
Received Import Request.
  Time since last request: 0.000016 seconds.
  path: Assets/SciFi Warehouse Kit/Prefabs/Structures/Pillars and Beams/Ceiling Support.prefab
  artifactKey: Guid(56553c59a52bf504aaac866c7f4030cd) Importer(2089858483,0ecaa5967403d082aa24f35e1b516d23)
Start importing Assets/SciFi Warehouse Kit/Prefabs/Structures/Pillars and Beams/Ceiling Support.prefab using Guid(56553c59a52bf504aaac866c7f4030cd) Importer(2089858483,0ecaa5967403d082aa24f35e1b516d23) [PhysX] Initialized MultithreadedTaskDispatcher with 16 workers.
 -> (artifact id: 'c4a0bb4e77742f7afcbfc2eb4d7ae2d8') in 0.006366 seconds
Number of updated asset objects reloaded before import = 0
Number of asset objects unloaded after import = 8
========================================================================
Received Import Request.
  Time since last request: 0.000014 seconds.
  path: Assets/SciFi Warehouse Kit/Prefabs/Props/Ducts/Duct Vent.prefab
  artifactKey: Guid(573ef1f633878a64f8caef594c1c31d5) Importer(2089858483,0ecaa5967403d082aa24f35e1b516d23)
Start importing Assets/SciFi Warehouse Kit/Prefabs/Props/Ducts/Duct Vent.prefab using Guid(573ef1f633878a64f8caef594c1c31d5) Importer(2089858483,0ecaa5967403d082aa24f35e1b516d23) [PhysX] Initialized MultithreadedTaskDispatcher with 16 workers.
 -> (artifact id: '4b132fa09799d3f2a05df3f6bc07409f') in 0.006885 seconds
Number of updated asset objects reloaded before import = 0
Number of asset objects unloaded after import = 8
========================================================================
Received Import Request.
  Time since last request: 0.000013 seconds.
  path: Assets/TextMesh Pro/Examples & Extras/Resources/Fonts & Materials/LiberationSans SDF - Overlay.mat
  artifactKey: Guid(9ad269c99dcf42b7aedefd83dd5a7b9d) Importer(2089858483,0ecaa5967403d082aa24f35e1b516d23)
Start importing Assets/TextMesh Pro/Examples & Extras/Resources/Fonts & Materials/LiberationSans SDF - Overlay.mat using Guid(9ad269c99dcf42b7aedefd83dd5a7b9d) Importer(2089858483,0ecaa5967403d082aa24f35e1b516d23) [PhysX] Initialized MultithreadedTaskDispatcher with 16 workers.
 -> (artifact id: 'c7dfd41711a48727e97324e4a9fee664') in 0.015816 seconds
Number of updated asset objects reloaded before import = 0
Number of asset objects unloaded after import = 2
========================================================================
Received Import Request.
  Time since last request: 0.000018 seconds.
  path: Assets/SciFi Warehouse Kit/Prefabs/Props/Shelves/Shelves Empty.prefab
  artifactKey: Guid(f27fcf47b279da042ae6ff22c72d9949) Importer(2089858483,0ecaa5967403d082aa24f35e1b516d23)
Start importing Assets/SciFi Warehouse Kit/Prefabs/Props/Shelves/Shelves Empty.prefab using Guid(f27fcf47b279da042ae6ff22c72d9949) Importer(2089858483,0ecaa5967403d082aa24f35e1b516d23) [PhysX] Initialized MultithreadedTaskDispatcher with 16 workers.
 -> (artifact id: 'cac408bc58cb5f71247b5b80dcd6e351') in 0.004660 seconds
Number of updated asset objects reloaded before import = 0
Number of asset objects unloaded after import = 18
========================================================================
Received Import Request.
  Time since last request: 0.000018 seconds.
  path: Assets/SciFi Warehouse Kit/Prefabs/Structures/Catwalk/Catwalk Rails Short.prefab
  artifactKey: Guid(e2065e8f29774454889634d57ec0a96f) Importer(2089858483,0ecaa5967403d082aa24f35e1b516d23)
Start importing Assets/SciFi Warehouse Kit/Prefabs/Structures/Catwalk/Catwalk Rails Short.prefab using Guid(e2065e8f29774454889634d57ec0a96f) Importer(2089858483,0ecaa5967403d082aa24f35e1b516d23) [PhysX] Initialized MultithreadedTaskDispatcher with 16 workers.
 -> (artifact id: '1669a87d405917807e28f13947d1dffc') in 0.006836 seconds
Number of updated asset objects reloaded before import = 0
Number of asset objects unloaded after import = 8
========================================================================
Received Import Request.
  Time since last request: 0.000013 seconds.
  path: Assets/SciFi Warehouse Kit/Prefabs/Structures/Walls/Wall Corridor.prefab
  artifactKey: Guid(cd25cf3d7c6ff0e4cb4a7056c87c3ba9) Importer(2089858483,0ecaa5967403d082aa24f35e1b516d23)
Start importing Assets/SciFi Warehouse Kit/Prefabs/Structures/Walls/Wall Corridor.prefab using Guid(cd25cf3d7c6ff0e4cb4a7056c87c3ba9) Importer(2089858483,0ecaa5967403d082aa24f35e1b516d23) [PhysX] Initialized MultithreadedTaskDispatcher with 16 workers.
 -> (artifact id: '8e5e3903575745ef701a62ff275974de') in 0.007468 seconds
Number of updated asset objects reloaded before import = 0
Number of asset objects unloaded after import = 10
========================================================================
Received Import Request.
  Time since last request: 0.000013 seconds.
  path: Assets/SciFi Warehouse Kit/Art/Meshes/Structures/Walls/Wall Corridor Entrance.fbx
  artifactKey: Guid(909005b28345a69478157c4b0dccc3bd) Importer(2089858483,0ecaa5967403d082aa24f35e1b516d23)
Start importing Assets/SciFi Warehouse Kit/Art/Meshes/Structures/Walls/Wall Corridor Entrance.fbx using Guid(909005b28345a69478157c4b0dccc3bd) Importer(2089858483,0ecaa5967403d082aa24f35e1b516d23) [PhysX] Initialized MultithreadedTaskDispatcher with 16 workers.
 -> (artifact id: 'bf9e1647c30a03f806888c4b1c6f81a5') in 0.009820 seconds
Number of updated asset objects reloaded before import = 0
Number of asset objects unloaded after import = 8
========================================================================
Received Import Request.
  Time since last request: 0.000014 seconds.
  path: Assets/SciFi Warehouse Kit/Art/Meshes/Structures/Structure Props/Sprinkler 02.fbx
  artifactKey: Guid(20705536d1d603a469ff171731e042fe) Importer(2089858483,0ecaa5967403d082aa24f35e1b516d23)
Start importing Assets/SciFi Warehouse Kit/Art/Meshes/Structures/Structure Props/Sprinkler 02.fbx using Guid(20705536d1d603a469ff171731e042fe) Importer(2089858483,0ecaa5967403d082aa24f35e1b516d23) [PhysX] Initialized MultithreadedTaskDispatcher with 16 workers.
 -> (artifact id: 'e40e5d93ada61044c3a439c14b2de713') in 0.008671 seconds
Number of updated asset objects reloaded before import = 0
Number of asset objects unloaded after import = 7
========================================================================
Received Import Request.
  Time since last request: 0.000026 seconds.
  path: Assets/SciFi Warehouse Kit/Art/Meshes/Structures/Structure Props/Exit Sign.fbx
  artifactKey: Guid(3fa91f9597108b24f81cd403a9b8070d) Importer(2089858483,0ecaa5967403d082aa24f35e1b516d23)
Start importing Assets/SciFi Warehouse Kit/Art/Meshes/Structures/Structure Props/Exit Sign.fbx using Guid(3fa91f9597108b24f81cd403a9b8070d) Importer(2089858483,0ecaa5967403d082aa24f35e1b516d23) [PhysX] Initialized MultithreadedTaskDispatcher with 16 workers.
 -> (artifact id: '6ab758fd0206617295e43285d430c2c7') in 0.011161 seconds
Number of updated asset objects reloaded before import = 0
Number of asset objects unloaded after import = 14
========================================================================
Received Import Request.
  Time since last request: 0.000017 seconds.
  path: Assets/SciFi Warehouse Kit/Art/Meshes/Structures/Corridors/Corridor Incline Full.fbx
  artifactKey: Guid(e76df27ac8248984b956e0afc508c53d) Importer(2089858483,0ecaa5967403d082aa24f35e1b516d23)
Start importing Assets/SciFi Warehouse Kit/Art/Meshes/Structures/Corridors/Corridor Incline Full.fbx using Guid(e76df27ac8248984b956e0afc508c53d) Importer(2089858483,0ecaa5967403d082aa24f35e1b516d23) [PhysX] Initialized MultithreadedTaskDispatcher with 16 workers.
 -> (artifact id: 'e36eab2e12f4b9973a90f34b2231bb18') in 0.017827 seconds
Number of updated asset objects reloaded before import = 0
Number of asset objects unloaded after import = 39
========================================================================
Received Import Request.
  Time since last request: 0.000030 seconds.
  path: Assets/SciFi Warehouse Kit/Art/Meshes/Structures/Ceiling/Ceiling Closed.fbx
  artifactKey: Guid(b28dd70a689b2b649832f43119d5b551) Importer(2089858483,0ecaa5967403d082aa24f35e1b516d23)
Start importing Assets/SciFi Warehouse Kit/Art/Meshes/Structures/Ceiling/Ceiling Closed.fbx using Guid(b28dd70a689b2b649832f43119d5b551) Importer(2089858483,0ecaa5967403d082aa24f35e1b516d23) [PhysX] Initialized MultithreadedTaskDispatcher with 16 workers.
 -> (artifact id: '8c5ae31143f1093342aca0d034b52f4c') in 0.010222 seconds
Number of updated asset objects reloaded before import = 0
Number of asset objects unloaded after import = 7
========================================================================
Received Import Request.
  Time since last request: 0.000014 seconds.
  path: Assets/SciFi Warehouse Kit/Prefabs/Props/Crates Barrels Pallets/Pallet Variations/Pallet Variation 04.prefab
  artifactKey: Guid(b0e81b98347f86e4b8f377f20dcc2a4e) Importer(2089858483,0ecaa5967403d082aa24f35e1b516d23)
Start importing Assets/SciFi Warehouse Kit/Prefabs/Props/Crates Barrels Pallets/Pallet Variations/Pallet Variation 04.prefab using Guid(b0e81b98347f86e4b8f377f20dcc2a4e) Importer(2089858483,0ecaa5967403d082aa24f35e1b516d23) [PhysX] Initialized MultithreadedTaskDispatcher with 16 workers.
 -> (artifact id: '305a121c83325f681f2456a12fc1fddc') in 0.007470 seconds
Number of updated asset objects reloaded before import = 0
Number of asset objects unloaded after import = 26
========================================================================
Received Import Request.
  Time since last request: 0.000013 seconds.
  path: Assets/SciFi Warehouse Kit/Art/Meshes/Structures/Walls/Wall Window.fbx
  artifactKey: Guid(09c72847c9f424149a212761aaa4bdb9) Importer(2089858483,0ecaa5967403d082aa24f35e1b516d23)
Start importing Assets/SciFi Warehouse Kit/Art/Meshes/Structures/Walls/Wall Window.fbx using Guid(09c72847c9f424149a212761aaa4bdb9) Importer(2089858483,0ecaa5967403d082aa24f35e1b516d23) [PhysX] Initialized MultithreadedTaskDispatcher with 16 workers.
 -> (artifact id: '902235b21760724c13c2b9b107e508c7') in 0.010538 seconds
Number of updated asset objects reloaded before import = 0
Number of asset objects unloaded after import = 22
========================================================================
Received Import Request.
  Time since last request: 0.000013 seconds.
  path: Assets/SciFi Warehouse Kit/Prefabs/Props/Crates Barrels Pallets/Pallet Variations/Pallet Variation 06.prefab
  artifactKey: Guid(1b2e0c15a34b5e24ea266246ee7534f8) Importer(2089858483,0ecaa5967403d082aa24f35e1b516d23)
Start importing Assets/SciFi Warehouse Kit/Prefabs/Props/Crates Barrels Pallets/Pallet Variations/Pallet Variation 06.prefab using Guid(1b2e0c15a34b5e24ea266246ee7534f8) Importer(2089858483,0ecaa5967403d082aa24f35e1b516d23) [PhysX] Initialized MultithreadedTaskDispatcher with 16 workers.
 -> (artifact id: '19bccfbcfa070a81f99b1fe247b87498') in 0.006690 seconds
Number of updated asset objects reloaded before import = 0
Number of asset objects unloaded after import = 29
========================================================================
Received Import Request.
  Time since last request: 0.000012 seconds.
  path: Assets/SciFi Warehouse Kit/Art/Meshes/Structures/Corridors/Corridor 4-Way.fbx
  artifactKey: Guid(685f3c2516b9d3041970058318a5c349) Importer(2089858483,0ecaa5967403d082aa24f35e1b516d23)
Start importing Assets/SciFi Warehouse Kit/Art/Meshes/Structures/Corridors/Corridor 4-Way.fbx using Guid(685f3c2516b9d3041970058318a5c349) Importer(2089858483,0ecaa5967403d082aa24f35e1b516d23) [PhysX] Initialized MultithreadedTaskDispatcher with 16 workers.
 -> (artifact id: '478ccd3980ecbc5548f00fbdc814479c') in 0.012516 seconds
Number of updated asset objects reloaded before import = 0
Number of asset objects unloaded after import = 29
========================================================================
Received Import Request.
  Time since last request: 0.000014 seconds.
  path: Assets/SciFi Warehouse Kit/Art/Meshes/Structures/Catwalk/Catwalk Pillar 02.fbx
  artifactKey: Guid(5b5b79d7bf468d14999a15ed364a36e8) Importer(2089858483,0ecaa5967403d082aa24f35e1b516d23)
Start importing Assets/SciFi Warehouse Kit/Art/Meshes/Structures/Catwalk/Catwalk Pillar 02.fbx using Guid(5b5b79d7bf468d14999a15ed364a36e8) Importer(2089858483,0ecaa5967403d082aa24f35e1b516d23) [PhysX] Initialized MultithreadedTaskDispatcher with 16 workers.
 -> (artifact id: '6cffe64ebf3a455efcc890b649cc31f9') in 0.007885 seconds
Number of updated asset objects reloaded before import = 0
Number of asset objects unloaded after import = 7
========================================================================
Received Import Request.
  Time since last request: 0.000013 seconds.
  path: Assets/SciFi Warehouse Kit/Art/Meshes/Structures/Floor/Floor Tile 01.fbx
  artifactKey: Guid(ce1e1c6afeb8a4c4da4ab18e701d36cc) Importer(2089858483,0ecaa5967403d082aa24f35e1b516d23)
Start importing Assets/SciFi Warehouse Kit/Art/Meshes/Structures/Floor/Floor Tile 01.fbx using Guid(ce1e1c6afeb8a4c4da4ab18e701d36cc) Importer(2089858483,0ecaa5967403d082aa24f35e1b516d23) [PhysX] Initialized MultithreadedTaskDispatcher with 16 workers.
 -> (artifact id: '1877e775e86b40c09f36b05bcecf6949') in 0.009749 seconds
Number of updated asset objects reloaded before import = 0
Number of asset objects unloaded after import = 7
========================================================================
Received Import Request.
  Time since last request: 0.000016 seconds.
  path: Assets/SciFi Warehouse Kit/Art/Meshes/Structures/Catwalk/Catwalk Pillar Rails.fbx
  artifactKey: Guid(5a4645c9d2fbfc64a8e636733c22e176) Importer(2089858483,0ecaa5967403d082aa24f35e1b516d23)
Start importing Assets/SciFi Warehouse Kit/Art/Meshes/Structures/Catwalk/Catwalk Pillar Rails.fbx using Guid(5a4645c9d2fbfc64a8e636733c22e176) Importer(2089858483,0ecaa5967403d082aa24f35e1b516d23) [PhysX] Initialized MultithreadedTaskDispatcher with 16 workers.
 -> (artifact id: '1e4bf07a4172befe35a2a42ca6f0f521') in 0.010946 seconds
Number of updated asset objects reloaded before import = 0
Number of asset objects unloaded after import = 7
========================================================================
Received Import Request.
  Time since last request: 0.000012 seconds.
  path: Assets/SciFi Warehouse Kit/Art/Meshes/Structures/Catwalk/CatWalk Stairs Wide.fbx
  artifactKey: Guid(f166f60cc0fa7d344b41aa4d7a0c6cd7) Importer(2089858483,0ecaa5967403d082aa24f35e1b516d23)
Start importing Assets/SciFi Warehouse Kit/Art/Meshes/Structures/Catwalk/CatWalk Stairs Wide.fbx using Guid(f166f60cc0fa7d344b41aa4d7a0c6cd7) Importer(2089858483,0ecaa5967403d082aa24f35e1b516d23) [PhysX] Initialized MultithreadedTaskDispatcher with 16 workers.
 -> (artifact id: '092460bb0e49aa6b1a53073f6239d88a') in 0.010728 seconds
Number of updated asset objects reloaded before import = 0
Number of asset objects unloaded after import = 19
========================================================================
Received Import Request.
  Time since last request: 0.000014 seconds.
  path: Assets/SciFi Warehouse Kit/Art/Meshes/Structures/Structure Props/Pipes 03.fbx
  artifactKey: Guid(93b8f057a6dc5444292ff9a248b10a51) Importer(2089858483,0ecaa5967403d082aa24f35e1b516d23)
Start importing Assets/SciFi Warehouse Kit/Art/Meshes/Structures/Structure Props/Pipes 03.fbx using Guid(93b8f057a6dc5444292ff9a248b10a51) Importer(2089858483,0ecaa5967403d082aa24f35e1b516d23) [PhysX] Initialized MultithreadedTaskDispatcher with 16 workers.
 -> (artifact id: '9ce201cd663b110e0d1e1899ebf31f2f') in 0.009189 seconds
Number of updated asset objects reloaded before import = 0
Number of asset objects unloaded after import = 7
========================================================================
Received Import Request.
  Time since last request: 0.000015 seconds.
  path: Assets/SciFi Warehouse Kit/Art/Meshes/Structures/Structure Props/Fusebox 02.fbx
  artifactKey: Guid(163b2c8b61a3ecb4ea45334400e257cc) Importer(2089858483,0ecaa5967403d082aa24f35e1b516d23)
Start importing Assets/SciFi Warehouse Kit/Art/Meshes/Structures/Structure Props/Fusebox 02.fbx using Guid(163b2c8b61a3ecb4ea45334400e257cc) Importer(2089858483,0ecaa5967403d082aa24f35e1b516d23) [PhysX] Initialized MultithreadedTaskDispatcher with 16 workers.
 -> (artifact id: '599278cf5a0a21be2b4804a1049e917f') in 0.009298 seconds
Number of updated asset objects reloaded before import = 0
Number of asset objects unloaded after import = 7
========================================================================
Received Import Request.
  Time since last request: 0.000013 seconds.
  path: Assets/SciFi Warehouse Kit/Art/Meshes/Structures/Walls/Wall Fan.fbx
  artifactKey: Guid(3a8384e20c816134c8d4a4d359d33c29) Importer(2089858483,0ecaa5967403d082aa24f35e1b516d23)
Start importing Assets/SciFi Warehouse Kit/Art/Meshes/Structures/Walls/Wall Fan.fbx using Guid(3a8384e20c816134c8d4a4d359d33c29) Importer(2089858483,0ecaa5967403d082aa24f35e1b516d23) [PhysX] Initialized MultithreadedTaskDispatcher with 16 workers.
 -> (artifact id: 'c7db0a02fdb8a9ecd9e9315e3de90bc5') in 0.020452 seconds
Number of updated asset objects reloaded before import = 0
Number of asset objects unloaded after import = 34
========================================================================
Received Import Request.
  Time since last request: 0.000014 seconds.
  path: Assets/SciFi Warehouse Kit/Art/Meshes/Structures/Structure Props/Pipes 05.fbx
  artifactKey: Guid(9b54c9e62bb1ef3498daa4cefd52b39c) Importer(2089858483,0ecaa5967403d082aa24f35e1b516d23)
Start importing Assets/SciFi Warehouse Kit/Art/Meshes/Structures/Structure Props/Pipes 05.fbx using Guid(9b54c9e62bb1ef3498daa4cefd52b39c) Importer(2089858483,0ecaa5967403d082aa24f35e1b516d23) [PhysX] Initialized MultithreadedTaskDispatcher with 16 workers.
 -> (artifact id: '664fc05899ec4a6cf6f7b864e91d3cae') in 0.008959 seconds
Number of updated asset objects reloaded before import = 0
Number of asset objects unloaded after import = 7
========================================================================
Received Import Request.
  Time since last request: 0.000013 seconds.
  path: Assets/SciFi Warehouse Kit/Art/Meshes/Structures/Corridors/Corridor Corner.fbx
  artifactKey: Guid(cae5fd5b00916314594b00729f56646b) Importer(2089858483,0ecaa5967403d082aa24f35e1b516d23)
Start importing Assets/SciFi Warehouse Kit/Art/Meshes/Structures/Corridors/Corridor Corner.fbx using Guid(cae5fd5b00916314594b00729f56646b) Importer(2089858483,0ecaa5967403d082aa24f35e1b516d23) [PhysX] Initialized MultithreadedTaskDispatcher with 16 workers.
 -> (artifact id: '76c3af06dd427f4f1ac15b33971df5d2') in 0.012764 seconds
Number of updated asset objects reloaded before import = 0
Number of asset objects unloaded after import = 29
========================================================================
Received Import Request.
  Time since last request: 0.000017 seconds.
  path: Assets/SciFi Warehouse Kit/Art/Meshes/Structures/Pillars and Beams/Ceiling Beam.fbx
  artifactKey: Guid(c2a481fb44d768d48a5cb49f20379c15) Importer(2089858483,0ecaa5967403d082aa24f35e1b516d23)
Start importing Assets/SciFi Warehouse Kit/Art/Meshes/Structures/Pillars and Beams/Ceiling Beam.fbx using Guid(c2a481fb44d768d48a5cb49f20379c15) Importer(2089858483,0ecaa5967403d082aa24f35e1b516d23) [PhysX] Initialized MultithreadedTaskDispatcher with 16 workers.
 -> (artifact id: 'ceb35b74c6ae69027e29d46506f2b26f') in 0.010333 seconds
Number of updated asset objects reloaded before import = 0
Number of asset objects unloaded after import = 7
========================================================================
Received Import Request.
  Time since last request: 0.000014 seconds.
  path: Assets/SciFi Warehouse Kit/Prefabs/Props/Crates Barrels Pallets/Pallet Variations/Pallet Variation 03.prefab
  artifactKey: Guid(e02a45feff251dc44bcb22375712232e) Importer(2089858483,0ecaa5967403d082aa24f35e1b516d23)
Start importing Assets/SciFi Warehouse Kit/Prefabs/Props/Crates Barrels Pallets/Pallet Variations/Pallet Variation 03.prefab using Guid(e02a45feff251dc44bcb22375712232e) Importer(2089858483,0ecaa5967403d082aa24f35e1b516d23) [PhysX] Initialized MultithreadedTaskDispatcher with 16 workers.
 -> (artifact id: '13fff25e5a98f597ad9a6a929b685c8a') in 0.007161 seconds
Number of updated asset objects reloaded before import = 0
Number of asset objects unloaded after import = 25
========================================================================
Received Import Request.
  Time since last request: 0.000018 seconds.
  path: Assets/SciFi Warehouse Kit/Art/Meshes/Structures/Corridors/Corridor Corner Lights.fbx
  artifactKey: Guid(4ce6b0c7f72eca64281331f29fa951bf) Importer(2089858483,0ecaa5967403d082aa24f35e1b516d23)
Start importing Assets/SciFi Warehouse Kit/Art/Meshes/Structures/Corridors/Corridor Corner Lights.fbx using Guid(4ce6b0c7f72eca64281331f29fa951bf) Importer(2089858483,0ecaa5967403d082aa24f35e1b516d23) [PhysX] Initialized MultithreadedTaskDispatcher with 16 workers.
 -> (artifact id: '86468de1d12d91540da9b4aaf11992dd') in 0.015609 seconds
Number of updated asset objects reloaded before import = 0
Number of asset objects unloaded after import = 34
========================================================================
Received Import Request.
  Time since last request: 0.000024 seconds.
  path: Assets/SciFi Warehouse Kit/Art/Meshes/Structures/Corridors/Corridor Doors.fbx
  artifactKey: Guid(825edafc6ccf17640908cb6b69e1c65f) Importer(2089858483,0ecaa5967403d082aa24f35e1b516d23)
Start importing Assets/SciFi Warehouse Kit/Art/Meshes/Structures/Corridors/Corridor Doors.fbx using Guid(825edafc6ccf17640908cb6b69e1c65f) Importer(2089858483,0ecaa5967403d082aa24f35e1b516d23) [PhysX] Initialized MultithreadedTaskDispatcher with 16 workers.
 -> (artifact id: '2d2311de5c8b5640ac6df7ea5313ae00') in 0.017281 seconds
Number of updated asset objects reloaded before import = 0
Number of asset objects unloaded after import = 31
========================================================================
Received Import Request.
  Time since last request: 0.000015 seconds.
  path: Assets/SciFi Warehouse Kit/Art/Meshes/Structures/Structure Props/Sprinkler 03.fbx
  artifactKey: Guid(f8778eebb4cd7d448b243fc1a8b6cc79) Importer(2089858483,0ecaa5967403d082aa24f35e1b516d23)
Start importing Assets/SciFi Warehouse Kit/Art/Meshes/Structures/Structure Props/Sprinkler 03.fbx using Guid(f8778eebb4cd7d448b243fc1a8b6cc79) Importer(2089858483,0ecaa5967403d082aa24f35e1b516d23) [PhysX] Initialized MultithreadedTaskDispatcher with 16 workers.
 -> (artifact id: '0447ad3b4135cbd74897bb23dcae1e6f') in 0.012378 seconds
Number of updated asset objects reloaded before import = 0
Number of asset objects unloaded after import = 7
========================================================================
Received Import Request.
  Time since last request: 0.000011 seconds.
  path: Assets/SciFi Warehouse Kit/Art/Meshes/Structures/Structure Props/Sprinkler 01.fbx
  artifactKey: Guid(6ff928b531f791948891e792610e4af2) Importer(2089858483,0ecaa5967403d082aa24f35e1b516d23)
Start importing Assets/SciFi Warehouse Kit/Art/Meshes/Structures/Structure Props/Sprinkler 01.fbx using Guid(6ff928b531f791948891e792610e4af2) Importer(2089858483,0ecaa5967403d082aa24f35e1b516d23) [PhysX] Initialized MultithreadedTaskDispatcher with 16 workers.
 -> (artifact id: '412e5022bec593a0054b20a94a067534') in 0.010098 seconds
Number of updated asset objects reloaded before import = 0
Number of asset objects unloaded after import = 7
========================================================================
Received Import Request.
  Time since last request: 0.000023 seconds.
  path: Assets/SciFi Warehouse Kit/Art/Meshes/Structures/Corridors/Corridor Wide.fbx
  artifactKey: Guid(0c7a4f4b9bbf44841812ab47fae3b382) Importer(2089858483,0ecaa5967403d082aa24f35e1b516d23)
Start importing Assets/SciFi Warehouse Kit/Art/Meshes/Structures/Corridors/Corridor Wide.fbx using Guid(0c7a4f4b9bbf44841812ab47fae3b382) Importer(2089858483,0ecaa5967403d082aa24f35e1b516d23) [PhysX] Initialized MultithreadedTaskDispatcher with 16 workers.
 -> (artifact id: 'f037ee3c9a84e5a898900bcd51e51335') in 0.014080 seconds
Number of updated asset objects reloaded before import = 0
Number of asset objects unloaded after import = 34
========================================================================
Received Import Request.
  Time since last request: 0.000013 seconds.
  path: Assets/SciFi Warehouse Kit/Art/Meshes/Props/Misc Props/Hanging Light.fbx
  artifactKey: Guid(07fb4dd6bfd07084eb4a81e9086f354b) Importer(2089858483,0ecaa5967403d082aa24f35e1b516d23)
Start importing Assets/SciFi Warehouse Kit/Art/Meshes/Props/Misc Props/Hanging Light.fbx using Guid(07fb4dd6bfd07084eb4a81e9086f354b) Importer(2089858483,0ecaa5967403d082aa24f35e1b516d23) [PhysX] Initialized MultithreadedTaskDispatcher with 16 workers.
 -> (artifact id: '115d47dd82828a463fbb8fba0ec60df7') in 0.009698 seconds
Number of updated asset objects reloaded before import = 0
Number of asset objects unloaded after import = 14
========================================================================
Received Import Request.
  Time since last request: 0.000020 seconds.
  path: Assets/SciFi Warehouse Kit/Art/Meshes/Structures/Walls/Wall BayDoor.fbx
  artifactKey: Guid(1b74ff2139ba6ea47803d0c80ee0702a) Importer(2089858483,0ecaa5967403d082aa24f35e1b516d23)
Start importing Assets/SciFi Warehouse Kit/Art/Meshes/Structures/Walls/Wall BayDoor.fbx using Guid(1b74ff2139ba6ea47803d0c80ee0702a) Importer(2089858483,0ecaa5967403d082aa24f35e1b516d23) [PhysX] Initialized MultithreadedTaskDispatcher with 16 workers.
 -> (artifact id: 'c0ad65bf7bc4de61450a1e76de32f1d0') in 0.015708 seconds
Number of updated asset objects reloaded before import = 0
Number of asset objects unloaded after import = 22
========================================================================
Received Import Request.
  Time since last request: 0.000021 seconds.
  path: Assets/SciFi Warehouse Kit/Art/Meshes/Structures/Corridors/Corridor Passthrough Lights.fbx
  artifactKey: Guid(a595069cbc2793340bd5a19a73b90c5c) Importer(2089858483,0ecaa5967403d082aa24f35e1b516d23)
Start importing Assets/SciFi Warehouse Kit/Art/Meshes/Structures/Corridors/Corridor Passthrough Lights.fbx using Guid(a595069cbc2793340bd5a19a73b90c5c) Importer(2089858483,0ecaa5967403d082aa24f35e1b516d23) [PhysX] Initialized MultithreadedTaskDispatcher with 16 workers.
 -> (artifact id: 'c29f7c6648c57adb19e08b235be25739') in 0.015100 seconds
Number of updated asset objects reloaded before import = 0
Number of asset objects unloaded after import = 34
========================================================================
Received Import Request.
  Time since last request: 0.000019 seconds.
  path: Assets/SciFi Warehouse Kit/Art/Meshes/Structures/Floor/Floor Tile 03.fbx
  artifactKey: Guid(5cbddee6fa556ed4dbf67a4f02f826fb) Importer(2089858483,0ecaa5967403d082aa24f35e1b516d23)
Start importing Assets/SciFi Warehouse Kit/Art/Meshes/Structures/Floor/Floor Tile 03.fbx using Guid(5cbddee6fa556ed4dbf67a4f02f826fb) Importer(2089858483,0ecaa5967403d082aa24f35e1b516d23) [PhysX] Initialized MultithreadedTaskDispatcher with 16 workers.
 -> (artifact id: 'e76878da88b7f45724f5cc348d58b89c') in 0.012697 seconds
Number of updated asset objects reloaded before import = 0
Number of asset objects unloaded after import = 7
========================================================================
Received Import Request.
  Time since last request: 0.000011 seconds.
  path: Assets/SciFi Warehouse Kit/Art/Meshes/Structures/Corridors/Corridor Passthrough.fbx
  artifactKey: Guid(a8a331381b0964540861396e52de1693) Importer(2089858483,0ecaa5967403d082aa24f35e1b516d23)
Start importing Assets/SciFi Warehouse Kit/Art/Meshes/Structures/Corridors/Corridor Passthrough.fbx using Guid(a8a331381b0964540861396e52de1693) Importer(2089858483,0ecaa5967403d082aa24f35e1b516d23) [PhysX] Initialized MultithreadedTaskDispatcher with 16 workers.
 -> (artifact id: 'd65194b8ab4872e7f897cf6f9e1e854f') in 0.012943 seconds
Number of updated asset objects reloaded before import = 0
Number of asset objects unloaded after import = 29
========================================================================
Received Import Request.
  Time since last request: 0.000015 seconds.
  path: Assets/SciFi Warehouse Kit/Art/Meshes/Structures/Pillars and Beams/Wall Support.fbx
  artifactKey: Guid(2e3c4654a7de08a478c4d20a7723146b) Importer(2089858483,0ecaa5967403d082aa24f35e1b516d23)
Start importing Assets/SciFi Warehouse Kit/Art/Meshes/Structures/Pillars and Beams/Wall Support.fbx using Guid(2e3c4654a7de08a478c4d20a7723146b) Importer(2089858483,0ecaa5967403d082aa24f35e1b516d23) [PhysX] Initialized MultithreadedTaskDispatcher with 16 workers.
 -> (artifact id: '481049e96073255014f74f936ffc1090') in 0.009796 seconds
Number of updated asset objects reloaded before import = 0
Number of asset objects unloaded after import = 7
========================================================================
Received Import Request.
  Time since last request: 0.000013 seconds.
  path: Assets/SciFi Warehouse Kit/Art/Meshes/Structures/Structure Props/Pipes 04.fbx
  artifactKey: Guid(20c996ef2120d4f46878fd50f9f45703) Importer(2089858483,0ecaa5967403d082aa24f35e1b516d23)
Start importing Assets/SciFi Warehouse Kit/Art/Meshes/Structures/Structure Props/Pipes 04.fbx using Guid(20c996ef2120d4f46878fd50f9f45703) Importer(2089858483,0ecaa5967403d082aa24f35e1b516d23) [PhysX] Initialized MultithreadedTaskDispatcher with 16 workers.
 -> (artifact id: '92197682f1307c1b12d2f858a9d0eef6') in 0.009293 seconds
Number of updated asset objects reloaded before import = 0
Number of asset objects unloaded after import = 7
========================================================================
Received Import Request.
  Time since last request: 0.000015 seconds.
  path: Assets/SciFi Warehouse Kit/Art/Meshes/Props/Misc Props/Security Cam.fbx
  artifactKey: Guid(b242581fc7fd82a45b00226894da6bfb) Importer(2089858483,0ecaa5967403d082aa24f35e1b516d23)
Start importing Assets/SciFi Warehouse Kit/Art/Meshes/Props/Misc Props/Security Cam.fbx using Guid(b242581fc7fd82a45b00226894da6bfb) Importer(2089858483,0ecaa5967403d082aa24f35e1b516d23) [PhysX] Initialized MultithreadedTaskDispatcher with 16 workers.
 -> (artifact id: 'ba94c48f71a16cdba814f6f73b46c57b') in 0.009782 seconds
Number of updated asset objects reloaded before import = 0
Number of asset objects unloaded after import = 7
========================================================================
Received Import Request.
  Time since last request: 0.000013 seconds.
  path: Assets/SciFi Warehouse Kit/Art/Meshes/Structures/Catwalk/Catwalk Long Rails.fbx
  artifactKey: Guid(456faba3775baea40800d023c374e1be) Importer(2089858483,0ecaa5967403d082aa24f35e1b516d23)
Start importing Assets/SciFi Warehouse Kit/Art/Meshes/Structures/Catwalk/Catwalk Long Rails.fbx using Guid(456faba3775baea40800d023c374e1be) Importer(2089858483,0ecaa5967403d082aa24f35e1b516d23) [PhysX] Initialized MultithreadedTaskDispatcher with 16 workers.
 -> (artifact id: '85b88cc925399081f0985122326c7954') in 0.009912 seconds
Number of updated asset objects reloaded before import = 0
Number of asset objects unloaded after import = 7
========================================================================
Received Import Request.
  Time since last request: 0.000014 seconds.
  path: Assets/SciFi Warehouse Kit/Art/Meshes/Structures/Catwalk/Catwalk Pillar 03.fbx
  artifactKey: Guid(3fc400239d07ab342a3ffee1b8cb99c3) Importer(2089858483,0ecaa5967403d082aa24f35e1b516d23)
Start importing Assets/SciFi Warehouse Kit/Art/Meshes/Structures/Catwalk/Catwalk Pillar 03.fbx using Guid(3fc400239d07ab342a3ffee1b8cb99c3) Importer(2089858483,0ecaa5967403d082aa24f35e1b516d23) [PhysX] Initialized MultithreadedTaskDispatcher with 16 workers.
 -> (artifact id: 'dce9db941e7d9ddf3acf8bbd5d55bc22') in 0.010638 seconds
Number of updated asset objects reloaded before import = 0
Number of asset objects unloaded after import = 7
========================================================================
Received Import Request.
  Time since last request: 0.000013 seconds.
  path: Assets/SciFi Warehouse Kit/Art/Meshes/Structures/Catwalk/Catwalk Long.fbx
  artifactKey: Guid(61065208e46478a47815444ce1dbd689) Importer(2089858483,0ecaa5967403d082aa24f35e1b516d23)
Start importing Assets/SciFi Warehouse Kit/Art/Meshes/Structures/Catwalk/Catwalk Long.fbx using Guid(61065208e46478a47815444ce1dbd689) Importer(2089858483,0ecaa5967403d082aa24f35e1b516d23) [PhysX] Initialized MultithreadedTaskDispatcher with 16 workers.
 -> (artifact id: '021c21f72944532822c3c7e486d07d22') in 0.009121 seconds
Number of updated asset objects reloaded before import = 0
Number of asset objects unloaded after import = 7
========================================================================
Received Import Request.
  Time since last request: 0.000018 seconds.
  path: Assets/SciFi Warehouse Kit/Art/Meshes/Structures/Structure Props/Sprinkler 06.fbx
  artifactKey: Guid(937f63d0204f08846bb537e08d1b280c) Importer(2089858483,0ecaa5967403d082aa24f35e1b516d23)
Start importing Assets/SciFi Warehouse Kit/Art/Meshes/Structures/Structure Props/Sprinkler 06.fbx using Guid(937f63d0204f08846bb537e08d1b280c) Importer(2089858483,0ecaa5967403d082aa24f35e1b516d23) [PhysX] Initialized MultithreadedTaskDispatcher with 16 workers.
 -> (artifact id: '629ec5677db4089cc3b7432cb54bf7fe') in 0.009228 seconds
Number of updated asset objects reloaded before import = 0
Number of asset objects unloaded after import = 7
========================================================================
Received Import Request.
  Time since last request: 0.000013 seconds.
  path: Assets/SciFi Warehouse Kit/Art/Meshes/Structures/Structure Props/Fusebox 01.fbx
  artifactKey: Guid(ae64cb70d3f3fd244850e17178328d55) Importer(2089858483,0ecaa5967403d082aa24f35e1b516d23)
Start importing Assets/SciFi Warehouse Kit/Art/Meshes/Structures/Structure Props/Fusebox 01.fbx using Guid(ae64cb70d3f3fd244850e17178328d55) Importer(2089858483,0ecaa5967403d082aa24f35e1b516d23) [PhysX] Initialized MultithreadedTaskDispatcher with 16 workers.
 -> (artifact id: '58ca16983d4c618474db2c54689a60ab') in 0.009982 seconds
Number of updated asset objects reloaded before import = 0
Number of asset objects unloaded after import = 7
========================================================================
Received Import Request.
  Time since last request: 0.000013 seconds.
  path: Assets/SciFi Warehouse Kit/Prefabs/Structures/Corridors/Corridor Passthrough Lights.prefab
  artifactKey: Guid(eb2cfde91ad31bf4bad84b2c70e9816e) Importer(2089858483,0ecaa5967403d082aa24f35e1b516d23)
Start importing Assets/SciFi Warehouse Kit/Prefabs/Structures/Corridors/Corridor Passthrough Lights.prefab using Guid(eb2cfde91ad31bf4bad84b2c70e9816e) Importer(2089858483,0ecaa5967403d082aa24f35e1b516d23) [PhysX] Initialized MultithreadedTaskDispatcher with 16 workers.
 -> (artifact id: '6e07662971f6ecd48d7add0634e5369b') in 0.004416 seconds
Number of updated asset objects reloaded before import = 0
Number of asset objects unloaded after import = 38
========================================================================
Received Import Request.
  Time since last request: 0.000019 seconds.
  path: Assets/SciFi Warehouse Kit/Prefabs/Structures/Corridors/Corridor Passthrough Windows.prefab
  artifactKey: Guid(91b8fa9065e2bc041ba30dded191b2a6) Importer(2089858483,0ecaa5967403d082aa24f35e1b516d23)
Start importing Assets/SciFi Warehouse Kit/Prefabs/Structures/Corridors/Corridor Passthrough Windows.prefab using Guid(91b8fa9065e2bc041ba30dded191b2a6) Importer(2089858483,0ecaa5967403d082aa24f35e1b516d23) [PhysX] Initialized MultithreadedTaskDispatcher with 16 workers.
 -> (artifact id: '6dd918e21e53615319a5104d39ed202c') in 0.003724 seconds
Number of updated asset objects reloaded before import = 0
Number of asset objects unloaded after import = 43
========================================================================
Received Import Request.
  Time since last request: 0.000013 seconds.
  path: Assets/SciFi Warehouse Kit/Art/Meshes/Structures/Pillars and Beams/Pillar.fbx
  artifactKey: Guid(bdd9a246f71230349b340130b899e056) Importer(2089858483,0ecaa5967403d082aa24f35e1b516d23)
Start importing Assets/SciFi Warehouse Kit/Art/Meshes/Structures/Pillars and Beams/Pillar.fbx using Guid(bdd9a246f71230349b340130b899e056) Importer(2089858483,0ecaa5967403d082aa24f35e1b516d23) [PhysX] Initialized MultithreadedTaskDispatcher with 16 workers.
 -> (artifact id: 'b9c20014915c405a467697a41aa89f5a') in 0.009047 seconds
Number of updated asset objects reloaded before import = 0
Number of asset objects unloaded after import = 7
========================================================================
Received Import Request.
  Time since last request: 0.000013 seconds.
  path: Assets/SciFi Warehouse Kit/Prefabs/Structures/Corridors/Corridor Passthrough.prefab
  artifactKey: Guid(c4470bf28fca8044dab507d047e88c69) Importer(2089858483,0ecaa5967403d082aa24f35e1b516d23)
Start importing Assets/SciFi Warehouse Kit/Prefabs/Structures/Corridors/Corridor Passthrough.prefab using Guid(c4470bf28fca8044dab507d047e88c69) Importer(2089858483,0ecaa5967403d082aa24f35e1b516d23) [PhysX] Initialized MultithreadedTaskDispatcher with 16 workers.
 -> (artifact id: 'efd8279848eb0cb3473e5fe7ba54b049') in 0.003280 seconds
Number of updated asset objects reloaded before import = 0
Number of asset objects unloaded after import = 33
========================================================================
Received Import Request.
  Time since last request: 0.000014 seconds.
  path: Assets/SciFi Warehouse Kit/Art/Meshes/Structures/Walls/Wall Door Raised.fbx
  artifactKey: Guid(498a831095708df4bbdb548211124aef) Importer(2089858483,0ecaa5967403d082aa24f35e1b516d23)
Start importing Assets/SciFi Warehouse Kit/Art/Meshes/Structures/Walls/Wall Door Raised.fbx using Guid(498a831095708df4bbdb548211124aef) Importer(2089858483,0ecaa5967403d082aa24f35e1b516d23) [PhysX] Initialized MultithreadedTaskDispatcher with 16 workers.
 -> (artifact id: '9f3b64a730c5e47487f315e955649293') in 0.010867 seconds
Number of updated asset objects reloaded before import = 0
Number of asset objects unloaded after import = 14
========================================================================
Received Import Request.
  Time since last request: 0.000014 seconds.
  path: Assets/SciFi Warehouse Kit/Art/Meshes/Props/Ducts/Duct Elbow 02.fbx
  artifactKey: Guid(8e46cfab629ec8249b48a57b735235dd) Importer(2089858483,0ecaa5967403d082aa24f35e1b516d23)
Start importing Assets/SciFi Warehouse Kit/Art/Meshes/Props/Ducts/Duct Elbow 02.fbx using Guid(8e46cfab629ec8249b48a57b735235dd) Importer(2089858483,0ecaa5967403d082aa24f35e1b516d23) [PhysX] Initialized MultithreadedTaskDispatcher with 16 workers.
 -> (artifact id: 'f08e5f8de52c34981b1c381744625a9c') in 0.009826 seconds
Number of updated asset objects reloaded before import = 0
Number of asset objects unloaded after import = 7
========================================================================
Received Import Request.
  Time since last request: 0.000021 seconds.
  path: Assets/TextMesh Pro/Examples & Extras/Scenes/26 - Dropdown Placeholder Example.unity
  artifactKey: Guid(0851605490a599b46b6ac5cb681d93ea) Importer(2089858483,0ecaa5967403d082aa24f35e1b516d23)
Start importing Assets/TextMesh Pro/Examples & Extras/Scenes/26 - Dropdown Placeholder Example.unity using Guid(0851605490a599b46b6ac5cb681d93ea) Importer(2089858483,0ecaa5967403d082aa24f35e1b516d23) [PhysX] Initialized MultithreadedTaskDispatcher with 16 workers.
 -> (artifact id: '125b2482ada7b80a7139eeffc84cc31e') in 0.002306 seconds
Number of updated asset objects reloaded before import = 0
Number of asset objects unloaded after import = 1
========================================================================
Received Import Request.
  Time since last request: 0.000012 seconds.
  path: Assets/SciFi Warehouse Kit/Art/Textures/Skybox/Down.png
  artifactKey: Guid(bb8086d1d88f4454291b183304b77a9c) Importer(2089858483,0ecaa5967403d082aa24f35e1b516d23)
Start importing Assets/SciFi Warehouse Kit/Art/Textures/Skybox/Down.png using Guid(bb8086d1d88f4454291b183304b77a9c) Importer(2089858483,0ecaa5967403d082aa24f35e1b516d23) [PhysX] Initialized MultithreadedTaskDispatcher with 16 workers.
 -> (artifact id: '9f61bcca4136fd7b3df64487ac5c39d9') in 0.009311 seconds
Number of updated asset objects reloaded before import = 0
Number of asset objects unloaded after import = 1
========================================================================
Received Import Request.
  Time since last request: 0.000014 seconds.
  path: Assets/Workshop/etc/Textures/Buildings.png
  artifactKey: Guid(bcd2ea9e485121b439bcb1eae3088cd1) Importer(2089858483,0ecaa5967403d082aa24f35e1b516d23)
Start importing Assets/Workshop/etc/Textures/Buildings.png using Guid(bcd2ea9e485121b439bcb1eae3088cd1) Importer(2089858483,0ecaa5967403d082aa24f35e1b516d23) [PhysX] Initialized MultithreadedTaskDispatcher with 16 workers.
 -> (artifact id: '9ef1dac2e0b4ba897e6f3ef83b1edf4b') in 0.020588 seconds
Number of updated asset objects reloaded before import = 0
Number of asset objects unloaded after import = 1
========================================================================
Received Import Request.
  Time since last request: 0.000060 seconds.
  path: Assets/SciFi Warehouse Kit/Art/Meshes/Structures/Catwalk/Catwalk Rails Short.fbx
  artifactKey: Guid(27ecae3d31c802f46bb92e6d54dd743c) Importer(2089858483,0ecaa5967403d082aa24f35e1b516d23)
Start importing Assets/SciFi Warehouse Kit/Art/Meshes/Structures/Catwalk/Catwalk Rails Short.fbx using Guid(27ecae3d31c802f46bb92e6d54dd743c) Importer(2089858483,0ecaa5967403d082aa24f35e1b516d23) [PhysX] Initialized MultithreadedTaskDispatcher with 16 workers.
 -> (artifact id: 'dffe1b94cf73d45e6baa36d6d556a1bf') in 0.009191 seconds
Number of updated asset objects reloaded before import = 0
Number of asset objects unloaded after import = 7
========================================================================
Received Import Request.
  Time since last request: 0.000013 seconds.
  path: Assets/TextMesh Pro/Examples & Extras/Sprites/DropCap Numbers.psd
  artifactKey: Guid(fd09957580ac4326916010f1f260975b) Importer(2089858483,0ecaa5967403d082aa24f35e1b516d23)
Start importing Assets/TextMesh Pro/Examples & Extras/Sprites/DropCap Numbers.psd using Guid(fd09957580ac4326916010f1f260975b) Importer(2089858483,0ecaa5967403d082aa24f35e1b516d23) [PhysX] Initialized MultithreadedTaskDispatcher with 16 workers.
 -> (artifact id: 'dee19251804c5eb8673775d824cf8e3d') in 0.012063 seconds
Number of updated asset objects reloaded before import = 0
Number of asset objects unloaded after import = 1
========================================================================
Received Import Request.
  Time since last request: 0.000016 seconds.
  path: Assets/TextMesh Pro/Examples & Extras/Scripts/SkewTextExample.cs
  artifactKey: Guid(d412675cfb3441efa3bf8dcd9b7624dc) Importer(2089858483,0ecaa5967403d082aa24f35e1b516d23)
Start importing Assets/TextMesh Pro/Examples & Extras/Scripts/SkewTextExample.cs using Guid(d412675cfb3441efa3bf8dcd9b7624dc) Importer(2089858483,0ecaa5967403d082aa24f35e1b516d23) [PhysX] Initialized MultithreadedTaskDispatcher with 16 workers.
 -> (artifact id: '8490638a7049c1266a5d95db7a88685f') in 0.003042 seconds
Number of updated asset objects reloaded before import = 0
Number of asset objects unloaded after import = 1
========================================================================
Received Import Request.
  Time since last request: 0.000023 seconds.
  path: Assets/TextMesh Pro/Examples & Extras/Scripts/TMP_TextEventHandler.cs
  artifactKey: Guid(1312ae25639a4bae8e25ae223209cc50) Importer(2089858483,0ecaa5967403d082aa24f35e1b516d23)
Start importing Assets/TextMesh Pro/Examples & Extras/Scripts/TMP_TextEventHandler.cs using Guid(1312ae25639a4bae8e25ae223209cc50) Importer(2089858483,0ecaa5967403d082aa24f35e1b516d23) [PhysX] Initialized MultithreadedTaskDispatcher with 16 workers.
 -> (artifact id: 'a69abf3a463ea35c3c99e2d5ac38629b') in 0.003958 seconds
Number of updated asset objects reloaded before import = 0
Number of asset objects unloaded after import = 1
========================================================================
Received Import Request.
  Time since last request: 0.000014 seconds.
  path: Assets/TextMesh Pro/Examples & Extras/Scripts/TMP_UiFrameRateCounter.cs
  artifactKey: Guid(24b0dc2d1d494adbbec1f4db26b4cf83) Importer(2089858483,0ecaa5967403d082aa24f35e1b516d23)
Start importing Assets/TextMesh Pro/Examples & Extras/Scripts/TMP_UiFrameRateCounter.cs using Guid(24b0dc2d1d494adbbec1f4db26b4cf83) Importer(2089858483,0ecaa5967403d082aa24f35e1b516d23) [PhysX] Initialized MultithreadedTaskDispatcher with 16 workers.
 -> (artifact id: '5c55850e8883deee270b04b65d3f9197') in 0.003422 seconds
Number of updated asset objects reloaded before import = 0
Number of asset objects unloaded after import = 1
========================================================================
Received Import Request.
  Time since last request: 0.000015 seconds.
  path: Assets/SciFi Warehouse Kit/Demo/Audio/SFX/pressure_release_02.wav
  artifactKey: Guid(6429ef6fc932abf48bd557105f587cfb) Importer(2089858483,0ecaa5967403d082aa24f35e1b516d23)
Start importing Assets/SciFi Warehouse Kit/Demo/Audio/SFX/pressure_release_02.wav using Guid(6429ef6fc932abf48bd557105f587cfb) Importer(2089858483,0ecaa5967403d082aa24f35e1b516d23) [PhysX] Initialized MultithreadedTaskDispatcher with 16 workers.
 -> (artifact id: '8edd1945fb4219693dab26213b00c125') in 0.035365 seconds
Number of updated asset objects reloaded before import = 0
Number of asset objects unloaded after import = 1
========================================================================
Received Import Request.
  Time since last request: 4.327195 seconds.
  path: Assets/SciFi Warehouse Kit/Art/Textures/security_cam_n.png
  artifactKey: Guid(21e1d31bf7981fa459b4cdbb49efe5e9) Importer(815301076,1909f56bfc062723c751e8b465ee728b)
Start importing Assets/SciFi Warehouse Kit/Art/Textures/security_cam_n.png using Guid(21e1d31bf7981fa459b4cdbb49efe5e9) Importer(815301076,1909f56bfc062723c751e8b465ee728b) [PhysX] Initialized MultithreadedTaskDispatcher with 16 workers.
[PhysX] Initialized MultithreadedTaskDispatcher with 16 workers.
 -> (artifact id: '419adb93efcd4e5ace47e58d6f8d48d4') in 0.031890 seconds
Number of updated asset objects reloaded before import = 0
Number of asset objects unloaded after import = 2
========================================================================
Received Import Request.
  Time since last request: 0.000022 seconds.
  path: Assets/TextMesh Pro/Examples & Extras/Textures/Sunny Days - Seamless.jpg
  artifactKey: Guid(17c350171f7a3ca479f830547c66d187) Importer(815301076,1909f56bfc062723c751e8b465ee728b)
Start importing Assets/TextMesh Pro/Examples & Extras/Textures/Sunny Days - Seamless.jpg using Guid(17c350171f7a3ca479f830547c66d187) Importer(815301076,1909f56bfc062723c751e8b465ee728b) [PhysX] Initialized MultithreadedTaskDispatcher with 16 workers.
[PhysX] Initialized MultithreadedTaskDispatcher with 16 workers.
 -> (artifact id: '4dfe408c1802700ce9df33587c2fd4ac') in 0.007262 seconds
Number of updated asset objects reloaded before import = 0
Number of asset objects unloaded after import = 2
========================================================================
Received Import Request.
  Time since last request: 0.000021 seconds.
  path: Assets/Font/NotoSansKR-SemiBold.ttf
  artifactKey: Guid(be716642000c22f42a36b7df90e6936f) Importer(815301076,1909f56bfc062723c751e8b465ee728b)
Start importing Assets/Font/NotoSansKR-SemiBold.ttf using Guid(be716642000c22f42a36b7df90e6936f) Importer(815301076,1909f56bfc062723c751e8b465ee728b) [PhysX] Initialized MultithreadedTaskDispatcher with 16 workers.
[PhysX] Initialized MultithreadedTaskDispatcher with 16 workers.
[PhysX] Initialized MultithreadedTaskDispatcher with 16 workers.
 -> (artifact id: '0a1363b50e43edcb4da1a6897b7c300d') in 0.040634 seconds
Number of updated asset objects reloaded before import = 0
Number of asset objects unloaded after import = 4
========================================================================
Received Import Request.
  Time since last request: 0.000018 seconds.
  path: Assets/TextMesh Pro/Examples & Extras/Scripts/TMP_TextSelector_A.cs
  artifactKey: Guid(103e0a6a1d404693b9fb1a5173e0e979) Importer(815301076,1909f56bfc062723c751e8b465ee728b)
Start importing Assets/TextMesh Pro/Examples & Extras/Scripts/TMP_TextSelector_A.cs using Guid(103e0a6a1d404693b9fb1a5173e0e979) Importer(815301076,1909f56bfc062723c751e8b465ee728b) [PhysX] Initialized MultithreadedTaskDispatcher with 16 workers.
 -> (artifact id: '3228d831cdc3a4ac6ad384d21e0ebe0d') in 0.000409 seconds
Number of updated asset objects reloaded before import = 0
Number of asset objects unloaded after import = 0
========================================================================
Received Import Request.
  Time since last request: 0.000020 seconds.
  path: Assets/SciFi Warehouse Kit/Prefabs/Props/Misc Props/Security Cam.prefab
  artifactKey: Guid(e16cc1b8be9796744b8e44545a6aca19) Importer(815301076,1909f56bfc062723c751e8b465ee728b)
Start importing Assets/SciFi Warehouse Kit/Prefabs/Props/Misc Props/Security Cam.prefab using Guid(e16cc1b8be9796744b8e44545a6aca19) Importer(815301076,1909f56bfc062723c751e8b465ee728b) [PhysX] Initialized MultithreadedTaskDispatcher with 16 workers.
[PhysX] Initialized MultithreadedTaskDispatcher with 16 workers.
 -> (artifact id: '2cdbecf15dea88971e6a88d0685ae8cb') in 0.031183 seconds
Number of updated asset objects reloaded before import = 0
Number of asset objects unloaded after import = 10
========================================================================
Received Prepare
Caller must complete domain reload
Begin MonoManager ReloadAssembly
Symbol file LoadedFromMemory is not a mono symbol file
- Loaded All Assemblies, in  0.449 seconds
Native extension for WindowsStandalone target not found
Native extension for Android target not found
[Package Manager] Server::EnsureServerProcessIsRunning -- launch failed, reason: Unity was launched with the -noUpm command-line argument
[Package Manager] UpmClient::Send -- Unable to send message (not connected to UPM process).
[Package Manager] Cannot connect to Unity Package Manager local server
Mono: successfully reloaded assembly
- Finished resetting the current domain, in  0.862 seconds
Domain Reload Profiling: 1310ms
	BeginReloadAssembly (160ms)
		ExecutionOrderSort (0ms)
		DisableScriptedObjects (4ms)
		BackupInstance (0ms)
		ReleaseScriptingObjects (0ms)
		CreateAndSetChildDomain (40ms)
	RebuildCommonClasses (28ms)
	RebuildNativeTypeToScriptingClass (13ms)
	initialDomainReloadingComplete (29ms)
	LoadAllAssembliesAndSetupDomain (217ms)
		LoadAssemblies (283ms)
		RebuildTransferFunctionScriptingTraits (0ms)
		AnalyzeDomain (17ms)
			TypeCache.Refresh (8ms)
				TypeCache.ScanAssembly (0ms)
			ScanForSourceGeneratedMonoScriptInfo (0ms)
			ResolveRequiredComponents (7ms)
	FinalizeReload (863ms)
		ReleaseScriptCaches (0ms)
		RebuildScriptCaches (0ms)
		SetupLoadedEditorAssemblies (427ms)
			LogAssemblyErrors (0ms)
			InitializePlatformSupportModulesInManaged (16ms)
			SetLoadedEditorAssemblies (4ms)
			RefreshPlugins (0ms)
			BeforeProcessingInitializeOnLoad (75ms)
			ProcessInitializeOnLoadAttributes (307ms)
			ProcessInitializeOnLoadMethodAttributes (21ms)
			AfterProcessingInitializeOnLoad (5ms)
			EditorAssembliesLoaded (0ms)
		ExecutionOrderSort2 (0ms)
		AwakeInstancesAfterBackupRestoration (7ms)
Refreshing native plugins compatible for Editor in 2.60 ms, found 3 plugins.
Preloading 0 native plugins for Editor in 0.00 ms.
Unloading 4594 Unused Serialized files (Serialized files now loaded: 0)
Unloading 17 unused Assets / (77.2 KB). Loaded Objects now: 5189.
Memory consumption went from 158.3 MB to 158.2 MB.
Total: 6.005800 ms (FindLiveObjects: 0.561500 ms CreateObjectMapping: 0.466900 ms MarkObjects: 4.779100 ms  DeleteObjects: 0.196800 ms)

Prepare: number of updated asset objects reloaded= 0
AssetImportParameters requested are different than current active one (requested -> active):
  custom:scripting/precompiled-assembly-types:Unity.Localization.ThirdParty.Editor: 95178e8eadb293f4da50091893cf9d53 -> 
  custom:scripting/monoscript/fileName/LocalizationTableCollection.cs: 98c1a81c0da9a806061ff76bc326edf8 -> 
  custom:scripting/monoscript/fileName/MetadataCollectionField.cs: 21647fd6b98515ca69f67552fdd88ac5 -> 
  custom:scripting/monoscript/fileName/BuildParameters.cs: bd85c8a149ef959801dc7583c240bf8c -> 
  custom:scripting/monoscript/fileName/LocalizedReferencePicker.cs: 90647cc400823b41df847a6cbfc29026 -> 
  custom:scripting/monoscript/fileName/IStringProperty.cs: c1dbe0a52f0eca30efeca8212f01fdc1 -> 
  custom:scripting/monoscript/fileName/DetailsContentView.cs: d3794fb1987b771396a4634823d3c0bf -> 
  custom:scripting/monoscript/fileName/TMP_SDFShaderGUI.cs: 082588c068c6e819b94cdf417f8b7551 -> 1460619486eb6e8da302e26af5538aaa
  custom:scripting/monoscript/fileName/TMP_FontFeatureTable.cs: 5ff9812058e8c02a5b04eaa88778f2a5 -> cbd25d300d7ed4d969d60cb9f98f2826
  custom:scripting/monoscript/fileName/IBuildTasks.cs: ad73a7c5af5769af35e7121ce421c767 -> 
  custom:scripting/monoscript/fileName/LocalizationSettingsProvider.cs: 4100af71ab9514db903673a16d9f805a -> 
  custom:scripting/precompiled-assembly-types:Unity.ScriptableBuildPipeline: d3013a7ac4c7a8a2426d0dffcf800074 -> 
  custom:scripting/monoscript/fileName/SpecificLocaleSelector.cs: 41b692ef6051f446e3353d7b0d80cb48 -> 
  custom:scripting/monoscript/fileName/LoadMultiple.cs: 51f26c3f5b843468611ef6957e3eca96 -> 
  custom:scripting/monoscript/fileName/LocalizedTable.cs: 90647cc400823b41df847a6cbfc29026 -> 
  custom:scripting/monoscript/fileName/GameObjectLocalizer.cs: f176a5382365adf8f19966d474a6d825 -> 
  custom:scripting/monoscript/fileName/TMP_SubMeshUI.cs: 7a6337f74438df5e26b302bbbbc41105 -> 748262c65738bc5e1c553ae7a37a0c73
  custom:scripting/monoscript/fileName/XElementFormatter.cs: 8da73b8ab955a7a2083c303c1a926622 -> 
  custom:scripting/monoscript/fileName/ScriptAttributeUtilityBridge.cs: 2441d9a702e8216bc758cab94d83fd63 -> 
  custom:scripting/monoscript/fileName/TrackerExtensions.cs: 05c6facd03e82ea85ea8497944d142b2 -> 
  custom:scripting/monoscript/fileName/LocalizeTMP_Font.cs: e6540544505e55c7ad9cc366ff163225 -> 
  custom:scripting/monoscript/fileName/AssetTable.cs: 0358823f39cbde23bf110b2bb1fdb045 -> 
  custom:scripting/monoscript/fileName/TMPro_ContextMenus.cs: fbbbcbf9b4eb950e9aeda2d70529152c -> 06b3d4b27f337b8d846ca7117f3251e1
  custom:scripting/monoscript/fileName/xliff 1.2.cs: 556d06d32eea7cf5e8adf5234f523613 -> 
  custom:scripting/monoscript/fileName/LoadWithReference.cs: 5a4adba74d613807ccdb5ec95fc3cb23 -> 
  custom:scripting/monoscript/fileName/ComponentSingleton.cs: 90647cc400823b41df847a6cbfc29026 -> 
  custom:scripting/monoscript/fileName/PushColumnSheetRequest.cs: 265a0352dff87e03f715ae8a1254a7bb -> 
  custom:scripting/monoscript/fileName/SerializedTableReference.cs: 432db83938aea6150fd1c0c03988ce32 -> 
  custom:scripting/monoscript/fileName/FormattingErrorEventArgs.cs: 796b4de20705617cf344ca5f5f519618 -> 
  custom:scripting/monoscript/fileName/LocalizationTableEditor.cs: 7d7dd443d8c072897e90e6bd2e22b87a -> 
  custom:scripting/monoscript/fileName/TrackedUGUI.cs: 91860e34c594cdf0fbf0e16396d1e1bd -> 
  custom:scripting/monoscript/fileName/SceneDataWriteOperation.cs: 62fc06a44a6276d74f5ce5527ac1c0e7 -> 
  custom:scripting/monoscript/fileName/SmartFormatterPropertyField.cs: f49e24391d2318c08a36b9e68716e73b -> 
  custom:scripting/precompiled-assembly-types:Unity.InternalAPIEngineBridge.013: 48d4a748d9763243627307338e914c63 -> 
  custom:scripting/monoscript/fileName/TMPro_FontAssetCreatorWindow.cs: 9d68c1aab1c646cdf3e70083dc01df96 -> 0d0900483ed9b57d4ccc2ff58d1220b3
  custom:scripting/monoscript/fileName/TMP_EditorResourceManager.cs: 30391129c5b96f298e44c099ae0fab57 -> f56b80268a934198a76acc6f4cef503c
  custom:scripting/monoscript/fileName/EventListView.cs: 5096d1d7ed3c53b8f6583067a96b51ec -> 
  custom:scripting/monoscript/fileName/LocalizedAssetField.cs: cde74ba4693604c8e9f7f60a71c6013b -> 
  custom:scripting/monoscript/fileName/LoadReference.cs: 6a8c0a33eaaab0feb69cb4c6f21cdcaf -> 
  custom:scripting/monoscript/fileName/EventDataSample.cs: 3bc0f0708fb0d7ca628cca69e28808f6 -> 
  custom:scripting/monoscript/fileName/AddressableEditorInitialization.cs: e51e3839e2335bed77f54ab13e70dcc8 -> 
  custom:scripting/monoscript/fileName/MetadataAttribute.cs: 5a2c78a299b51d94e6b82bafff4f12e3 -> 
  custom:scripting/monoscript/fileName/BuildCache.cs: ed18a1a079f7380eac8245801a570733 -> 
  custom:scripting/monoscript/fileName/StringTable.cs: 4333f0d84e7de58e6fcc4fe9af0384d8 -> 
  custom:scripting/monoscript/fileName/TMP_InputFieldEditor.cs: 8f2095c37e5fd5ed563d60163f0c2e52 -> a6f05406e9cdb59679382b884c14216a
  custom:container-demuxer-ogg: 62fdf1f143b41e24485cea50d1cbac27 -> 
  custom:scripting/monoscript/fileName/InstanceProvider.cs: b8c751909210118e68c21f4366820c78 -> 
  custom:scripting/monoscript/fileName/LocalizationGroupOperation.cs: dcd21fc014cc4daec8fc626705d0d892 -> 
  custom:scripting/monoscript/fileName/LabelsContentView.cs: fec8a868a65de532b305bc5e095a661d -> 
  custom:scripting/monoscript/fileName/UsingLoadAssets.cs: ed5b3140affcc5a43fad4e18100a6145 -> 
  custom:scripting/monoscript/fileName/LegacyResourcesProvider.cs: 69bf867aeeb07c6645f96a3160f7b721 -> 
  custom:scripting/monoscript/fileName/PostWritingCallback.cs: 554018e4e98d586ae4dba2461cc09229 -> 
  custom:scripting/monoscript/fileName/SpookyHash.cs: ced234d9ef31626b6b07f6aab873119b -> 
  custom:scripting/monoscript/fileName/GenericAssetTableListViewColumns.cs: a0db5d318d5cee7f150f5d9521c2231e -> 
  custom:scripting/monoscript/fileName/LocalizeSpriteEvent.cs: 40a7808d35565a3882b2c1f0b5c5b118 -> 
  custom:scripting/monoscript/fileName/PreviewSceneDependencyData.cs: 0aa0e9fad79dc24aadab25b9d7a9b9a5 -> 
  custom:scripting/monoscript/fileName/CommonInterfaces.cs: c486f377c18bdfbdf396abd887a3b2ca -> 
  custom:scripting/monoscript/fileName/TMP_TextParsingUtilities.cs: 47331f425db7fa5c443a11c866530503 -> 8b3fe20641ae0dd97405135955c706a3
  custom:scripting/monoscript/fileName/AssetsContentView.cs: 6db402595431771fa25a0b8b68e9d9cb -> 
  custom:scripting/monoscript/fileName/SheetsServiceProviderEditor.cs: 1d02c0a315b859ac0771f65dea962152 -> 
  custom:scripting/monoscript/fileName/GoogleSheetsExtensionPropertyDrawer.cs: 3e704acec7f0a80b3d67629fff3bd3fd -> 
  custom:scripting/monoscript/fileName/LocalizationDeviceSimulatorPlugin.cs: ab6d2093fcb07bd57a1c2da1c0c3fc5a -> 
  custom:scripting/monoscript/fileName/AddressablesDataBuilderInput.cs: d0ceeca55ba9548a4e3f43d6790d194d -> 
  custom:scripting/monoscript/fileName/AddressableAssetEntry.cs: f469a40e3b92f4355e377d68de617fd6 -> 
  custom:scripting/monoscript/fileName/TableReference.cs: 2dd42d05f0d2e635ca3f909793cb02cb -> 
  custom:scripting/monoscript/fileName/XmlSource.cs: d59b707c60c8046fa998db0c168b7aa5 -> 
  custom:scripting/monoscript/fileName/BuildReportHelperConsumer.cs: 71faeae2d4769b479de182795aa67c48 -> 
  custom:scripting/monoscript/fileName/CacheInitializationSettings.cs: 842dffb763efae26f756885fe6b5ad3a -> 
  custom:scripting/monoscript/fileName/BuildLayoutHelpers.cs: a5f73d550385ddf73dd17b6147ee5b92 -> 
  custom:scripting/monoscript/fileName/LocalizedReferencePropertyDrawer.cs: 849ed7f5b11c9db237ef61b01c5a5104 -> 
  custom:scripting/monoscript/fileName/DiagnosticEventCollector.cs: 90b5791cc9b46fcf5a10ac5fc4c9840e -> 
  custom:scripting/monoscript/fileName/ValueTupleSource.cs: 7f729476d2dc073b56e33d5ec7cf1ede -> 
  custom:scripting/monoscript/fileName/SharedTableDataEditor.cs: 328172cd974aa194d94a74274ee35036 -> 
  custom:scripting/monoscript/fileName/TMP_EditorCoroutine.cs: 01d80099920d11c11bfa87417e26164b -> 04cbf5ce6e541d98265aa7668ef82832
  custom:scripting/monoscript/fileName/ProjectCollectionsTableSelector.cs: fd165369291b728f5c65750be37acfb0 -> 
  custom:scripting/monoscript/fileName/GenerateSubAssetPathMaps.cs: c7987fa236ddbc39e6da8bcfe285d7c7 -> 
  custom:scripting/monoscript/fileName/Mirror.cs: acdb3d44dedabebf1a734d238b596a72 -> 
  custom:scripting/monoscript/fileName/WebRequestOverride.cs: dc0a13b544bd5557167b8c8e1da36cb4 -> 
  custom:scripting/monoscript/fileName/StringTableListView.cs: 3e3978d7b058ebd959c049128da9f630 -> 
  custom:scripting/monoscript/fileName/KeyIdColumns.cs: 620c2d12d967c77b8de24f0716e27b61 -> 
  custom:scripting/monoscript/fileName/TMP_StyleSheetEditor.cs: b6503d890746d6150e0f267f43ce60e4 -> 38b210a450ac855df2d81ab0242c2feb
  custom:scripting/monoscript/fileName/TrackedMonoBehaviourObject.cs: 7aafd8351098f09af483004c5238929a -> 
  custom:scripting/monoscript/fileName/SheetsServiceProvider.cs: 6f5eb9aaa6b2f2b831b7e16042a44d02 -> 
  custom:scripting/monoscript/fileName/LocaleColumn.cs: da51985e6be15e19f64780a93f0e8bc3 -> 
  custom:scripting/monoscript/fileName/ISharedMetadata.cs: 6643250a143a3d0bcb778f4f165310d7 -> 
  custom:scripting/monoscript/fileName/BuildLayoutSummary.cs: 2e9b8e01c1c8d08be7289069e134160c -> 
  custom:scripting/monoscript/fileName/Mask.cs: 4fc4bb420cd9944e18a4ad603347cdc7 -> 30def7c5b8ef23ce62910d8eb0c002c6
  custom:scripting/monoscript/fileName/LocalizeComponent.cs: d58e3f743a6e4d9f306120ce43a7cdc8 -> 
  custom:scripting/monoscript/fileName/VersionedCallbackAttribute.cs: 792d43fefe55909e52271f20ce4bd5db -> 
  custom:scripting/monoscript/fileName/AddressableAssetEntryCollection.cs: d91f7661023fb4fe0b8be2bcc642540f -> 
  custom:scripting/monoscript/fileName/AddressableIconNames.cs: d618c5158b8ddbdef90ea4ee1fbe8a9b -> 
  custom:scripting/monoscript/fileName/AnalyzeRuleBase.cs: 579fe86da2565d18b84489bd10b96592 -> 
  custom:scripting/monoscript/fileName/LocalizeAudioClipEvent.cs: 6f5b511eab8536db74662876b55672fd -> 
  custom:scripting/monoscript/fileName/BuildLog.cs: f381a35baf9bd9880d2d4023ad70717e -> 
  custom:scripting/monoscript/fileName/LabelWindow.cs: a61eaab11f136631f21b256017d41b70 -> 
  custom:scripting/monoscript/fileName/AsyncOperationBase.cs: 7219b8f403b1b38f72b48ab547d013f3 -> 
  custom:scripting/monoscript/fileName/AddressableAssetSettingsInspector.cs: cf28a396c15efef0f35f2a8f2b3918e1 -> 
  custom:scripting/monoscript/fileName/ManagedReferenceUtility.cs: 598121e31c06f90cdc395a00cebfad87 -> 
  custom:scripting/monoscript/fileName/BuiltinSceneCache.cs: df9abd90abb709166038c36e804be1f2 -> 
  custom:scripting/monoscript/fileName/CleanBundleCacheOperation.cs: 685a421cddf931120074dfa7f00eee19 -> 
  custom:scripting/monoscript/fileName/ContentFileIdentifiers.cs: 7655f22dc8e01297e0fa51cc343ac6c9 -> 
  custom:scripting/monoscript/fileName/ContextualPropertyMenu.cs: 610c65a55c71e73faaaea551c67580d3 -> 
  custom:scripting/monoscript/fileName/TMPro_Private.cs: 8f6297df34271fdb1ce2d9607ec6261d -> 90647cc400823b41df847a6cbfc29026
  custom:scripting/monoscript/fileName/TMP_MeshInfo.cs: 375ed9fada55d6bf39f9352ef1dd520b -> 89833651f7d905e51b340ec2afe531d1
  custom:scripting/monoscript/fileName/BundleExplictObjectLayout.cs: 7ebaaae109881757a2cd1a5aaeb77811 -> 
  custom:scripting/monoscript/fileName/TMP_SpriteCharacter.cs: fe232bb280dddc880a01918d3502c13a -> 81dc73ff0878d6528202f8be44877b26
  custom:scripting/monoscript/fileName/TrackedMeshFilter.cs: fb5daaf3d8b8a7728930b8103cd57f15 -> 
  custom:scripting/monoscript/fileName/AddressableGroupRules.cs: e180fc35b3afe38578b0073816e56c13 -> 
  custom:scripting/monoscript/fileName/TMP_ShaderUtilities.cs: 75ec062faab558cb3190dcd3e4820547 -> 84a261643983e306d02445da38ed662f
  custom:scripting/monoscript/fileName/IDependencyData.cs: 35a83d3a80674af5f8ca402d71bd60d0 -> 
  custom:scripting/monoscript/fileName/AssetTableListView.cs: 1ec8688249f1522ea67d7e5c74809df1 -> 
  custom:scripting/monoscript/fileName/AddressablesImpl.cs: be57218b2f6d69fa0616271ca49477c1 -> 
  custom:scripting/monoscript/fileName/LocalizedAssetBehaviour.cs: 0cdf409b5aa8d4c25876d72b5c6a3b60 -> 
  custom:scripting/monoscript/fileName/AddressableScenesManager.cs: 748e55e05bbd1a8cb78604e8cbfdcf27 -> 
  custom:scripting/monoscript/fileName/InitializationObjectsOperation.cs: 9973862fa2e4f63b15f0c93d284666bc -> 
  custom:scripting/precompiled-assembly-types:Unity.Addressables.Editor.Tests.DocExampleCode: ccd82e07692b5339e0b2c7b0b09e74e4 -> 
  custom:scripting/monoscript/fileName/EventDataStream.cs: 8c5fd7099df0bbb089a6c08a72e5b2af -> 
  custom:scripting/monoscript/fileName/AddressableGroupRulesEditor.cs: 50146c216772d5faaaedc352af941b78 -> 
  custom:scripting/monoscript/fileName/IPreloadRequired.cs: e5fdf63d2d57f09a82336b92c1c5c751 -> 
  custom:scripting/monoscript/fileName/MultiColumnHeaderBridge.cs: c7504aabe2384033dd82e83d6140f97d -> 
  custom:scripting/monoscript/fileName/UsingInitialize.cs: 5f75f8ba7c7367ac4f23e07737c9cdd1 -> 
  custom:scripting/monoscript/fileName/ResourceManager.cs: 963cf602385bdad8abe64cead0fb82cd -> 
  custom:scripting/monoscript/fileName/BuildResults.cs: ea29098741349f66a5c13be22430b91a -> 
  custom:scripting/monoscript/fileName/UsingResolveInternalId.cs: e91840107bf68677f58d30b8f1994946 -> 
  custom:video-decoder-ogg-theora: a1e56fd34408186e4bbccfd4996cb3dc -> 
  custom:scripting/monoscript/fileName/TMP_UpdateManager.cs: 2b12c9b6d4082e0390a306eceed60fc6 -> fa7e71df671c5b3088b39753e4bbc70d
  custom:scripting/monoscript/fileName/TrackedTransform.cs: 50bf72421f59fa474bf723b86b240c40 -> 
  custom:scripting/monoscript/fileName/LocalizedAssetTable.cs: b8ec72bbb40e8028edc65b2aa07ebd72 -> 
  custom:scripting/monoscript/fileName/CharacterSetMenuItems.cs: 783745eb83bfb28b1bde921025d1c7e5 -> 
  custom:scripting/monoscript/fileName/TMP_EditorUtility.cs: f68b71b7543cddf9e4cdf261d5f519e5 -> b242106620cbbc38f0411146a086b885
  custom:scripting/monoscript/fileName/TMP_SpriteGlyphPropertyDrawer.cs: 4a6f1515709a40d92e24c84ec92fc53a -> 1447c7afab82cf56bc359d5c7fba114e
  custom:scripting/monoscript/fileName/MenuItems.cs: 7512a4707007649fd24eaa879fa25ada -> 36e8964894b4a740a9cbe85327eddbf8
  custom:scripting/monoscript/fileName/AddressablesDataBuilders.cs: 69454d3f41e6a4eaa6af47f23b30c8aa -> 
  custom:scripting/monoscript/fileName/WebRequestQueue.cs: 0bd7118a4a8a55d3a5dc2e3002437989 -> 
  custom:scripting/monoscript/fileName/TMP_SpriteAssetMenu.cs: a42d2dc20ed9558b36972dc6e6d71655 -> 05ea7b84320d1b77a6d1ae49c41ee9cc
  custom:scripting/monoscript/fileName/LoadScene.cs: 5f1fcf9adcc987c56d2e1526bf8546f6 -> 
  custom:scripting/monoscript/fileName/OrgData.cs: 4824c3cc00ed531062f3c2de1ed5d4c3 -> 
  custom:scripting/monoscript/fileName/LocalizedStringDatabase.cs: f6106e910dabfc0fcbc6b29176c2e343 -> 
  custom:scripting/monoscript/fileName/IsMatchFormatter.cs: 8d447004f45ff1de76de928a89dc78bc -> 
  custom:scripting/monoscript/fileName/TrackedObjectFactory.cs: 4e7dad19c0d006c8f166ada127deb619 -> 
  custom:scripting/monoscript/fileName/HashStream.cs: 79ad716994d62b2c0cafd2bf9cc6c712 -> 
  custom:scripting/monoscript/fileName/ResourceLocationData.cs: 3a2f1e257930132c4a3021b9015d202c -> 
  custom:scripting/monoscript/fileName/TMP_ColorGradient.cs: 3baf9c6d3c50fc594e68e0c756eb8779 -> 8d91c7c4749088eca69648d37a965bf8
  custom:scripting/monoscript/fileName/TMP_PreBuildProcessor.cs: d965cd4513e689cb01c0481012a89dee -> 790c12dcd4980aa978fd28fb6f89fb37
  custom:scripting/monoscript/fileName/BundledAssetGroupSchema.cs: bcb47eaa49cf63629f7b71bf29d08a18 -> 
  custom:scripting/monoscript/fileName/GraphLayerBackground.cs: bfb8c96c78a31d797ff129ad65a43b2c -> 
  custom:scripting/monoscript/fileName/IFormatterLiteralExtractor.cs: c7b177b295c5839f6f032f6fe79745d4 -> 
  custom:scripting/monoscript/fileName/HttpHostingService.cs: 6f60c8eb1b51ad3699dfa367eefd8baa -> 
  custom:scripting/monoscript/fileName/UsingInitializeAsync.cs: 08a89191ec7bc2462a7f2bca91e91546 -> 
  custom:scripting/monoscript/fileName/UsingLoadScene.cs: 4aac6ffdfbecf6cbb38e5b8a52837723 -> 
  custom:scripting/monoscript/fileName/LocalizedStringTable.cs: 5020daa86966c4938256347e73439f7d -> 
  custom:scripting/monoscript/fileName/FormatCache.cs: 73f492423593447b189ec3f09ec1d1f1 -> 
  custom:scripting/monoscript/fileName/TMP_SerializedPropertyHolder.cs: 9860586610cb3d91ae7f4ce33ab22d0b -> 99e5dbc1fa1abe750acc8166e4243be8
  custom:scripting/monoscript/fileName/AddHashToBundleNameTask.cs: ffec87a59eb17f0bbea1f4556204c4f2 -> 
  custom:scripting/monoscript/fileName/DelegateList.cs: 90647cc400823b41df847a6cbfc29026 -> 
  custom:scripting/monoscript/fileName/BuildContext.cs: 34a222ebebd3606fff156033d4c23266 -> 
  custom:scripting/monoscript/fileName/LocalizedString.cs: f2d1b488f0666bbf2e335b6af3d3d530 -> 
  custom:scripting/monoscript/fileName/DefaultBuildTasks.cs: b93cbe91f00034105b24705dc67fc837 -> 
  custom:scripting/monoscript/fileName/TMP_SpriteCharacterPropertyDrawer.cs: 63186d320ccdf4dfa06fbce4e897d3f3 -> 14565b4e4f9266584dc3194fd967d252
  custom:scripting/monoscript/fileName/IMetadata.cs: c1ff4e10770094d48a4081e88ac055f8 -> 
  custom:scripting/monoscript/fileName/TableEntryTreeView.cs: 32cd87b3a3f2fa537e014d38fc7df08c -> 
  custom:scripting/monoscript/fileName/AddressableAssetGroupTemplateInspector.cs: bc145acbf2b0f8f4239d5d21e87802ed -> 
  custom:framework-win-MediaFoundation: 216162199b28c13a410421893ffa2e32 -> 
  custom:scripting/monoscript/fileName/DelayedActionManager.cs: b215f0cc28e5b39d62597ab173ced320 -> 
  custom:scripting/monoscript/fileName/LocalizationPreferencesProvider.cs: 8b051d5b65fcafa43e1fb1663f6be25d -> 
  custom:scripting/monoscript/fileName/DropdownOptionListDrawer.cs: 342ee3f9c806e60b189c02609042c492 -> 4362475bc384312c771d88865ee2f40d
  custom:scripting/monoscript/fileName/CreateBuiltInShadersBundle.cs: e4f12aa9a6b849b3a7861bf492376679 -> 
  custom:scripting/monoscript/fileName/AsynchronousLoading.cs: 7c2e5286b3cf89ac8785f97867da5700 -> 
  custom:scripting/monoscript/fileName/AddressableAssetsBundleBuildParameters.cs: 8b3e1e658c9efb352f02ffdd7c175a3b -> 
  custom:scripting/monoscript/fileName/AssetPublishEditor.cs: 5e6fcb209f4275e87027d569b903a801 -> 
  custom:scripting/monoscript/fileName/PlayerSettingsApi.cs: e8704eb198d8f61f68729b362e34f254 -> 
  custom:scripting/monoscript/fileName/ValidationMethods.cs: 0ca38beb753f491a65475578d824a594 -> 
  custom:scripting/monoscript/fileName/GenerateLinkXml.cs: 438676c0a3ae847305e5461d0d0dfb13 -> 
  custom:scripting/monoscript/fileName/UsingInstantiate.cs: 56dbca48a54aeadd30337a75a3c60632 -> 
  custom:scripting/monoscript/fileName/ListFormatter.cs: fdf331394edd6dc75abedfc51a296d47 -> 
  custom:scripting/monoscript/fileName/UsingBuildPath.cs: 0a5d366ab7b7e113ab87035def21d7b2 -> 
  custom:scripting/monoscript/fileName/PlatformMappingService.cs: 112fe80ee263d9422a7570d41ca95c90 -> 
  custom:scripting/monoscript/fileName/LocalizationEditorEvents.cs: 773232287225044e60c0f1bae549e6a1 -> 
  custom:scripting/monoscript/fileName/FallbackLocaleHelper.cs: 7afa418648871dbd6a4c517ebdd0ed83 -> 
  custom:scripting/monoscript/fileName/TMP_CharacterPropertyDrawer.cs: 0fc1d1caf2f580e74b2224e6797250e4 -> ddc6f8909fdac3de9238e9b86e411c3e
  custom:scripting/monoscript/fileName/AssetBundleWriteOperation.cs: db3d146633bcf83272b8d8ec27708373 -> 
  custom:scripting/monoscript/fileName/SmartExtensions.cs: ffc58e2362cb7e1d23bdeab5ea32b2dc -> 
  custom:scripting/monoscript/fileName/ILocalesProvider.cs: 323d2e51541df5db5c4ae0bf2dcf0516 -> 
  custom:scripting/monoscript/fileName/TMP_FontAssetEditor.cs: ff94a59ea0ba0aa81aa8a7f307f2efd3 -> e359b61135381f6b1d7b8c7e97a930f3
  custom:scripting/monoscript/fileName/LocalizeLegacyFont.cs: 25ae0ee2d21ccbdcfd7e7513dcb29017 -> 
  custom:scripting/monoscript/fileName/BundledAssetProvider.cs: 7b2acd0dc4b920c1447f4e405e758da9 -> 
  custom:scripting/monoscript/fileName/TMP_FontAsset_CreationMenu.cs: 18345b423cea91a35f20f73f48aee7e1 -> 1c5caeb31a0df734411a201aca87cb03
  custom:scripting/monoscript/fileName/SmartFormatterLiteralCharacterExtractor.cs: 5187b1f8f9f2b2b603a778e5ed774814 -> 
  custom:scripting/monoscript/fileName/DefaultFormatter.cs: 2f641fca3cf8e52ec2e4250469e9021e -> 
  custom:scripting/monoscript/fileName/BuildScriptVirtualMode.cs: ecfa9317a4325be6ea7efafabf202d84 -> 
  custom:scripting/monoscript/fileName/DisplayNameAttribute.cs: 91e6b527b667ccefdd531618f2cc58b4 -> 
  custom:scripting/monoscript/fileName/TMP_ScrollbarEventHandler.cs: 55de10d862075cd935d8381c309f39e0 -> c015e39b5a3f1a14518ce039f30e10af
  custom:scripting/monoscript/fileName/TMP_ObjectPool.cs: 8f6297df34271fdb1ce2d9607ec6261d -> 90647cc400823b41df847a6cbfc29026
  custom:scripting/monoscript/fileName/AssetLabelReference.cs: 535c57f3a3bd81b3adc86b02034e7fda -> 
  custom:scripting/monoscript/fileName/ExtensionMethods.cs: 4642d9c802c70c033ea67f5c9fc06bdb -> 
  custom:scripting/monoscript/fileName/ResourceManagerEventCollector.cs: cf8765b1ba0f714abe2ca54744783dea -> 
  custom:scripting/monoscript/fileName/BuildScriptBase.cs: adfd9e3e356b350272d27b9a6c93a55a -> 
  custom:scripting/monoscript/fileName/TMP_FontAssetUtilities.cs: d84a52975d941e769af4ae15b3aaa211 -> 5b7a9bc9c5c56e3cb5ccc808a2bdd9e4
  custom:scripting/monoscript/fileName/UsingRuntimePath.cs: 5727713a0389a62bd6518d1b19214f2c -> 
  custom:scripting/precompiled-assembly-types:Unity.ScriptableBuildPipeline.Editor: 3ca390981bea823edbc5c52067fa8d07 -> 
  custom:scripting/monoscript/fileName/UnityEventBridge.cs: 5b44a70c8e78b8fb569a49e177c247c4 -> 
  custom:scripting/monoscript/fileName/CallbackArray.cs: 90647cc400823b41df847a6cbfc29026 -> 
  custom:scripting/monoscript/fileName/BuildScriptPackedPlayMode.cs: 376414de220a9f2aaee2505d1d67ddda -> 
  custom:scripting/monoscript/fileName/AddressableAssetSettingsLocator.cs: f52d919be3c487a83fcb39a65ed0c368 -> 
  custom:scripting/monoscript/fileName/AddressableAssetGroupTemplateInterface.cs: c6c784d5ce4db43651308dbc5a340915 -> 
  custom:scripting/monoscript/fileName/LoadWithTask.cs: fbf9e2952ed24d5098424080eefa8e8d -> 
  custom:scripting/monoscript/fileName/LocalizationTable.cs: aac3efc050d0cdb450940741052a3ea7 -> 
  custom:scripting/monoscript/fileName/AddressablesInterface.cs: 288c9154aa913af4054b6c3693e74037 -> 
  custom:scripting/monoscript/fileName/IReset.cs: 501ab81f9a42800b74fa922343b391de -> 
  custom:scripting/monoscript/fileName/AssetTypeMetadata.cs: 29d579a76583fbd1638bb7faafd49823 -> 
  custom:scripting/monoscript/fileName/AddressableAssetGroupSchemaSet.cs: 8cb8eb885b2e86eafd9d731360a75ad6 -> 
  custom:scripting/monoscript/fileName/ProgressReporter.cs: d2c61132addb533aa20f9839136801ab -> 
  custom:scripting/monoscript/fileName/CustomBuildScript.cs: ceb098f106352018dfb7471e078b2b99 -> 
  custom:scripting/monoscript/fileName/GraphLayerEventMarker.cs: 973da78a8787db14c083d53cf7575fbc -> 
  custom:scripting/monoscript/fileName/LocalizedAssetProperty.cs: 949847d1f379a93be8d09e1a779f7308 -> 
  custom:scripting/monoscript/fileName/AddressableEntryNotFoundException.cs: cbde87c12a97a247b362dfc7073c3067 -> 
  custom:scripting/monoscript/fileName/UsingResourceManager.cs: 904ba6bbe59e92b87ad14016defdb49e -> 
  custom:scripting/monoscript/fileName/PlatformOverride.cs: dffa63491a95e8ca43dc2e254731c453 -> 
  custom:scripting/monoscript/fileName/TMP_FontAssetCommon.cs: 4a5ab4d4426385ab38edd57c118cd485 -> 2b5f11ccf8aacaf9b5ea6564bf2b0d57
  custom:scripting/monoscript/fileName/AssetNotPersistentException.cs: cddacf4c8b1d93a2650d87448a19c7fd -> 
  custom:scripting/monoscript/fileName/CheckResourcesDupeDependencies.cs: 9a7363d2118556b9a749e5c87a9abb28 -> 
  custom:scripting/monoscript/fileName/FastModeInitializationOperation.cs: 3969bd66bfd96ce4f1b25d29127c7d0d -> 
  custom:scripting/monoscript/fileName/GoogleTranslationWindow.cs: 88518423a12e1fad4d87be2a62bc4438 -> 
  custom:scripting/monoscript/fileName/LinkXMLGenerator.cs: a12ef316d0e18f4f3cc0d1c12f9a8995 -> 
  custom:scripting/monoscript/fileName/PreserveTags.cs: 1c2a7fcb1fa71a6e962a345cfbb29e23 -> 
  custom:scripting/monoscript/fileName/UsingClearDependencyCacheAsync.cs: 660e6750ac312260d665d449a0194ad8 -> 
  custom:scripting/monoscript/fileName/HashingMethods.cs: 715cdfdde81dd1627a447579d5c1a2a8 -> 
  custom:scripting/monoscript/fileName/GlobalVariableGroupEditor.cs: 6e132f0f82545f49da3ad5870afe14bd -> 
  custom:scripting/monoscript/fileName/GraphicsSettingsApi.cs: e643b869c2bd158e219684eb7bac7d5a -> 
  custom:scripting/monoscript/fileName/UsingLogWarning.cs: 70e15e610f1accc23f15dc06c7ce09b4 -> 
  custom:scripting/monoscript/fileName/SceneRawWriteOperation.cs: 5a20bbe9c2135f3c677809d25231ee39 -> 
  custom:scripting/monoscript/fileName/UsingCleanBundleCache.cs: c440bddfbad5caa9fbcae77dc72674c1 -> 
  custom:scripting/monoscript/fileName/LocalizationSettingsMenuItems.cs: 750a08d0238762ff67fff634de4448f1 -> 
  custom:scripting/monoscript/fileName/IBuildReportConsumer.cs: b4374783b4f13e8fa8a35606f65fe93e -> 
  custom:scripting/monoscript/fileName/LocalizeTextureEvent.cs: dd01af048c0b2b9cea48be62555ba36a -> 
  custom:scripting/monoscript/fileName/BuildLayout.cs: 3e449370b64b375854c1a33213daf1a7 -> 
  custom:scripting/monoscript/fileName/IResourceLocation.cs: f910c20a7ea8c8aa53f2053fca98b4ce -> 
  custom:scripting/monoscript/fileName/PrefabPackedIdentifiers.cs: 88eee9e87bb381ef74e5d164ea9612c4 -> 
  custom:scripting/monoscript/fileName/UnityConnectBridge.cs: 0d7c93bc2c5ad0d42ee2286dc5174130 -> 
  custom:scripting/monoscript/fileName/AudioClipReaderWindow.cs: 55d0bff3b1f5011587f2a61146252ee6 -> 
  custom:scripting/monoscript/fileName/LocalizationBuildPlayer.cs: 85b8e10fd0ccbccd80054f8cc140970b -> 
  custom:scripting/monoscript/fileName/AddressableAssetGroupTemplate.cs: 1d8da5f1890836d608e7d5b7f3373a2f -> 
  custom:scripting/monoscript/fileName/DefaultSource.cs: ef6d54a6cbd054b4c7f94ad925bc31ef -> 
  custom:scripting/monoscript/fileName/TMP_TextInfo.cs: d86eebf32f36b8febee06365f862b403 -> 9e4eb698c4c168829682cbe659418e8f
  custom:scripting/monoscript/fileName/EventDataPlayerSession.cs: 91bc0ee1e4ffa4506b091453a9262bec -> 
  custom:scripting/monoscript/fileName/TaskCachingUtility.cs: 2abbe35728db88bbaa201e6c478a95f2 -> 
  custom:scripting/monoscript/fileName/TextContainer.cs: 4e3c016869303ab3136387f7870e5adb -> 245c032a15fbc12850861c707e37b027
  custom:scripting/monoscript/fileName/StringTableSearchProvider.cs: a655a0bba0a42f0268616b0ffe28e827 -> 
  custom:scripting/monoscript/fileName/ParsingErrors.cs: 56ee149ccf6e61574239d504a20a01d0 -> 
  custom:scripting/monoscript/fileName/CollectionExtensionAttribute.cs: e00982c3695c3b95e3e0d6f43120d792 -> 
  custom:scripting/monoscript/fileName/CalculateSceneDependencyData.cs: 104fc632ee9eb1eac0995150ef581054 -> 
  custom:scripting/precompiled-assembly-types:Newtonsoft.Json: a784019f7e79cf0f65e748d41d4ceb44 -> 
  custom:scripting/monoscript/fileName/LocalizedGameObjectEvent.cs: 045b323c574665c24fc3585de9cf75b0 -> 
  custom:scripting/monoscript/fileName/BuildContent.cs: 8b98bc58cf5574343dc7ddad95d66a2a -> 
  custom:scripting/monoscript/fileName/SmartSettings.cs: 27ce6050fa5ec694fc6fafb556f326be -> 
  custom:scripting/monoscript/fileName/IPseudoLocalizationMethod.cs: af5699a14d31a7d73a4e2eee94f838df -> 
  custom:scripting/monoscript/fileName/BundlesContentView.cs: 06261d15b4a9f40f2d13bad3fd8c0d7e -> 
  custom:scripting/monoscript/fileName/DynamicResourceLocators.cs: 1034695c180ba1f11efcc8c0af8b64d6 -> 
  custom:scripting/monoscript/fileName/AddressableAssetSettings.cs: cc9347dff1588a85ad81a10cb9a60747 -> 
  custom:scripting/monoscript/fileName/UsingInstantiateAsync.cs: 65bc448eb8ce78f7211cddccb5f5ce12 -> 
  custom:scripting/monoscript/fileName/TestStub.cs: 190796d3593eba0a9210e1127da82f56 -> 
  custom:scripting/monoscript/fileName/TMP_SubMesh_Editor.cs: 6199a3bf0c204e3bdded9f5f05415a32 -> b381eb4c2ad4ef265088242d67c5b140
  custom:scripting/monoscript/fileName/TMP_TextElement.cs: fb8354965187a75f506d9a9df85f19dd -> 5dfb95666bd41ecc32948097824aba23
  custom:scripting/monoscript/fileName/TMP_Text.cs: c453c9b4dcb2bfad1083e3b49dfa3983 -> 5cba61e283281e8dbf7dadaabcd638dc
  custom:scripting/monoscript/fileName/LocalizationTablesWindowAttributes.cs: 286f0b4482e1d46362769165de5cabf6 -> 
  custom:scripting/monoscript/fileName/TrackedLocalizedPropertyDrawer.cs: 30cdc0084858da7a1c4d211dd53bf294 -> 
  custom:CustomObjectIndexerAttribute: 9a22284fe3817be447336de3de66b15e -> 
  custom:scripting/monoscript/fileName/UsingGetDownloadSizeAsync.cs: 171c6b127177e9211a1b602a37172a09 -> 
  custom:scripting/monoscript/fileName/UsingStreamingAssetsSubFolder.cs: 32807ce3347ba269c610cfe54c4cf1db -> 
  custom:scripting/monoscript/fileName/CreateMonoScriptBundle.cs: 2583ca987d667d4dd92571cf56d8871f -> 
  custom:scripting/monoscript/fileName/Selector.cs: d1b33989cbe0f6cc110abd4d8cf04c4d -> 
  custom:scripting/monoscript/fileName/UsingLoadSceneAsync.cs: e0429df12aecdd79109f424b79f61f73 -> 
  custom:scripting/monoscript/fileName/AddressableAnalytics.cs: 8d6eaaaa8879afed7791bcb8ad0a55d6 -> 
  custom:scripting/monoscript/fileName/TimeFormatterPropertyDrawer.cs: 2deeb4cac283ce23f830b75746c99908 -> 
  custom:scripting/monoscript/fileName/AtlasSpriteProvider.cs: b13170f1a8da7c93ca0f20413670befc -> 
  custom:scripting/monoscript/fileName/LocaleIdentifierPropertyDrawer.cs: e2b3612afc461bbb74df699eb387d4b7 -> 
  custom:scripting/monoscript/fileName/StripUnusedSpriteSources.cs: 8e0de493596d68c81f185a4c7e2ecc3e -> 
  custom:scripting/monoscript/fileName/LoadWithEvent.cs: 535c3da84aced96767022f1d136a065c -> 
  custom:scripting/monoscript/fileName/CSV.cs: 970c06ec8fe2254580dd226b7b217199 -> 
  custom:scripting/monoscript/fileName/ColumnMapping.cs: 3d96c8bec9fe5e67511587a77ca9426f -> 
  custom:scripting/monoscript/fileName/TMP_PostBuildProcessHandler.cs: 728d00fd9070cbfe6d8df45c08e57305 -> c69b388004562ecb0f789fc3759d9651
  custom:scripting/monoscript/fileName/LocalizeStringEvent.cs: 420593c9668ec5a80d802c3657538065 -> 
  custom:scripting/monoscript/fileName/ProgressTracker.cs: 7cf527e59ae90a5de1d1297f2cf5b5d9 -> 
  custom:scripting/monoscript/fileName/UsingResourceLocators.cs: defb8e83edcbd6b925c1a46e603b4264 -> 
  custom:scripting/monoscript/fileName/TMP_DropdownEditor.cs: 6df138b51e278f9c93bd4976e96aa952 -> 2d907ee76ef876797c15186180266847
  custom:scripting/monoscript/fileName/HostingServicesWindow.cs: aea0a90645e2ad9918bb8f7947977cbc -> 
  custom:scripting/monoscript/fileName/AsyncOperationHandle.cs: 5f193f67e9fe132700bb16490c49fe52 -> 
  custom:scripting/monoscript/fileName/QualitySettingsApi.cs: 8a81ef3b39ef7374ffa2c64379a5666c -> 
  custom:scripting/monoscript/fileName/GenerateBundleCommands.cs: df8cc1862a26a9b8b8065412bf4da3d1 -> 
  custom:scripting/monoscript/fileName/FormatItem.cs: a682aadaa489dc0a59f4f6cf2b503a72 -> 
  custom:scripting/monoscript/fileName/DetailsListItem.cs: fc00a048fdb993f628239efc8b3b3ff0 -> 
  custom:scripting/monoscript/fileName/LabelTable.cs: 2d4def09103b938e537a18b451868393 -> 
  custom:scripting/monoscript/fileName/CharacterSubstitutorPropertyDrawer.cs: 71c115a9f4a4d88dd22a2ac05b771575 -> 
  custom:scripting/monoscript/fileName/Ribbon.cs: 7520e82ba3d55750b026206f051896a1 -> 
  custom:scripting/monoscript/fileName/GlobalVariablesSource.deprecated.cs: 1038eddbfa65bd625b25430ba4a9435d -> 
  custom:scripting/monoscript/fileName/PostPackingCallback.cs: f0f64a598e599b8fee359c8bbbbb7967 -> 
  custom:scripting/monoscript/fileName/GetLocalizedStringOperation.cs: 2a8d3385529a741749983dca123ab4e1 -> 
  custom:scripting/monoscript/fileName/GameObjectLocalizerEditor.cs: 7c072273434358bcf607004716bd9350 -> 
  custom:scripting/monoscript/fileName/LocalizationProjectSettings.cs: d9be050127f95d20e34198c62e4779b1 -> 
  custom:scripting/monoscript/fileName/AssetTableTreeViewItem.cs: e3a0f0213b98219ec7145a2e7ed4c22b -> 
  custom:container-demuxer-webm: 4f35f7cbe854078d1ac9338744f61a02 -> 
  custom:scripting/monoscript/fileName/TMP_FontAsset.cs: 52c81438acb65fa444fe26964ef0345b -> 6c1db4680a96f294cf0af87a0b8099aa
  custom:scripting/monoscript/fileName/DeSerializer.cs: 42de108158a2d64cff75d55be619c3d6 -> 
  custom:scripting/monoscript/fileName/UsingLoadContentCatalogAsync.cs: 8e4b025178d4e0172aeaad56739efe1f -> 
  custom:scripting/monoscript/fileName/TableSearchProvider.cs: 9e14c655173cfc9fafc822428d591e04 -> 
  custom:scripting/monoscript/fileName/UsingRemoveResourceLocator.cs: ffa3bb99c581ff8477018bfe8198ccbe -> 
  custom:scripting/monoscript/fileName/EditorPropertyDriver.cs: 6ab6221ea31e92f727c72f18b50d56d2 -> 
  custom:scripting/monoscript/fileName/TMP_SubMeshUI_Editor.cs: 765ce633a5bfada7c5afc51aed8631bb -> 119a633ce37cc27ac209988b5de61d96
  custom:scripting/monoscript/fileName/ListWithEvents.cs: 90647cc400823b41df847a6cbfc29026 -> 
  custom:scripting/monoscript/fileName/ProgressLoggingTracker.cs: 5d288d40f7eb670174353f8188801c70 -> 
  custom:scripting/monoscript/fileName/SerializedTypeDrawer.cs: 55704df2e1fbeb280a39857e3fe8599a -> 
  custom:scripting/monoscript/fileName/GraphLayerLabel.cs: e6bbecfb657f4306f18760a66877483c -> 
  custom:scripting/monoscript/fileName/TMP_BaseEditorPanel.cs: bf7c6aff8663a36814779dfe47e82e00 -> f4b9967705e7bb57152fef4117417ba7
  custom:scripting/monoscript/fileName/IBuildResults.cs: 8b5b87d2e7d0fe52b18dffb583edf526 -> 
  custom:scripting/monoscript/fileName/BundleRuleBase.cs: e7ef640b2d0e3626500ffc1b301ab048 -> 
  custom:scripting/monoscript/fileName/DownloadStatus.cs: 54e6ecf38c97350b7185a2dbdd2736c2 -> 
  custom:scripting/monoscript/fileName/LocaleCommentColumn.cs: b9990117b1aec64849bb0bb6c783ca3d -> 
  custom:scripting/monoscript/fileName/ProfileDataSourceDropdownWindow.cs: 0c889b1a609cf40b8fe20a3ed4bbafff -> 
  custom:scripting/monoscript/fileName/UnityWebRequestUtilities.cs: 9b8466aca40de6647ee5e3ca2db084e4 -> 
  custom:scripting/monoscript/fileName/SequentialIDGenerator.cs: d83efcc667e1071af0b2df3b9b2d5c7e -> 
  custom:scripting/monoscript/fileName/AssetUtility.cs: 9fd2b0a9ba402984d9e38d454d654b92 -> 56b81e5e2578818cf6f96d864707db64
  custom:scripting/monoscript/fileName/ProfileDataSourceSettings.cs: 5e371415d0bffd9fa1566f074827ca84 -> 
  custom:scripting/monoscript/fileName/EditorGUIUtilityBridge.cs: 6c6281d5b59dbfe7f64a4390cec64cef -> 
  custom:scripting/monoscript/fileName/MainPanelSummaryTab.cs: 28ca7ae655dc332f660c132d33be2668 -> 
  custom:scripting/monoscript/fileName/FormattingException.cs: 91b461cc7c40815d8a7c339d54be2b22 -> 
  custom:scripting/monoscript/fileName/TMP_SettingsEditor.cs: aa2b5eadaadb4b54b49cd650a2246119 -> 56bf06371df7e13c5b8cc88becb89a4d
  custom:scripting/monoscript/fileName/ProjectLocalePopupField.cs: 2224bf6801a24e4e4f2dfbd481785552 -> 
  custom:scripting/monoscript/fileName/TMP_UpdateRegistery.cs: 62691e6bdb107984e7d826316a6498e1 -> 1f23864d29c3a03d22aa9b00a337cf78
  custom:scripting/monoscript/fileName/ClusterBuildLayout.cs: 5771ce961e5c856dda3162f7e7866c51 -> 
  custom:scripting/monoscript/fileName/DumpToText.cs: 2dfe9c7754fbb721de687736d394e422 -> 
  custom:scripting/monoscript/fileName/FastAction.cs: 94d6ead813247e604740a116c5fa92db -> dfbe75b66b645b53472915ad2590af11
  custom:scripting/monoscript/fileName/TMPro_TextContainerEditor.cs: a97aca5bcf1b2486a0f60b2c7a935c42 -> b2fbc5db24221a870c4de162a712cbfe
  custom:scripting/monoscript/fileName/UsingLogException.cs: 3316b26395971abd12a4bd736d7ff4cd -> 
  custom:scripting/monoscript/fileName/BuildProfileSettingsEditor.cs: 970095181710e210a9e9390c58796570 -> 
  custom:scripting/monoscript/fileName/SheetsServiceProvider.deprecated.cs: 90647cc400823b41df847a6cbfc29026 -> 
  custom:scripting/monoscript/fileName/AddressableAssetUtility.cs: 72a93ba81003bd461d6101745b676e3e -> 
  custom:scripting/monoscript/fileName/CsvColumns.cs: f40c9a0e65e110452ca351c87c16d563 -> 
  custom:scripting/monoscript/fileName/GroupsContentView.cs: 6c0af8780f1bc0c3acee464ca49bd416 -> 
  custom:scripting/monoscript/fileName/FileRegistry.cs: c2a0e90b96356fc8b397f160fccdb0e1 -> 
  custom:scripting/monoscript/fileName/ContentCatalogData.cs: 69501017901d28c7b50ababf6ecc7e6c -> 
  custom:scripting/monoscript/fileName/TMP_TextAlignmentDrawer.cs: ad15f73780bb9949f148eddcc3c3fbf7 -> 011b7908ef5eb5e9dea532c77e85c538
  custom:scripting/monoscript/fileName/TMPro_CreateObjectMenu.cs: e9e63aff764c7e7fd08e66f87103df4d -> ddee59388caa7a56693342f3a805d427
  custom:scripting/monoscript/fileName/LocalizedAsset.cs: 7f97d498ffdfe4030eafd61d575be86e -> 
  custom:scripting/monoscript/fileName/AddressableAssetGroup.cs: 0f9c4653caddd0474511f5b3f44ee076 -> 
  custom:scripting/monoscript/fileName/TrackedLocalizeStringEvent.cs: ebad6f8edd7e9eef814e258cd129cd63 -> 
  custom:scripting/monoscript/fileName/TMP_Asset.cs: dcedda1866ab6edcf1af2d4525512628 -> 7e95c8d89188057bea8fc9569c9aa309
  custom:scripting/monoscript/fileName/LocalizedStringPropertyDrawer.cs: 25afd2cc46dd2b599a199f1e04ce3822 -> 
  custom:scripting/monoscript/fileName/xliff_core_2.0.cs: fc2057a38dfab16b8512fec9773c7f76 -> 
  custom:scripting/monoscript/fileName/ISelectorInfo.cs: 6321a5056dc9a78968a9dd0ca94ba619 -> 
  custom:scripting/monoscript/fileName/ProfileGroupType.cs: c75096844ddd488c7a0178740cfcc99e -> 
  custom:scripting/monoscript/fileName/DetailsContents.cs: 897c368e5dc4cdd93f45e1ac7d556963 -> 
  custom:scripting/monoscript/fileName/ScenePropertyTracker.cs: 86f0b3ce1098ba10b1df7fcad53bd72d -> 
  custom:scripting/monoscript/fileName/AddressableAssetEntryCollectionEditor.cs: 3573c130dc7f7334299b8beed2200c30 -> 
  custom:scripting/monoscript/fileName/TMP_ColorGradientEditor.cs: 187fe88a4e95285275d1781f1da14d92 -> ed654c9d45026a5f71e6e9535130c15f
  custom:scripting/monoscript/fileName/LocalizationSettings.cs: 0e2576b46b668ab2000f26b363c67059 -> 
  custom:scripting/monoscript/fileName/LoadSynchronously.cs: c4f0669c9aa685144c4f5b796d0b70eb -> 
  custom:scripting/monoscript/fileName/NewSheetProperties.cs: e34185a962f021141e44dc1ce093e683 -> 
  custom:scripting/monoscript/fileName/Comment.cs: 1df9b6a2a4782dd3ba7e4d56cc3fc5a5 -> 
  custom:scripting/monoscript/fileName/SceneControlsWindow.cs: 0561aa4536f52631146c6ffce9e5138b -> 
  custom:scripting/monoscript/fileName/UsingCreateCatalogLocationWithHashDependencies.cs: c7c0f0abb9e7d828fb90719576b664da -> 
  custom:scripting/monoscript/fileName/TrackedPropertyDrawer.cs: 38d2061ceb2f7db18585e8737586f66e -> 
  custom:scripting/monoscript/fileName/MonoBehaviourCallbackHooks.cs: b20ea6c878896467bc06e7a880dbeda7 -> 
  custom:scripting/monoscript/fileName/HashingHelpers.cs: 0f7aeced044c9bfbe971ac41bd6b1b1e -> 
  custom:scripting/monoscript/fileName/ProfileWindow.cs: fa1c3d799675766d6e9897b9bc0b5a97 -> 
  custom:scripting/monoscript/fileName/FileCompressor.cs: 9e176c2b40f10af0783acadfcf93a0a6 -> 
  custom:scripting/monoscript/fileName/BuildCacheUtility.cs: 2743f002ee5eaa2b245807c6d3986866 -> 
  custom:scripting/monoscript/fileName/VisualElementsWrapper.cs: 7ac1a7ea79783a0dda155d9acf8e52e7 -> 
  custom:scripting/monoscript/fileName/ContentPipeline.cs: 0099978ab3154e75ec02b02af05e3647 -> 
  custom:scripting/monoscript/fileName/DistributedUIDGenerator.cs: 037da96820b6f87792ef2e0a87c9ec34 -> 
  custom:scripting/monoscript/fileName/BuildLayoutParameters.cs: eb7c3c049a39ff038d6292e8e956a04c -> 
  custom:scripting/monoscript/fileName/IBuildSpriteData.cs: 70fcaabd919c2d8ed3f211908205c540 -> 
  custom:scripting/monoscript/fileName/IInitialize.cs: 8f41f2d3082a8cfed1a9f76a15f79086 -> 
  custom:scripting/monoscript/fileName/TMP_BitmapShaderGUI.cs: ef806c32b355e8831ed4eb3f5e3400ff -> 2ce3ac811452d1d6d82e565157cac3e2
  custom:scripting/monoscript/fileName/TMP_ColorGradientAssetMenu.cs: 79ee3689ecabb3de162f43faa3b27adc -> 83563be632f8167fcdca7878d36901f9
  custom:scripting/monoscript/fileName/HostingServicesManager.cs: bf09b4c263482a04155920012d385668 -> 
  custom:scripting/monoscript/fileName/FilterIds.cs: ab0a66942136a4dd113054af7b038da8 -> 
  custom:scripting/monoscript/fileName/CollectionExtension.cs: f8a94bffaf2831e97bfadd679b0d5d09 -> 
  custom:scripting/monoscript/fileName/BuildCallbacks.cs: e372553ccc5bfd1dd2d4f86e3433b7ac -> 
  custom:scripting/monoscript/fileName/IAddressableView.cs: 8b8bd30c6ee3cc366e6b5825b18b7a08 -> 
  custom:scripting/monoscript/fileName/BuildLayoutGenerationTask.cs: ffed48cd2d09cc55f2fb49224941b889 -> 
  custom:scripting/monoscript/fileName/AssetReferenceDrawerUtilities.cs: 351cdbf359a7cb402246cc4c26ca6bbc -> 
  custom:scripting/monoscript/fileName/LocalizationPackageExtensionsProjectSettings.cs: 286067f870046c863b249ef4c5b86d35 -> 
  custom:scripting/monoscript/fileName/FormatDelegate.cs: d674e994e02c99a6bc97e93ed08ed63e -> 
  custom:scripting/monoscript/fileName/CompatibilityAssetBundleManifest.cs: 8c821441185b5b6a41b701764a9456f7 -> 
  custom:scripting/monoscript/fileName/AssetInspectorGUI.cs: 1c2fbe684b8b981136ad78cc97e442f1 -> 
  custom:scripting/monoscript/fileName/EventDataPlayerSessionCollection.cs: aa3a5824b74762d314b052196c8121f1 -> 
  custom:scripting/monoscript/fileName/ContentUpdatePreviewWindow.cs: 328cbe5138c9fb6c1c71697205eab50f -> 
  custom:scripting/monoscript/fileName/JSONAssetProvider.cs: c98e2b214b7d3e761475613a9d6fddfc -> 
  custom:scripting/monoscript/fileName/TMP_GlyphPropertyDrawer.cs: 75006bca208b32d4fc4710404c538acf -> 56b500a16a5c8f635a7bfdd702279864
  custom:scripting/monoscript/fileName/LocalizedStringTablePropertyDrawer.cs: e886a001e705cc0705e678a1dc2ed974 -> 
  custom:scripting/monoscript/fileName/UsingLoadAssetsAsync.cs: e7c712cb92cb4bc191a413f33d87ddc0 -> 
  custom:scripting/monoscript/fileName/ProfileTreeView.cs: 12e4118bc493b83e0d991a39a1318ef6 -> 
  custom:scripting/monoscript/fileName/BuildTasksRunner.cs: 6061ed342a325c9c185a4b35bbfe23f3 -> 
  custom:scripting/monoscript/fileName/BuildExtendedAssetData.cs: 646a6ec8dded2f210e51a6a26a267c53 -> 
  custom:scripting/monoscript/fileName/TMP_SpriteGlyph.cs: 52a9bbe662618c4a5697bdefcba63d59 -> cb4cdca5a4c6415e4f27ee5280164c41
  custom:scripting/monoscript/fileName/StringBuilderPool.cs: 0a7f64ee5df8d42d8e9843f99c824cec -> 
  custom:scripting/monoscript/fileName/DetailsSummaryView.cs: aeb6ef9c87f8cedf81a2a9bdf342102f -> 
  custom:scripting/monoscript/fileName/XliffDocument.cs: 9b7826fef7f21076c2ca319420ac4d7a -> 
  custom:scripting/monoscript/fileName/MetadataCollection.cs: 3d22d318aeab2bf3c6be30164c34c5b4 -> 
  custom:scripting/monoscript/fileName/MetadataReorderableList.cs: 676fe7e50832af09353bc78a1a0a90d5 -> 
  custom:scripting/monoscript/fileName/TimeSpanUtility.cs: c268248eadf7f504ee39d36f8c2dbeba -> 
  custom:scripting/monoscript/fileName/AnalyzeRule.cs: 0616b2f44595cfd6ff277c8ca73ff9fd -> 
  custom:scripting/monoscript/fileName/DeclaringReferences.cs: 4c97197881389ed54fb27eb3f0e97327 -> 
  custom:scripting/monoscript/fileName/AssetDatabaseProvider.cs: 34efb1764c9d10e1b435aca6b8f8ab50 -> 
  custom:scripting/monoscript/fileName/PersistentVariablePropertyDrawer.cs: 5986276e917b35fbcb702081d402e633 -> 
  custom:scripting/monoscript/fileName/CacheInitializationDataDrawer.cs: 306c2f8cb1fc8b44b12a3aadd3361ffe -> 
  custom:scripting/monoscript/fileName/EditorIcons.cs: 13abce0cc692c84df4251fa74fe4a840 -> a3e3ee0982e43ced03e246e0d28ff4a2
  custom:scripting/monoscript/fileName/OperationCacheKeys.cs: a875722a6684f3c9f42fc8e71fb98086 -> 
  custom:scripting/monoscript/fileName/BuildProfiler.cs: 20a6883e13cfb1c377baf8d9ad7c7108 -> 
  custom:container-muxer-webm: aa71ff27fc2769a1b78a27578f13a17b -> 
  custom:scripting/monoscript/fileName/SharedTableCollectionMetadata.cs: c1aa8393f8c05c6f5464ccde87e55a74 -> 
  custom:scripting/monoscript/fileName/LoadTableOperation.cs: 90647cc400823b41df847a6cbfc29026 -> 
  custom:scripting/monoscript/fileName/KeyMetadataColumn.cs: 90647cc400823b41df847a6cbfc29026 -> 
  custom:scripting/monoscript/fileName/ProgressBarReporter.cs: bc323853087a9acbf94a2da59afe8082 -> 
  custom:scripting/monoscript/fileName/PluralLocalizationFormatter.cs: c373c0b16dac991baf6decafddf14513 -> 
  custom:scripting/monoscript/fileName/UsingDownloadDependenciesAsync.cs: bde825d7f2c2c85a4dd6a17f43d8e399 -> 
  custom:scripting/monoscript/fileName/GroupResolver.cs: 7792efe0547fa98ec81d1ec65abbade2 -> 
  custom:scripting/monoscript/fileName/LocaleEditor.cs: 202585e1e99bed536a79868d713acf30 -> 
  custom:scripting/monoscript/fileName/TMP_UIStyleManager.cs: f54fffa86b286da3a3329c601ca8d03e -> 66d96f3fa9ea14a5a6ed3f92d3bbe0f1
  custom:scripting/monoscript/fileName/ProjectConfigData.cs: 7921ee70ddc5c6dd7a9df8ec0c0092c7 -> 
  custom:scripting/monoscript/fileName/LoadWithLabels.cs: 804b317a87fff96d59ed63aeb6e721d6 -> 
  custom:scripting/monoscript/fileName/LocaleGeneratorListView.cs: 3257dfadf57a6fd6155e4b69c68ee152 -> 
  custom:scripting/monoscript/fileName/IBuildContext.cs: 5ff9d28c8d4a4f1b753bc76a607083bf -> 
  custom:scripting/monoscript/fileName/UsingInstanceProvider.cs: e7735e2612598c8504b3d653c19306de -> 
  custom:scripting/monoscript/fileName/Smart.cs: 5cf24fe66695f9cb989dd34006965373 -> 
  custom:scripting/monoscript/fileName/GlobalVariables.deprecated.cs: 728d6fb3b3dc77e5f3d610a9946a1b81 -> 
  custom:scripting/monoscript/fileName/CsvExtensionPropertyDrawer.cs: 9208f544b458498944fb068183667b1d -> 
  custom:scripting/monoscript/fileName/IDTransformer.cs: 550588a96657730d8404618890726064 -> 
  custom:scripting/monoscript/fileName/GoogleTranslatorAPI.cs: 1d07277978156b2b680265dfeeec5f74 -> 
  custom:scripting/monoscript/fileName/AssetReferenceUIRestriction.cs: ab1a4ace83e547a82f148902e05d9451 -> 
  custom:scripting/monoscript/fileName/FallbackLocale.cs: 647370036d8284c058069deac99405db -> 
  custom:video-decoder-webm-vp8: 9c59270c3fd7afecdb556c50c9e8de78 -> 
  custom:scripting/monoscript/fileName/UsingLogErrorFormat.cs: 8e9e0801031e74a4fd32b9b7bd2bf9d9 -> 
  custom:scripting/monoscript/fileName/DuplicatedAssetsContentView.cs: 071f6b802be913317a07b2a4ef0ee772 -> 
  custom:scripting/monoscript/fileName/DetailsSummaryBuilder.cs: ba334c0298d2d1e4c9714387e3c7aae8 -> 
  custom:scripting/monoscript/fileName/AnalyzeResultData.cs: c2f44893e38a82b7544778fbc70f6623 -> 
  custom:scripting/monoscript/fileName/ColumnSelectors.cs: 6af2063438fc3fffbfd8fd38fba2eda1 -> 
  custom:scripting/monoscript/fileName/LocalizationTablesWindow.cs: cf8c97d55d9c069dca434c69b83a65a8 -> 
  custom:scripting/monoscript/fileName/IBundleExplictObjectLayout.cs: ddaeb79a7a717f820f674015296294c0 -> 
  custom:scripting/monoscript/fileName/PostDependencyCallback.cs: eb19b86cfe0872246c64c5aa303dec70 -> 
  custom:scripting/monoscript/fileName/Expander.cs: 5781679213a06dbdf87128cb159babdf -> 
  custom:scripting/monoscript/fileName/LocalizationTableCollectionCache.cs: 2e2bd79d9fcf7fcc1fc934625c3c6b19 -> 
  custom:scripting/monoscript/fileName/BuildBundleLayout.cs: 576813ef72fead3ae460d113cf17b9a7 -> 
  custom:scripting/monoscript/fileName/CollectionNameFilterBlock.cs: 0f617309fbe56974021c72e157b39665 -> 
  custom:scripting/precompiled-assembly-types:Unity.Addressables: 6e2eb23eed52ab989518c55ebe19712f -> 
  custom:scripting/monoscript/fileName/BaseHostingService.cs: 200b06cbaa68e8641c1d85f0d10bc757 -> 
  custom:scripting/monoscript/fileName/LoadAssetOperation.cs: 90647cc400823b41df847a6cbfc29026 -> 
  custom:scripting/monoscript/fileName/TMPro_EventManager.cs: 9ebed0b1e26a8c995d644c176e696d93 -> 4c7492301243f935f7a463360f91d217
  custom:scripting/monoscript/fileName/AppInfo.cs: f759b70f2c69343fe2ecccdb6b7ec2e2 -> 
  custom:scripting/monoscript/fileName/CollectionGroupFilterBlock.cs: d219032a80c70708623b8d1cd2836132 -> 
  custom:scripting/monoscript/fileName/RebuildSpriteAtlasCache.cs: 4336dcac6b167662dc27a4b8cb534249 -> 
  custom:scripting/monoscript/fileName/GlyphRectPropertyDrawer.cs: d355023434b9b8f82f7070cb40c7c036 -> bdec415148eac17379112822c8814df5
  custom:scripting/monoscript/fileName/ISceneProvider.cs: 658a51016cbab09b1ba5c1655069810e -> 
  custom:scripting/monoscript/fileName/KeyCommentColumn.cs: 8ab66a765ba52efe7fc31fb7cd1a5b1f -> 
  custom:scripting/monoscript/fileName/TMPro_UGUI_Private.cs: 8f6297df34271fdb1ce2d9607ec6261d -> 90647cc400823b41df847a6cbfc29026
  custom:scripting/monoscript/fileName/GenerateLocationListsTask.cs: 4c17cd4ff87a2e74f5b37e68beb1034f -> 
  custom:scripting/monoscript/fileName/PackedPlayModeBuildLogs.cs: 26ca3e11f45bddf9443535bcaf190309 -> 
  custom:scripting/monoscript/fileName/IFormatter.cs: 01e87d00cb790254fdb58a2e27ad38a5 -> 
  custom:scripting/monoscript/fileName/SystemLocaleSelector.cs: c5cc06fdaa353af7e2c6696acccda057 -> 
  custom:scripting/monoscript/fileName/MiscellaneousTopics.cs: 6bab07f34ac3d7d8fae769bcdad3df67 -> 
  custom:scripting/monoscript/fileName/VariablesGroupAsset.cs: d2482a85ac31478d2b674636eed50f08 -> 
  custom:scripting/monoscript/fileName/TypeUtility.cs: 92a5a87ea5be7de38d408a4236d704e2 -> 697cbcee997ea80178c464c8fd931a69
  custom:scripting/monoscript/fileName/VirtualAssetBundleProvider.cs: 014c97404d6f15b756db08d2ee4aa738 -> 
  custom:scripting/monoscript/fileName/ReorderManipulator.cs: c3cc3283d456156a32bd889da5388366 -> 
  custom:scripting/monoscript/fileName/AddressablesRuntimeProperties.cs: 4969983b02306777c6a47ce4a11cc967 -> 
  custom:scripting/monoscript/fileName/FormatDetails.cs: 3a875893fd8613cb13205b8823f4fac3 -> 
  custom:scripting/monoscript/fileName/Xliff.cs: ef6b45730c337880390347d31b2a84a7 -> 
  custom:scripting/monoscript/fileName/UsingLogFormat.cs: 08b0763998d4e405b9da95ae8aea542e -> 
  custom:scripting/monoscript/fileName/TMP_TextElement_Legacy.cs: 33cc86d4b4c35f95c6446ea70ef56fc4 -> 6e11e173cb695b15e8cce3cd1e1cb2a7
  custom:scripting/monoscript/fileName/AddressablesBuildScriptHooks.cs: 2cbbf8974b686fe2baa61afde888f688 -> 
  custom:scripting/monoscript/fileName/Encapsulator.cs: 1e1db4fea0a4e2c44b57faa1c6dd4bfa -> 
  custom:scripting/monoscript/fileName/OperationHandleTypes.cs: 160b3da87b81856ca98f6ab136ee8d94 -> 
  custom:scripting/monoscript/fileName/BundleDetails.cs: c2ce173f3479298f0c344c217d376d24 -> 
  custom:scripting/monoscript/fileName/Accenter.cs: 90ea6834cce5f6d78bd057f9238941f6 -> 
  custom:SearchIndexIgnoredProperties: e643bd26f0fe6173181afceb89e7c659 -> 
  custom:scripting/monoscript/fileName/UpdateBundleObjectLayout.cs: d3e8743e5c2de0c9b031ff5de45c2faa -> 
  custom:scripting/monoscript/fileName/GUIUtility.cs: 4f971baa0f9d48cbd293794e0740ba9f -> 
  custom:scripting/monoscript/fileName/ReflectionExtensions.cs: 18deef64260ff7f38d0791626801b560 -> 
  custom:scripting/monoscript/fileName/SharedTableData.cs: 0321dfa863ea7dc9cb5ac00e0188432f -> 
  custom:scripting/monoscript/fileName/USerialize.cs: 6f1fb90844e336a2331e02dcaf45180a -> 
  custom:scripting/monoscript/fileName/DetailsStack.cs: 1bce17e22c9932daf94954746a7de14d -> 
  custom:scripting/monoscript/fileName/CacheInitialization.cs: 231ea051a2a92e5ba6df4a940124813d -> 
  custom:scripting/monoscript/fileName/TMP_Settings.cs: 957f1889ca66b295dca8f725cc81558d -> 68d1204aae2aa6d0a54c151b7af443e7
  custom:scripting/monoscript/fileName/TableTreeView.cs: 78ce28c6b954a09dd71f4c11ab7bbaae -> 
  custom:scripting/monoscript/fileName/LocalesProvider.cs: f7bf849209e180db8054724ee686358f -> 
  custom:scripting/monoscript/fileName/TMPro_SortingLayerHelper.cs: e3aabd077ed12370ac46dda129ef572e -> 8b86ad735987eff6a1277352e9e8d9b6
  custom:scripting/monoscript/fileName/EventDataSet.cs: 219643b14b32f828cebbb2d2ae9fdc7d -> 
  custom:scripting/monoscript/fileName/UsingUnloadSceneAsync.cs: 0bc46c9a1a51d2f8fb2486ce957ad990 -> 
  custom:scripting/monoscript/fileName/UnityEvents.cs: b0e2675a6c0568ce9542790c6e41312b -> 93e3e01e1fc330c62462aa41b286117b
  custom:AudioImporter_EditorPlatform: d09bf68614088b80899f8185d706f6e7 -> 
  custom:scripting/monoscript/fileName/ResourceManagerRuntimeData.cs: 1b7a8a6c7dd023adb09d5675c09d77d6 -> 
  custom:scripting/monoscript/fileName/GoogleSheets.cs: 7f0f9fdedc2ed9e03c1e8497270d9e4a -> 
  custom:scripting/monoscript/fileName/BuildScriptPackedMode.cs: 407a5958a595f4becac3b0cc930fc7a2 -> 
  custom:scripting/monoscript/fileName/PreloadAssetTableMetadata.cs: c595287f8069eb3ccd0af10de5541d79 -> 
  custom:scripting/monoscript/fileName/TaskTimerReporter.cs: 1092576eede58a2418e17f1357b78f6a -> 
  custom:scripting/monoscript/fileName/CommandLineLocaleSelector.cs: c4841077c37069c678d9d656dc0d9455 -> 
  custom:scripting/monoscript/fileName/SystemTime.cs: 989b75921b4f0db5d1aa4f8edabc4363 -> 
  custom:scripting/monoscript/fileName/IGraphLayer.cs: a76f5bd30e23aa5de9f5dc8a7b4efcf0 -> 
  custom:scripting/monoscript/fileName/TypeVersionCheck.cs: 47108c4bb576b50bf383edcb36a61cb6 -> 
  custom:scripting/monoscript/fileName/TreeBuilder.cs: 36b82ae8a43ef47082a423bad7e418ea -> 
  custom:scripting/monoscript/fileName/ISource.cs: c65c24084d429f67ca8753d1e0381364 -> 
  custom:scripting/monoscript/fileName/VariableInterfaces.cs: 10b8c0228a4fe29f9029171fd54f9576 -> 
  custom:scripting/monoscript/fileName/LocalizedAssetDatabase.cs: 3c0f7009033bdd415fc479957937b721 -> 
  custom:scripting/monoscript/fileName/AddressHelper.cs: b53c1a445f5afb9fc6dd620741d0a126 -> 
  custom:scripting/monoscript/fileName/TMP_ResourcesManager.cs: 0d972ba50c38c5b25fe15fb0c61ada2b -> 64252a073d41e9c6f4e95b5f68ac966c
  custom:scripting/monoscript/fileName/TMPro_TexturePostProcessor.cs: d21743efde4e74198703a65b965619ea -> 0750ad2b775120fa59f760172dc340ad
  custom:scripting/monoscript/fileName/UsingLoadResourceLocationsAsync.cs: 740c22efc58708343ed3593e99a08437 -> 
  custom:scripting/monoscript/fileName/BinaryStorageBuffer.cs: aea5e9a2d05029c76f9f73a17b287e21 -> 
  custom:scripting/monoscript/fileName/ResourceManagerCacheWindow.cs: e6140759c281f8efb60128561ae796f5 -> 
  custom:scripting/monoscript/fileName/PropertyDrawerExtended.cs: 54be72df0da399fe9a9cb381ccabf367 -> 
  custom:scripting/monoscript/fileName/TMP_PackageResourceImporter.cs: 5335f4ee7041812300af31a777e4f584 -> 949b6e7fa2132b400d5c4aaf9c34421a
  custom:scripting/monoscript/fileName/TimeFormatter.cs: 21db6b05cfeb66cb0e0b65e44585475d -> 
  custom:scripting/monoscript/fileName/IBuildContent.cs: 985433c3d816b7fe3356ac6fdd88a9c1 -> 
  custom:scripting/monoscript/fileName/MetadataTypeFilterBlock.cs: 1bff0ccf759564feaa35b99a044dc6fc -> 
  custom:scripting/monoscript/fileName/ExportCharacterSetWindow.cs: 706a16bf0fdb4ea73952c05b012a340b -> 
  custom:scripting/monoscript/fileName/AddressableReadOnlyAttribute.cs: 914c40d4b7e39c112d1393ac0c92b23a -> 
  custom:scripting/monoscript/fileName/PlatformUtilities.cs: 235a1dc9d5a05ec2d866fa311b4cb464 -> 
  custom:scripting/monoscript/fileName/AudioPairTableEditor.cs: 5491ca35bb6d1d629a8478693b9a5df0 -> 
  custom:scripting/monoscript/fileName/UnityWebRequestOperation.cs: 48ce9539f5ab38dbacd1aa0c1352711a -> 
  custom:scripting/monoscript/fileName/AudioPairTable.cs: 1bc6fd0b97b7c9be79518bc0a2fe2b11 -> 
  custom:scripting/monoscript/fileName/ITaskReporter.cs: 222334d27bb058e41592f4c2006132eb -> 
  custom:scripting/monoscript/fileName/TMP_Style.cs: 22d5739edd705d10f980250dcfd7fde0 -> ecc9948baa78373f3076151d1a0642d9
  custom:scripting/monoscript/fileName/xliff-core-1.2-strict.cs: 8f8a4b34cd31e442f3d19a26c24a463a -> 
  custom:scripting/monoscript/fileName/BuildScriptFastMode.cs: 256d014c225478a7ec3003a9ee45d090 -> 
  custom:scripting/monoscript/fileName/StringTableAnalyzeRule.cs: cd9668db3501f87c8d1ec3d7a16e492a -> 
  custom:scripting/monoscript/fileName/UsingGetLocatorInfo.cs: cc431c9ece90188d6cf534e6d841e634 -> 
  custom:scripting/monoscript/fileName/IStartupLocaleSelector.cs: 1c3b752196ad5a776a2ef5b5042697d8 -> 
  custom:scripting/monoscript/fileName/IBuildParameters.cs: 5444d4b7b91f8f230014e0b0f1d671dc -> 
  custom:scripting/monoscript/fileName/SharedTableEntryMetadata.cs: ab49a003f9af305c9b3d04a6d04dc314 -> 
  custom:scripting/monoscript/fileName/TMP_EditorPanelUI.cs: 6242af713a75147e6e5820bfce936424 -> 0c3fb43855adf1da22258c211d01a47d
  custom:scripting/monoscript/fileName/TableCreatorWindow.cs: f8c90f1bf06a3d3de09d0a7e3859c7e7 -> 
  custom:scripting/monoscript/fileName/GameViewLanguageMenu.cs: a7160950e4f733f1fe6340f3228ae820 -> 
  custom:scripting/monoscript/fileName/CacheEntry.cs: 184ec4582c6a111a6d76b26e9882d8ac -> 
  custom:scripting/monoscript/fileName/CalculateCustomDependencyData.cs: 60157e862b4f285cab819b205d1dcc68 -> 
  custom:scripting/monoscript/fileName/RawWriteOperation.cs: 0c25d4a5522f2e528b1c316a8854d37d -> 
  custom:scripting/monoscript/fileName/ManagedReferenceReorderableList.cs: 41ad29151b9c5ce20ec75e81245fce8d -> 
  custom:scripting/monoscript/fileName/TMP_InputField.cs: 8fed3480abb5543168012b207b39349b -> f7712ab842984f124274656d749eca3d
  custom:scripting/monoscript/fileName/TMP_Sprite.cs: e9945527ea1584af23f8f41ce4b844b4 -> 0ee3c386846aa132dd254421fac18cd1
  custom:scripting/monoscript/fileName/IKeyColumn.cs: 79b90bf87dc0f5620ceddf74ee199492 -> 
  custom:scripting/monoscript/fileName/IObjectDependencyData.cs: dab6b9b0a9d3dcde7acff38a7870ced5 -> 
  custom:scripting/monoscript/fileName/MetadataEditorWindow.cs: cad4bf49e0b8fe49b1c0aa5bc922ea2e -> 
  custom:scripting/monoscript/fileName/TMP_StyleSheet.cs: b6deb5f646a1f5ad7b696d32618ba797 -> de73099b6bd4b9281c92feedf1315618
  custom:scripting/monoscript/fileName/HostingServicesAddServiceWindow.cs: fd26c6703e93923a6040252fecaaecbe -> 
  custom:scripting/monoscript/fileName/PostScriptsCallback.cs: 1cec4066ff38f9052245bd85d91b727c -> 
  custom:scripting/monoscript/fileName/LocalizationEditorSettings.cs: fd3346c7d0ae3496cbe7d6a7d180b00c -> 
  custom:scripting/monoscript/fileName/TypicalCharacterSets.cs: 158b906e5ccaddc8b9ac8690d853b22c -> 
  custom:scripting/monoscript/fileName/AddressableAssetsSettingsGroupTreeView.cs: e5fe57585b0651fd01ff393bdf3e4f20 -> 
  custom:scripting/monoscript/fileName/HelpBoxFactory.cs: 8007e8c2f011b397a306593d77e7fd78 -> 
  custom:scripting/monoscript/fileName/LocalesProviderPropertyDrawer.cs: 410e8623c05c065334f8cc6b2bac7fa2 -> 
  custom:scripting/monoscript/fileName/AnalyzeSystem.cs: 128a795ef9670825919b4f5f7818fe78 -> 
  custom:scripting/monoscript/fileName/IResourceProvider.cs: 4e1072087895f7cf2b9fc9e8f681e3cf -> 4b4333faac1f035dca79aa7cb63380b6
  custom:scripting/monoscript/fileName/LocalizationTableCollectionEditor.cs: 01365640e81e8681ffc9814ec8dd8195 -> 
  custom:scripting/monoscript/fileName/IDeterministicIdentifiers.cs: 9fdfcaea74e444a0ad0fcc5b015d955f -> 
  custom:scripting/monoscript/fileName/HostingServicesListTreeView.cs: fafbbca9718fb186abd5a1dc67d1b847 -> 
  custom:scripting/monoscript/fileName/DataBuilderInterfaces.cs: f6426747b57e0f131c6179da6223d701 -> 
  custom:scripting/monoscript/fileName/TMP_PackageUtilities.cs: 029634ff6f667ebc9454d70fde4def50 -> 89e6e95503dd36070edf73e7aaab4557
  custom:scripting/monoscript/fileName/xliff 2.0.cs: 30fa30c8e08fe9ef4314fb2fc5848498 -> 
  custom:scripting/monoscript/fileName/Preferences.cs: fba8ce962f5e3675d075778c4ebed9d6 -> cf725cfda81f82351c3aee08fa8d5584
  custom:scripting/monoscript/fileName/RibbonButton.cs: cc35a659d75241a4e5c50fbc2cece8eb -> 
  custom:scripting/monoscript/fileName/TrackedProperty.cs: 508ed3c5178ba76c746242bd2b5c1dc4 -> 
  custom:scripting/monoscript/fileName/TrackedRectTransform.cs: 65c684135cad645572386a557a068ac4 -> 
  custom:scripting/monoscript/fileName/TMP_GlyphPairAdjustmentRecordPropertyDrawer.cs: 6f07d27e8ea91e29d6bd5f39dd8deb23 -> 1a07941369755af9e0a102a45e9058c5
  custom:scripting/monoscript/fileName/BuildUtility.cs: d01ca5585045ab5318364299e9827882 -> 
  custom:scripting/monoscript/fileName/BuildLauncher.cs: cd7a196a81bca174893f01effa5aecb0 -> 
  custom:scripting/monoscript/fileName/GroupResolverPropertyDrawer.cs: 0b84353927d25e3b6e72076ffc57bce9 -> 
  custom:scripting/monoscript/fileName/TupleExtensions.cs: 0d0a32df9be1ebf54d307c2e175b88e2 -> 
  custom:scripting/monoscript/fileName/VariantsPropertyDriver.cs: ff6aea2deb08c94e58b6323ef3d34b77 -> 
  custom:scripting/monoscript/fileName/AddressableAssetGroupInspector.cs: 3e935212b2fe26486c64b69f39071ac1 -> 
  custom:scripting/monoscript/fileName/CustomLocaleUIWindow.cs: 65a011f1fdcba5bf5771440fddc532e8 -> 
  custom:scripting/monoscript/fileName/IProgressTracker.cs: 59e48e9e64fc66dccd13c436990f26d1 -> 
  custom:scripting/monoscript/fileName/AddressableAssetsWindow.cs: 0ae5a5fe93f233918ab0953c3f43b6da -> 
  custom:scripting/monoscript/fileName/TMP_TextUtilities.cs: f68f97869f24792bf3a3694d69de955c -> aab2855e68416a0a1f2f8904059662aa
  custom:scripting/monoscript/fileName/ConditionalFormatter.cs: 895bd49ad724385e40df5d6f9aabba65 -> 
  custom:scripting/monoscript/fileName/Format.cs: de08f5ed5d2e8d37c71b0489b189a365 -> 
  custom:scripting/monoscript/fileName/LocalizationAssetPostProcessor.cs: 80d768316432a39b5991aad7b0205bce -> 
  custom:scripting/precompiled-assembly-types:Unity.ResourceManager: dcae2e51a059ff7053ed772bcbf9d489 -> 
  custom:scripting/monoscript/fileName/TMP_Dropdown.cs: 39f6048c754db30f2da2ea32254db16b -> ecea2f8babcb40d207d2e73158251f60
  custom:scripting/monoscript/fileName/GraphColors.cs: b18f36856baf49a6bf6d17a60891f129 -> 
  custom:scripting/monoscript/fileName/ParsingErrorEventArgs.cs: 31da2adfcbb342c0c0ef59f997401c41 -> 
  custom:scripting/monoscript/fileName/UsingLog.cs: d5de52935d92bb442d2ef04d5e9271ed -> 
  custom:scripting/monoscript/fileName/TMP_CharacterInfo.cs: d2593478681404ce2cbd40e4e2f8a6d3 -> c840ce0b0aa6c1faafb27b3b884b2328
  custom:scripting/monoscript/fileName/AutoAudioUnloader.cs: 513f6b594b03bf8e03858d518ff7cf69 -> 
  custom:scripting/monoscript/fileName/InstantiateAsset.cs: d44163c265bd65961687c7dda9c2b771 -> 
  custom:scripting/monoscript/fileName/IInstanceProvider.cs: c17f61cab582aae12b8e4f575653001d -> 
  custom:scripting/monoscript/fileName/Placeholder.cs: 6a4eed5553844ea901ffaf78dc84c413 -> 
  custom:scripting/monoscript/fileName/UsingLoadResourceLocations.cs: 458ff006fff4b677bd0ca5eae559f67a -> 
  custom:scripting/monoscript/fileName/ContentCatalogProvider.cs: b67cced6bdcda88e8bc8bafba1751ea9 -> 
  custom:scripting/monoscript/fileName/PlayerDataGroupSchema.cs: 6e16a3fdc8daa841ada1b85209f744f7 -> 
  custom:scripting/monoscript/fileName/XliffVersionPopup.cs: 8a43694b088606d76c6fb1f0c1689872 -> 
  custom:scripting/monoscript/fileName/LocaleColumns.cs: e9f25c1e29e738b9449f417f45396960 -> 
  custom:scripting/monoscript/fileName/AddressableAssetsBuildContext.cs: 356f5b7afbbe4f9d6ac7c932081259f2 -> 
  custom:scripting/monoscript/fileName/LinearPackedIdentifiers.cs: f2ab3362c1bcc1efe300438e2ca25a9c -> 
  custom:scripting/monoscript/fileName/CommonStrings.cs: c37303b8ea4b24be7afe89e3c1f096f3 -> 
  custom:scripting/monoscript/fileName/LocaleGeneratorWindow.cs: 799b2eeb79e01d5c89a29f1931eadc0b -> 
  custom:scripting/monoscript/fileName/RevertUnchangedAssetsToPreviousAssetState.cs: 460b548d6d2a27380a55b9d51aa2a91b -> 
  custom:scripting/monoscript/fileName/TMP_ListPool.cs: 8f6297df34271fdb1ce2d9607ec6261d -> 90647cc400823b41df847a6cbfc29026
  custom:scripting/monoscript/fileName/AddressableAssetBuildSettings.cs: c644429e8088e25eab8e9c6c7473dd16 -> 
  custom:scripting/monoscript/fileName/ContentUpdateScript.cs: 15966d4e73e1ff0eeef8a7e41df54762 -> 
  custom:scripting/monoscript/fileName/UpdateCatalogsOperation.cs: 22a4d3f0567324ebd120b6c47114c414 -> 
  custom:scripting/monoscript/fileName/PreloadWithProgress.cs: ea27ff46b79180ee449915c2e16c4bde -> 
  custom:scripting/monoscript/fileName/UsingLoadContentCatalog.cs: 38bd95a6b4ed2cb3d62efb083ed7d0db -> 
  custom:scripting/monoscript/fileName/AddressableAssetProfileSettings.cs: a6f00f6a629984367397b66ab11cf3e3 -> 
  custom:scripting/monoscript/fileName/ReorderableListExtended.cs: f9dc20a256c63e7f71735f925435c80b -> 
  custom:scripting/monoscript/fileName/KeyColumn.cs: 33384a623481627b39333b7f9937771e -> 
  custom:scripting/monoscript/fileName/UsingAddResourceLocator.cs: b4d8932cd48c7c3120bb8c3c860610b2 -> 
  custom:scripting/monoscript/fileName/LocalizedAsset.deprecated.cs: 90647cc400823b41df847a6cbfc29026 -> 
  custom:scripting/monoscript/fileName/MaterialReferenceManager.cs: eaedc912311d98c6b58e199f6250c848 -> c970e86594a0f568cbda548f2d4462c1
  custom:scripting/monoscript/fileName/UsingReleaseInstance.cs: c3c16d0bb36b247436faab1f884133c7 -> 
  custom:scripting/monoscript/fileName/LocalizedAssetPropertyDrawer.cs: 0bc5cc3a2b9703285d7c19793be376fc -> 
  custom:scripting/monoscript/fileName/SearchBridge.cs: 9fb5fd48519d03f863661aeae4f73963 -> 
  custom:scripting/monoscript/fileName/AssetSettingsAnalyzeTreeView.cs: 8dce9d91b61072395655d33d05e5ffbc -> 
  custom:scripting/monoscript/fileName/ITextPreProcessor.cs: 28ed6b2ca482997555fb0291bd20c40d -> a7aa94de5d5bfce2bdd74516315faaf2
  custom:scripting/monoscript/fileName/DetailsView.cs: 0b2675f54fd32b068a74f7e2e7734c07 -> 
  custom:scripting/monoscript/fileName/LocalizedReference.cs: a4da1644d2be6fb8c401848c449fae25 -> 
  custom:scripting/monoscript/fileName/LocalizedDatabase.cs: 93d371750c467e037c3ea038199d85e7 -> 
  custom:scripting/monoscript/fileName/CcdFolder.cs: 56722f7ecef4cc8e5c97ffaca6ab3b01 -> 
  custom:scripting/monoscript/fileName/CsvExtension.cs: b6375f38b3cb7554695596b1d78363bd -> 
  custom:scripting/monoscript/fileName/EditorStylesBridge.cs: 39a26f78cf8152891f3ac69835b6c9c8 -> 
  custom:scripting/monoscript/fileName/AnalyzeRuleGUI.cs: 60c2d04e6f960fbcbfd16cc17b8c19ff -> 
  custom:scripting/monoscript/fileName/ResourceProfilerWindow.cs: ca7d053306b5efbb5532faf2f4cfbabb -> 
  custom:scripting/monoscript/fileName/InitializationOperation.cs: f766b1fa87a066b35ffd7343731b6422 -> 
  custom:scripting/monoscript/fileName/BuildPlayerScripts.cs: 0f2fc29cfe25da306bd11569a87e99c9 -> 
  custom:scripting/monoscript/fileName/LocalizedStringProperty.cs: 0dbcb3bcf93b4b40f6e44a93a74938b4 -> 
  custom:scripting/monoscript/fileName/TMPro_EditorShaderUtilities.cs: 1203fb3feabf58cb81d888055364f838 -> f4cbef9348a73d49f1efb8d10ff07bf0
  custom:scripting/monoscript/fileName/DetailedLocalizationTable.cs: e69c025ad3e441f8e81e685cf7c38fee -> 
  custom:scripting/monoscript/fileName/TrackedObjectPropertyDrawer.cs: a6f38ecf4a34c8c6184c9ff9c6048b2e -> 
  custom:scripting/monoscript/fileName/BuildReportUtility.cs: 9673d408d6a745435383c0b5a61feac8 -> 
  custom:scripting/monoscript/fileName/CharacterSubstitutor.cs: a3af0b13571126405796e2f0e61ab276 -> 
  custom:scripting/monoscript/fileName/BuildWriteData.cs: 2cea0300b77fdbda33a3d90a3f600b08 -> 
  custom:scripting/monoscript/fileName/TableReferenceField.cs: 90647cc400823b41df847a6cbfc29026 -> 
  custom:scripting/monoscript/fileName/GlyphMetricsPropertyDrawer.cs: dd0833870bcea17556e6d67c750c6ffc -> 438b07e6eae795dab04c32f51ac4e752
  custom:scripting/monoscript/fileName/UsingInitializationOperation.cs: c3576808e14df573c7f940fafadca68f -> 
  custom:scripting/monoscript/fileName/AddressableAssetSettingsDefaultObject.cs: e7981c910f66dfbaf031c8ce8716e4f6 -> 
  custom:scripting/monoscript/fileName/Exceptions.cs: 412c401d1d396e1eee18cd9d9cc157b8 -> 
  custom:scripting/monoscript/fileName/LocalizeComponent_TMP.cs: e74f7f49c0b247f0cb4e02447fd7e9cc -> 
  custom:scripting/monoscript/fileName/EventGraphListView.cs: de869ea95eb3694d669a2710037bb50e -> 
  custom:scripting/monoscript/fileName/LoadSingle.cs: 880778b8117824ff44060799dd352fa2 -> 
  custom:scripting/monoscript/fileName/TableEntryData.cs: c809fff9973eeaf8b3c0d60d64b44264 -> 
  custom:scripting/monoscript/fileName/BuildLogger.cs: 43407796209bdb1c93ac5513c6439a81 -> 
  custom:scripting/monoscript/fileName/StringTableCollection.cs: 91ea2e4f7264f29a38e8e63e38c552de -> 
  custom:scripting/monoscript/fileName/AddressableAssetGroupSchemaTemplate.cs: d73ce95c2dfc9b4c0fde34851827da9b -> 
  custom:scripting/monoscript/fileName/SerializedPropertyExtensionMethods.cs: eaadf892f506a66fdf1e59610f3c67d5 -> 
  custom:scripting/monoscript/fileName/LocalizeComponent_UGUI.cs: d9dfd7c3f9441d9575953ba2de5e352e -> 
  custom:scripting/monoscript/fileName/TemplateFormatter.cs: bd24e4ce648e0cae429703c2987d84c5 -> 
  custom:scripting/monoscript/fileName/DiagnosticEvent.cs: 702c10d90db28a97fd0e8756d49db9b4 -> 
  custom:scripting/monoscript/fileName/LazyLoadExtendedExtensionMethods.cs: 34b6f5275913b9315afb87731e0bef09 -> 
  custom:scripting/monoscript/fileName/PreloadDatabaseOperation.cs: 90647cc400823b41df847a6cbfc29026 -> 
  custom:scripting/monoscript/fileName/GraphUtility.cs: 5afa00e65f4919d2ebe25a22961b605f -> 
  custom:scripting/monoscript/fileName/BuildSpriteData.cs: c829088ed78bbbb541c4780bcaac9f9e -> 
  custom:scripting/monoscript/fileName/FormattingInfo.cs: 97c0019ac7f765994c01cec0c82dd548 -> 
  custom:scripting/monoscript/fileName/Resources.cs: 806710d1bdd119505abf56504728557f -> 
  custom:scripting/monoscript/fileName/ContentUpdateGroupSchema.cs: 9e1cb9fabd3acb0df685aad9daf99311 -> 
  custom:scripting/monoscript/fileName/VirtualAssetBundle.cs: 403fdc42b77beb8d4211956d924af8e5 -> 
  custom:scripting/monoscript/fileName/SheetColumn.cs: b060370ca277620b00a8ec2a4a511a7e -> 
  custom:scripting/monoscript/fileName/IBuildCache.cs: b89b6b1c01287101de59d979a61eafa2 -> 
  custom:scripting/monoscript/fileName/DownloadError.cs: 4dad68064f707b99c6cb17716b913a42 -> 
  custom:scripting/monoscript/fileName/TMP_DefaultControls.cs: 1798ee96b3c83cf7d4cea690bb04976a -> 2673e29173eb9307fa53ee17c15332ed
  custom:scripting/monoscript/fileName/ResourceManagerConfig.cs: ba4b09dddabfb0a9908b831adcbc32da -> 
  custom:scripting/monoscript/fileName/AnalyzeWindow.cs: 789504cef1e343db279db2e1f608d50e -> 
  custom:video-encoder-webm-vp8: eb34c28f22e8b96e1ab97ce403110664 -> 
  custom:scripting/monoscript/fileName/AddressableAssetGroupSchema.cs: f12b9ab2aa4369c69d27273911963f33 -> 
  custom:scripting/monoscript/fileName/Locale.cs: de079f249b2a545788fb6d622412cf5f -> 
  custom:scripting/monoscript/fileName/ProfilerGUIUtilities.cs: 9c89115069c1afd29c613975c9a7c8eb -> 
  custom:scripting/monoscript/fileName/UsingPlayerBuildDataPath.cs: 8d88572d1e8a5540293b9d7c23c70a94 -> 
  custom:scripting/monoscript/fileName/TextWriterOutput.cs: c32c39b26b374c5d343f12e35db736e1 -> 
  custom:scripting/monoscript/fileName/DrivenPropertyManagerBridge.cs: d9cb7d8f01ffda0720c60ebedad5c7cc -> 
  custom:scripting/monoscript/fileName/SerializedTableEntryReference.cs: 311909d971b38dba9189d907c651eae6 -> 
  custom:scripting/monoscript/fileName/InstantiateReference.cs: 5403c206232c9aa90255e8ff74156031 -> 
  custom:scripting/monoscript/fileName/TMP_RichTextTagsCommon.cs: d28b21b13d6cea8fa92671f9a2a1f20d -> 5462d55f8a9ad882f9a7f2d708a6978b
  custom:scripting/monoscript/fileName/SystemLanguageConverter.cs: 4ce0159e20d0344be52acc58a00aac29 -> 
  custom:scripting/monoscript/fileName/FormatterBase.cs: ac96c2e5e2c31f72cb7ad539f401004c -> 
  custom:scripting/monoscript/fileName/TMPro_ExtensionMethods.cs: 3d34decc871f763d4c9c61f1fe0f3275 -> 479bffcc157b89693ffc4c2ef2374861
  custom:scripting/monoscript/fileName/ContextInjector.cs: be93aa05045a7a9adf91118021d7b9ef -> 
  custom:scripting/monoscript/fileName/IWriteOperation.cs: f992fc85bf839520185f31965947c71e -> 
  custom:scripting/monoscript/fileName/AssetInspectorGUIGroupsPopup.cs: e9a72325a30971ea3216354ca740e9b2 -> 
  custom:scripting/monoscript/fileName/AssetTableAnalyzeRule.cs: b7d94fe7a477914ec39421bc6fba7655 -> 
  custom:scripting/monoscript/fileName/SceneManagerState.cs: e96ca7b00cc9f087dfa5c0ffb14a37cd -> 
  custom:scripting/monoscript/fileName/ChooseFormatter.cs: 2802a0dc2450f4871bf8f9a1b2dcee6d -> 
  custom:audio-decoder-ogg-vorbis: bf7c407c2cedff20999df2af8eb42d56 -> 
  custom:scripting/monoscript/fileName/AssetReference.cs: 76bfbd8e294384c1c347c42399db9e07 -> 
  custom:scripting/monoscript/fileName/SwitchToBuildPlatform.cs: 302951eb00ef533a7f8d4e2af60b1dbb -> 
  custom:scripting/monoscript/fileName/GraphLayerBarChart.cs: 9f45f25191c95d5d2d84bd14688552c7 -> 
  custom:scripting/monoscript/fileName/Addressables.cs: 97005ecac3074f5b10ed915cd71e993c -> 
  custom:scripting/monoscript/fileName/AddressableAssetsSettingsGroupEditor.cs: f02f24c2afc8e3ef10c44d1e2d8d3575 -> 
  custom:scripting/monoscript/fileName/ArchiveAndCompressBundles.cs: a4f30b836ec7f461da7b1d8eed932e91 -> 
  custom:scripting/monoscript/fileName/PersistentVariablesSource.cs: 8a70f7886f76a206427f418e50501067 -> 
  custom:scripting/monoscript/fileName/LoadSubAssetOperation.cs: 90647cc400823b41df847a6cbfc29026 -> 
  custom:scripting/monoscript/fileName/GlobalVariableGroupList.cs: 4adc0a16a89245e475f8582d24717b1b -> 
  custom:scripting/monoscript/fileName/GenericAssetTableListView.cs: 90647cc400823b41df847a6cbfc29026 -> 
  custom:scripting/monoscript/fileName/ToggleTextExpansionButton.cs: 5e3a0de12eedaf7424fcfabba9691241 -> 
  custom:scripting/monoscript/fileName/TMPro_MeshUtilities.cs: 183dd3a7e1b70c109767dd5059a390dd -> 2237d160e4d9e81a7d899dc235029cb3
  custom:scripting/monoscript/fileName/IOutput.cs: dcaf05008d78c70ba61a8639cc3b5711 -> 
  custom:scripting/monoscript/fileName/TMP_Compatibility.cs: d5209fd9c6a9aef9cccdbfb4f06bd571 -> 3ef1f12d3c823dd740c7c596ab076c61
  custom:scripting/monoscript/fileName/MD4.cs: 78155ea9dc73b12fc02ca5bf12ab1a89 -> eb4100b4258ba66e68a6a8330d8ed4cc
  custom:scripting/monoscript/fileName/UsingLogError.cs: ca406f2ea6e5002a045b82d1fc9232ac -> 
  custom:scripting/monoscript/fileName/BuildReportListView.cs: 63024c384c55ce2d78218c30fa5b3286 -> 
  custom:scripting/monoscript/fileName/PersistentVariablesSourcePropertyDrawer.cs: 46668d182d929b302b9563cdac758c5d -> 
  custom:scripting/monoscript/fileName/SceneBundleWriteOperation.cs: 32514961e31a58db7f78c6fb8757c75f -> 
  custom:scripting/monoscript/fileName/ProviderOperation.cs: 359d3d2b7bdb2b25c440e8dd34d4c52f -> 
  custom:scripting/monoscript/fileName/ExcludeEntryFromExport.cs: 93a8a763d3ee02fc66a054b5ecfa4bf3 -> 
  custom:scripting/monoscript/fileName/LocalizationUtility.cs: 77205f56ebf7b2c2c25226cea761cbe7 -> 
  custom:scripting/monoscript/fileName/UsingLoadAsset.cs: b4c715f94f7120e3a57ccf73f3acea26 -> 
  custom:scripting/monoscript/fileName/IBuildLog.cs: 543b8847c6c9094f2d90357f2bde8b30 -> 
  custom:scripting/monoscript/fileName/UsingLogWarningFormat.cs: 76e1ccaff1c5450ad15b234ead0ba335 -> 
  custom:scripting/monoscript/fileName/AddressablesFileEnumeration.cs: bfb1f2c5ec676ce8d74e0463cda8b6f5 -> 
  custom:scripting/monoscript/fileName/TrackedObject.cs: 89213e9c6163fc9594e69e0dedf28a31 -> 
  custom:scripting/monoscript/fileName/GraphLayerBase.cs: cd1b1c7dea284c43bb00c40801ef69b4 -> 
  custom:scripting/monoscript/fileName/LocaleMetadataColumn.cs: 90647cc400823b41df847a6cbfc29026 -> 
  custom:scripting/monoscript/fileName/AssetPreviewBridge.cs: 35d3a0194ac9daf6d1ce948bec112bc6 -> 
  custom:scripting/monoscript/fileName/PreloadTablesOperation.cs: 90647cc400823b41df847a6cbfc29026 -> 
  custom:scripting/monoscript/fileName/TMP_SpriteAssetImportFormats.cs: 3cc56654a2015a96112916e9636fbe6f -> 920e3140228fbd530b0080254da22d88
  custom:scripting/monoscript/fileName/TMP_StyleAssetMenu.cs: d695e815510410a6715fa00ae5e73f57 -> 60e7743122a0686d1131101c521adac6
  custom:scripting/monoscript/fileName/TreeViewPopupWindow.cs: 71d9604f98dc014c52ef050cea09ecac -> 
  custom:scripting/monoscript/fileName/TMP_MaterialManager.cs: 1382feee688fee3eebaa5e9d7b47e98d -> 441d72ec3c04a8da6a351f60fff95465
  custom:scripting/monoscript/fileName/TMP_SpriteAsset.cs: b46309090c7f7da519ff6ef3172bd077 -> 8d06882cb45c7664f8d7c3079ee8757f
  custom:scripting/monoscript/fileName/SmartFormatter.cs: f34bc06594bdee80b269e19401b8aba4 -> 
  custom:scripting/monoscript/fileName/ProjectTablesPopup.cs: 28979e04f31961051c293d0adc51f576 -> 
  custom:scripting/monoscript/fileName/LocalizationBehaviour.cs: ded1320009016dccf0810e1c4ac54017 -> 
  custom:scripting/monoscript/fileName/IAssetRepresentationData.cs: 4fd3029c6ddc21ad01839cd63f7e8552 -> 
  custom:scripting/monoscript/fileName/UsingLoadAssetAsync.cs: 4ef31e1080fb85ec99c3382efec38d20 -> 
  custom:scripting/monoscript/fileName/KeyDataStore.cs: e3ad8b8f65521a454232ae6811a3b1bc -> 
  custom:scripting/monoscript/fileName/UsingCheckForCatalogUpdates.cs: cf1b4ffef81add1b9bd84a09f743af6e -> 
  custom:scripting/monoscript/fileName/ProfileValueReferenceDrawer.cs: 55f45d707eb32511a816eb67b4ca9229 -> 
  custom:scripting/monoscript/fileName/SmartFormatFieldIMGUI.cs: 5ca4ec6f7bfd8dd8d129196f194fe833 -> 
  custom:scripting/monoscript/fileName/AppendBundleHash.cs: 4b529c191f72e41deab5ef0b8d08bb2f -> 
  custom:scripting/monoscript/fileName/StringTableTreeViewItem.cs: c2ef9e1e64fa3773990769ae8703336d -> 
  custom:scripting/monoscript/fileName/AssetTableSearchProvider.cs: 17c3a703a89bde1dba6d6fafae9f82b0 -> 
  custom:scripting/monoscript/fileName/AudioPairTableWindow.cs: 98ddd05ada109e01fa341d326004cdcb -> 
  custom:scripting/monoscript/fileName/DrivenPropertyManagerInternalBridge.cs: c95964264208278c2ccee835a9bfa282 -> 
  custom:scripting/monoscript/fileName/LoadAllTablesOperation.cs: 90647cc400823b41df847a6cbfc29026 -> 
  custom:scripting/monoscript/fileName/UsingWebRequestOverride.cs: 2570c5e52dda08ad8a88e55c106f50b0 -> 
  custom:scripting/monoscript/fileName/GoogleSheetsExtension.cs: 5ae28c2872b3af918161cc445fb051a2 -> 
  custom:scripting/monoscript/fileName/EventViewerWindow.cs: 0be55eecbc915a9e2f41a2c41614b95a -> 
  custom:scripting/monoscript/fileName/AddressablesGUIUtility.cs: 323b19d259de4b8820765598e616714a -> 
  custom:scripting/monoscript/fileName/UsingDownloadDependencies.cs: 72cd3c673f0557b6751dd905b9872c3a -> 
  custom:scripting/monoscript/fileName/BinaryDataProvider.cs: a67f6d13810a8d73b44b9863e23d9ba0 -> 
  custom:scripting/monoscript/fileName/Serializer.cs: 6c1de1ff1b6b7616ec79b8ee1445add4 -> d7df1b97d0a3bd0bb98fd4d2d5bf5d29
  custom:scripting/monoscript/fileName/CheckSceneDupeDependencies.cs: c529005c08ddbfa31e634028937294c1 -> 
  custom:scripting/monoscript/fileName/IUpdateReceiver.cs: 48a33d839dac2a0f5c36263c421e463f -> 
  custom:scripting/monoscript/fileName/PseudoLocale.cs: 89e00a147380d9660dd1acc9b2196105 -> 
  custom:scripting/monoscript/fileName/SceneProvider.cs: 9b94da4a27e1351d1df6f2660fe324dc -> 
  custom:scripting/monoscript/fileName/AddExceptionHandler.cs: 814677db171e6aa3b4f0d7ef90229201 -> 
  custom:scripting/monoscript/fileName/BuildReportWindow.cs: a4e7973ca496740ebc9c115609f390ab -> 
  custom:scripting/monoscript/fileName/ReflectionSource.cs: 2c2fec5f34edfaf76e30e5e42c4d817a -> 
  custom:scripting/monoscript/fileName/ResourceProviderBase.cs: 62af7bda013206a02f2f9452cb0f8989 -> 
  custom:scripting/monoscript/fileName/GenerateBundlePacking.cs: e605bef1aeac04a952cb03f12b7d1b74 -> 
  custom:scripting/monoscript/fileName/Message.cs: 8a00dcc181642c768fc9c0486848903e -> 671a789acb2c7a93d0b620fe02979957
  custom:scripting/monoscript/fileName/PlayerPrefLocaleSelector.cs: 57def7a4fa3fa350e1b2df42e4784a68 -> 
  custom:scripting/monoscript/fileName/IFormattingInfo.cs: eb6d66d2caa614850a46e5daee9b3fc9 -> 
  custom:scripting/monoscript/fileName/TrackedEnumPropertyDrawer.cs: 0d5b1f0b77d16341d3a3f220fa7fa80e -> 
  custom:scripting/monoscript/fileName/LocalizedMonoBehaviour.cs: b61bb657e1c1e576571aa984fb302c97 -> 
  custom:scripting/monoscript/fileName/LocaleAnalyzeRule.cs: 88d6e40d85d4012e906e1ff810d3f034 -> 
  custom:scripting/monoscript/fileName/LocalizeStringEventEditor.cs: ccc27b38b192df11d9a2e4fb41d73621 -> 
  custom:scripting/monoscript/fileName/UsingGetDownloadSize.cs: d7599184ac35f048ee27a6210da6d7b2 -> 
  custom:scripting/monoscript/fileName/PlatformOverridePropertyDrawer.cs: e15681ffcd48f420737aa7371edcb885 -> 
  custom:scripting/monoscript/fileName/AssetReferenceDrawer.cs: 56a8795a444b37848d7999c44498794e -> 
  custom:scripting/monoscript/fileName/UnityObjectProperty.cs: 138114858cc3ac5d0de2078604fa267c -> 
  custom:scripting/monoscript/fileName/AssetAddress.cs: ac3b37217f24e8586278346d04e09cd2 -> 
  custom:scripting/monoscript/fileName/TMP_ResourcesLoader.cs: f71e35ced40721d6906e578fb6e7f0e9 -> 6f1f07799f3cfe795f955033c27f98ed
  custom:scripting/monoscript/fileName/CustomTrackedObject.cs: af5778b1246d0271acd70b951188544a -> 
  custom:scripting/monoscript/fileName/JsonSerializerTrackedObject.cs: 25de30db3ebb70fea4e5431a54bc409d -> 
  custom:scripting/monoscript/fileName/GenerateBundleMaps.cs: 9a1c9e701ac353a3e9f794fda78e0a1c -> 
  custom:scripting/monoscript/fileName/SceneStateCleanup.cs: 31db7f5f98e9a1c904a3b9e4c43aa24b -> 
  custom:scripting/monoscript/fileName/ProfileValueReference.cs: 60d7ef76945b04b56b4eafa354becd13 -> 
  custom:scripting/monoscript/fileName/RectExtensionMethods.cs: 15af90487df8dce9a257f973d6071802 -> 
  custom:scripting/monoscript/fileName/IconInfo.cs: 160b44f0d2216696ea49867ccf2eee94 -> 
  custom:scripting/monoscript/fileName/WaitForCurrentOperationAsyncOperationBase.cs: 90647cc400823b41df847a6cbfc29026 -> 
  custom:scripting/monoscript/fileName/AddressableAssetsSettingsLabelMaskPopup.cs: 15c3e60ed1f77da6c3de9dac046fb5c1 -> 
  custom:scripting/monoscript/fileName/CheckBundleDupeDependencies.cs: 374cdc2cc7c535d6809152f40c9a103c -> 
  custom:scripting/monoscript/fileName/ChainOperation.cs: 0cdf409b5aa8d4c25876d72b5c6a3b60 -> 
  custom:scripting/monoscript/fileName/DictionarySource.cs: 6f2a4bb590769345849b98dce1c07d12 -> 
  custom:scripting/monoscript/fileName/ITrackedProperty.cs: d983a936c99019a5c13fe4389682bea5 -> 
  custom:scripting/monoscript/fileName/ExporterWindow.cs: c09c3c995fa1f5bf53a1d19b5bc49001 -> 
  custom:scripting/precompiled-assembly-types:Unity.Localization.Editor: 5d2eeb14fb4858f024baf04ba6fb74ee -> 
  custom:scripting/monoscript/fileName/PseudoLocaleEditor.cs: 5289cf8f68b1016d5c16283efbb5b50e -> 
  custom:scripting/monoscript/fileName/IWriteData.cs: f2a238486c9cc3a5a9e531c07d54f232 -> 
  custom:scripting/monoscript/fileName/SubStringFormatter.cs: d27127dcdcff3d6a6bf91ad24976fb03 -> 
  custom:scripting/monoscript/fileName/GetTableEntryOperation.cs: 90647cc400823b41df847a6cbfc29026 -> 
  custom:scripting/monoscript/fileName/IResourceLocator.cs: b2e0cb99edb7f8acdfb948f7c5abcc89 -> 
  custom:scripting/monoscript/fileName/TMP_FontFeaturesCommon.cs: 89ff6ee76bb6f84827488d597e70ea5a -> 7d1db71d73353e7dd97f094c509882fa
  custom:scripting/monoscript/fileName/TMP_LineInfo.cs: 22ff02e7762110d3cc1f4bc096ea014d -> bb529d63c9723788bd7143f27cd69eaf
  custom:scripting/monoscript/fileName/LoginManager.cs: 3cc846c0f24614c9b07317b57418305e -> 
  custom:scripting/monoscript/fileName/LocalizedTablePropertyDrawer.cs: 0cdf409b5aa8d4c25876d72b5c6a3b60 -> 
  custom:scripting/monoscript/fileName/DirectoryUtility.cs: 7f3417d7d989e1073b51cdd50e2a0ba7 -> 
  custom:scripting/monoscript/fileName/WriteSerializedFiles.cs: 9c94ef6dac7108c5c9e0e92e832d5652 -> 
  custom:scripting/monoscript/fileName/BuildInterfacesWrapper.cs: aeca1257cd6ce17b667e21eeaeaba2db -> 
  custom:scripting/monoscript/fileName/VirtualAssetBundleRuntimeData.cs: 0f082cd849e6c61750c94fcc2e75e117 -> 
  custom:scripting/monoscript/fileName/ExtractDataTask.cs: a844ae830f3f5df3fb6c54ab468ddace -> 
  custom:scripting/monoscript/fileName/UsingRelease.cs: fca514b803887fb50a72e60e2edc6e73 -> 
  custom:scripting/monoscript/fileName/TMP_EditorPanel.cs: 0bd13db7cdfa07805bfadd631c0ddba8 -> 0631f68be4ca0623bf3e313ec9becbc9
  custom:scripting/monoscript/fileName/GraphDefinition.cs: e09273cb36df8ae7a46262b1952f3139 -> 
  custom:scripting/monoscript/fileName/DrivenPropertyDrawer.cs: 3773c3ef1ab8d93199226a119bcb112f -> 
  custom:scripting/monoscript/fileName/BinaryAssetProvider.cs: 90647cc400823b41df847a6cbfc29026 -> 
  custom:scripting/monoscript/fileName/Parser.cs: 082be29f569b7794c0c835c3d0290420 -> 
  custom:audio-encoder-webm-vorbis: bf7c407c2cedff20999df2af8eb42d56 -> 
  custom:scripting/monoscript/fileName/AssetBundleProvider.cs: a2949b4b16d373cfbf19d37cfdd11a8e -> 
  custom:scripting/monoscript/fileName/PreloadLocaleOperation.cs: 90647cc400823b41df847a6cbfc29026 -> 
  custom:scripting/monoscript/fileName/PersistentVariables.cs: a29cf4f8582da36b7e154c7f132e1839 -> 
  custom:scripting/monoscript/fileName/GroupOperation.cs: eee591da54a0f1ae36170f745e49c05d -> 
  custom:scripting/monoscript/fileName/LocalizedTable.deprecated.cs: 90647cc400823b41df847a6cbfc29026 -> 
  custom:scripting/monoscript/fileName/SearchStringFilters.cs: 4d7d8cf372189e17e866e05056276254 -> 
  custom:scripting/monoscript/fileName/TMP_BaseShaderGUI.cs: 2c2d4519754bb0c1dd0a107014b7ac8a -> 25118693f24c47c8a4b530b8bff26574
  custom:scripting/precompiled-assembly-types:Unity.InternalAPIEditorBridge.013: 2e95a84cb14aa75935ceeef900c171f9 -> 
  custom:scripting/monoscript/fileName/ThreadingManager.cs: c9fc7fb2e109a60745bd85a84c04e0b5 -> 
  custom:scripting/monoscript/fileName/TMP_SpriteAssetImporter.cs: 06875a6ac5102e58811218e1c5dd33ca -> 675c97d72afe988872a20f51812f7cdf
  custom:scripting/precompiled-assembly-types:Unity.Addressables.Editor: aa5183db1b9e86b063a06692248915d1 -> 
  custom:scripting/monoscript/fileName/MetadataValueFilterBlock.cs: 728f7b5fd4a16a2f63dfdd883d114e84 -> 
  custom:scripting/monoscript/fileName/BatchBuild.cs: cb06cec2249dcc7ac18c058e4b636f70 -> 
  custom:scripting/monoscript/fileName/ResourceLocationBase.cs: c3b5405c2e1e395381cef3d25640b4e4 -> 
  custom:scripting/monoscript/fileName/HostingServicesProfileVarsTreeView.cs: 7040c45d43d56a2a8ef4e6bdf18397e9 -> 
  custom:scripting/monoscript/fileName/LocalizedString.deprecated.cs: 545d485f0d4cb8821426c1d8631e66cc -> 
  custom:scripting/monoscript/fileName/MyRule.cs: fb081a8469f2db0c39e3ac021d0dc386 -> 
  custom:scripting/monoscript/fileName/TMP_SpriteAssetEditor.cs: 7dcaf47692799a91aa4e5cd439bc54d0 -> 8a42af05e85c0eed4128787976375b45
  custom:scripting/monoscript/fileName/SmartFormatTag.cs: 49a58b809bfff90c1dbbe4e12f7694dd -> 
  custom:scripting/monoscript/fileName/SerializationUtilities.cs: 8523441720eefd3a9494773eae726d9f -> 
  custom:scripting/monoscript/fileName/UsingClearResourceLocators.cs: 1faddf31e673301b425e2bd25a50715e -> 
  custom:scripting/monoscript/fileName/CustomDataBuilder.cs: d4b12c0fd8df55a189b353b991138263 -> 
  custom:scripting/monoscript/fileName/AssetLabelReferenceDrawer.cs: 62d02ad89b50d7ddfa94ad44619ed980 -> 
  custom:scripting/monoscript/fileName/AssetTableCollection.cs: 200f3008c9a542f1c46cce8de2b79cd9 -> 
  custom:scripting/monoscript/fileName/LocalizationSettingsEditor.cs: ac806a0ff0f97756d81f4b98267cefa6 -> 
  custom:scripting/monoscript/fileName/AddressableAssetsSettingsGroupEditorBuildMenu.cs: 130a166dfa91c0f499acbf93389ff033 -> 
  custom:scripting/precompiled-assembly-types:Unity.Localization: 4e068a755772d41f32e96febce1f3552 -> 
  custom:scripting/monoscript/fileName/IKeyGenerator.cs: 04122a5aea0cd6145cf09059544820d6 -> 
  custom:scripting/monoscript/fileName/StringOutput.cs: 64b5890aa803dd45d41b02c6ac0b392e -> 
  custom:scripting/monoscript/fileName/LoadWithIEnumerator.cs: 6b5b2bfd5ab0c2df9042f945ab9629fb -> 
  custom:scripting/monoscript/fileName/PathHelper.cs: cca02ea342dcb7479a5c2bbb3155289d -> 
  custom:scripting/monoscript/fileName/TMP_Character.cs: 2bff3626198e4d2228876f1e687078e0 -> 015720458ea991fbf07357eae19532db
  custom:scripting/monoscript/fileName/ExpanderPropertyDrawer.cs: 7d57d078f9777aae981799ba11cb1e11 -> 
  custom:scripting/monoscript/fileName/LiteralText.cs: 238c4ad82942ff5223bb3f444aca907f -> 
  custom:scripting/monoscript/fileName/PluralRules.cs: ecd3e05bf1b0b0dbb1bc5e1c512d3cd8 -> 
  custom:scripting/monoscript/fileName/VirtualBundledAssetProvider.cs: 1ca7323a85935ccecc1db16d28a14120 -> 
  custom:scripting/monoscript/fileName/TMP_SubMesh.cs: ff760a824537d48706351b95c8d4be21 -> 9fd75270af40187985e5c14cc85ebe42
  custom:scripting/monoscript/fileName/DataNotReadyException.cs: af9f2b47c960fba1b52f58b39c3a3a06 -> 
  custom:scripting/monoscript/fileName/EditorApplicationBridge.cs: 4838f56bab35576c09073dc719618c40 -> 
  custom:scripting/monoscript/fileName/IHostingService.cs: 6c8a878c5b16abcf226c43968fb38da8 -> 
  custom:scripting/monoscript/fileName/MainToolbar.cs: 8739d65579e16d3b3d50df04262a997b -> 162e661b90bc0601e328b0d9c9a85d04
  custom:scripting/monoscript/fileName/BuildDependencyData.cs: e86421eb6cd5a56c2f29fe865b6f6634 -> 
  custom:scripting/monoscript/fileName/AddressableAssetPostProcessor.cs: 65b31ffd1109616e5262d25a0e44e378 -> 
  custom:scripting/monoscript/fileName/UpgradeNotifications.cs: 8eb227a30469cc47fdcd13ad04b25121 -> 
  custom:scripting/monoscript/fileName/CompatibilityBuildPipeline.cs: facf82cb07a5c10c38b56a00da8757a5 -> 
  custom:scripting/monoscript/fileName/ResourceLocationMap.cs: eab26fa0984b2b8a6831e68cfc17f3ba -> 
  custom:scripting/monoscript/fileName/CheckCatalogsOperation.cs: b8f50d313d9537eebcb562d1a1693d53 -> 
  custom:scripting/precompiled-assembly-types:Assembly-CSharp: 2cbfae8b666d71ad3616fa756119a2ed -> 23d2d55aeb5a6b7315fcf0fa9120d6a2
  custom:scripting/monoscript/fileName/LoadLocation.cs: 943ae4c59d7798dc2bd5ffe4030f1aed -> 
  custom:scripting/monoscript/fileName/ReorderableList.cs: f23c68ce60a5ee883b1eed9588e9f992 -> 
  custom:scripting/monoscript/fileName/IKeyEvaluator.cs: 15673ccb00d128582325262f9311b111 -> 
  custom:scripting/monoscript/fileName/AddressablesPlayerBuildProcessor.cs: 339cbfdfac0ee359959e3c1a4e5d66bc -> 
  custom:scripting/monoscript/fileName/LegacyResourcesLocator.cs: 1678ad496fbbc5650c83b00a5a066deb -> 
  custom:scripting/monoscript/fileName/SmartFormatPools.cs: 0fb1c53ee68649c64d53ebdc9d790b71 -> 
  custom:scripting/monoscript/fileName/TMP_CoroutineTween.cs: d4d869f6662b40274a62453f83c8a425 -> 76849b8d6d4ce499ad8ffee762e4a4af
  custom:scripting/monoscript/fileName/PropertyDriver.cs: 90647cc400823b41df847a6cbfc29026 -> 
  custom:scripting/monoscript/fileName/SummaryRowBuilder.cs: ae93d6fed5d1ace44616875d65c4ce3c -> 
  custom:scripting/monoscript/fileName/TextDataProvider.cs: 43da5cf6551caea5e5114202822256d1 -> 
  custom:scripting/monoscript/fileName/ContentView.cs: c5b21a5d97cadc9ebbc0786a1877a5f2 -> 
  custom:scripting/monoscript/fileName/PrefColorBridge.cs: 4b8a7315c32333dcad0ab9f3a80ef3e3 -> 
  custom:scripting/monoscript/fileName/TMP_SpriteAnimator.cs: 126f1482d1430ed8648c2a6d8d693c6d -> bf3a797c3a059d3698e93e0031d7f11c
  custom:scripting/monoscript/fileName/TrackedTMP.cs: 3592e536161fa52aa0cba484edfc962e -> 
  custom:scripting/monoscript/fileName/IHostingServiceConfigurationProvider.cs: 37331473e3b10d53f8c2add9b2dc2b74 -> 
  custom:scripting/monoscript/fileName/LocalizedAssetTablePropertyDrawer.cs: 6694eed7cf606fe0cc7a863fc35764fb -> 
  custom:scripting/monoscript/fileName/DetailsUtility.cs: e1ed09368c21eefa172da4935add5590 -> 
  custom:scripting/monoscript/fileName/ILocationSizeData.cs: 9c09ebefcc2fd90fa5c432a2f1587b32 -> 
  custom:scripting/monoscript/fileName/CalculateAssetDependencyData.cs: 3543034cff244684ebe2b35b7e56cabb -> 
  custom:scripting/monoscript/fileName/Unity5PackedIdentifiers.cs: 2fef534b6f5a3f203548e50e8ca6fb59 -> 
  custom:scripting/monoscript/fileName/TMP_TextProcessingStack.cs: ef8795fce16f80562f220a2f8bcb6bd2 -> 6146dd1b7f9b90aa342ef9794e387c23
  custom:scripting/monoscript/fileName/GenericAssetTableTreeViewItem.cs: 90647cc400823b41df847a6cbfc29026 -> 
  custom:scripting/monoscript/fileName/StringExtensionMethods.cs: ec17f54a0baf43b7c074b0b35d3c40cb -> 
  custom:scripting/monoscript/fileName/ListExtensions.cs: 2566c9ffe9b9ebef9fddcc01c241e5f5 -> 
  custom:scripting/monoscript/fileName/UndoScope.cs: 22d6187a56d2bb6c10b344c07086931e -> edd459ea79c55637022a87b73545d8bd
  custom:scripting/monoscript/fileName/GlobalInitialization.cs: 046d98a1828b7f01ca857827b787db79 -> 
  custom:scripting/monoscript/fileName/TMP_InputValidator.cs: e99335724872b7fcd0e5352c682debe0 -> 5e0d679d98dae60baa87977011e0ed51
  custom:scripting/monoscript/fileName/DocumentationButton.cs: f4751b253ed0c3ae139c749a6af03e34 -> 
  custom:scripting/monoscript/fileName/EditorAddressablesInterface.cs: fb76fcddd9fcb861ef7e652fc11e047a -> 
  custom:scripting/monoscript/fileName/LabeledLabel.cs: 959706a9c53386f4c2ee27b4a2a0ba56 -> 
  custom:scripting/monoscript/fileName/TMP_SelectionCaret.cs: ed141b1915a10b9c7ff9136666b54ee9 -> d2a06fefe973175bffa10d62f788c481
  custom:scripting/monoscript/fileName/BuildLayoutPrinter.cs: 4318a3b2efdd745a52f83fe7236e7651 -> 
  custom:scripting/monoscript/fileName/LoadWithAddress.cs: f4fac7b896ac829ea2afe53028d9c65e -> 
  custom:scripting/monoscript/fileName/UsingInternalIdTransformFunc.cs: e63346d65e0e7f2f71398f7aa2f7468a -> 
  custom:scripting/monoscript/fileName/Preload.cs: 93368eba8de2f7459546ec623b443886 -> 
Editor requested this worker to shutdown with reason: Scaling down because of idle timeout
TcpMessagingSession - receive error: operation aborted. errorcode: 995, details: 스레드 종료 또는 응용 프로그램 요청 때문에 I/O 작업이 취소되었습니다.
AssetImportWorker is now disconnected from the server
Process exiting
Exiting without the bug reporter. Application will terminate with return code 0